OverallQual,GrLivArea,Neighborhood,YearBuilt,YearRemodAdd,OverallCond,TotalBsmtSF,BsmtFinSF1,1stFlrSF,2ndFlrSF,GarageCars,GarageArea,GarageType,GarageFinish,GarageYrBlt,FullBath,HalfBath,TotRmsAbvGrd,KitchenQual,ExterQual,BsmtQual,BsmtExposure,Fireplaces,FireplaceQu,LotArea,LotFrontage,MSSubClass,MSZoning,HouseStyle,OpenPorchSF,SalePrice
7,1710,CollgCr,2003,2003,5,856,706,856,854,2,548,Attchd,RFn,2003.0,2,1,8,Gd,Gd,Gd,No,0,Npfireplace,8450,65.0,60,RL,2Story,61,208500
6,1262,Veenker,1976,1976,8,1262,978,1262,0,2,460,Attchd,RFn,1976.0,2,0,6,TA,TA,Gd,Gd,1,TA,9600,80.0,20,RL,1Story,0,181500
7,1786,CollgCr,2001,2002,5,920,486,920,866,2,608,Attchd,RFn,2001.0,2,1,6,Gd,Gd,Gd,Mn,1,TA,11250,68.0,60,RL,2Story,42,223500
7,1717,Crawfor,1915,1970,5,756,216,961,756,3,642,Detchd,Unf,1998.0,1,0,7,Gd,TA,TA,No,1,Gd,9550,60.0,70,RL,2Story,35,140000
8,2198,NoRidge,2000,2000,5,1145,655,1145,1053,3,836,Attchd,RFn,2000.0,2,1,9,Gd,Gd,Gd,Av,1,TA,14260,84.0,60,RL,2Story,84,250000
5,1362,Mitchel,1993,1995,5,796,732,796,566,2,480,Attchd,Unf,1993.0,1,1,5,TA,TA,Gd,No,0,Npfireplace,14115,85.0,50,RL,1.5Fin,30,143000
8,1694,Somerst,2004,2005,5,1686,1369,1694,0,2,636,Attchd,RFn,2004.0,2,0,7,Gd,Gd,Ex,Av,1,Gd,10084,75.0,20,RL,1Story,57,307000
7,2090,NWAmes,1973,1973,6,1107,859,1107,983,2,484,Attchd,RFn,1973.0,2,1,7,TA,TA,Gd,Mn,2,TA,10382,80.0,60,RL,2Story,204,200000
7,1774,OldTown,1931,1950,5,952,0,1022,752,2,468,Detchd,Unf,1931.0,2,0,8,TA,TA,TA,No,2,TA,6120,51.0,50,RM,1.5Fin,0,129900
5,1077,BrkSide,1939,1950,6,991,851,1077,0,1,205,Attchd,RFn,1939.0,1,0,5,TA,TA,TA,No,2,TA,7420,50.0,190,RL,1.5Unf,4,118000
5,1040,Sawyer,1965,1965,5,1040,906,1040,0,1,384,Detchd,Unf,1965.0,1,0,5,TA,TA,TA,No,0,Npfireplace,11200,70.0,20,RL,1Story,0,129500
9,2324,NridgHt,2005,2006,5,1175,998,1182,1142,3,736,BuiltIn,Fin,2005.0,3,0,11,Ex,Ex,Ex,No,2,Gd,11924,85.0,60,RL,2Story,21,345000
5,912,Sawyer,1962,1962,6,912,737,912,0,1,352,Detchd,Unf,1962.0,1,0,4,TA,TA,TA,No,0,Npfireplace,12968,70.0,20,RL,1Story,0,144000
7,1494,CollgCr,2006,2007,5,1494,0,1494,0,3,840,Attchd,RFn,2006.0,2,0,7,Gd,Gd,Gd,Av,1,Gd,10652,91.0,20,RL,1Story,33,279500
6,1253,NAmes,1960,1960,5,1253,733,1253,0,1,352,Attchd,RFn,1960.0,1,1,5,TA,TA,TA,No,1,Fa,10920,73.0,20,RL,1Story,213,157000
7,854,BrkSide,1929,2001,8,832,0,854,0,2,576,Detchd,Unf,1991.0,1,0,5,TA,TA,TA,No,0,Npfireplace,6120,51.0,45,RM,1.5Unf,112,132000
6,1004,NAmes,1970,1970,7,1004,578,1004,0,2,480,Attchd,Fin,1970.0,1,0,5,TA,TA,TA,No,1,TA,11241,73.0,20,RL,1Story,0,149000
4,1296,Sawyer,1967,1967,5,0,0,1296,0,2,516,CarPort,Unf,1967.0,2,0,6,TA,TA,NoBasement,NoBasement,0,Npfireplace,10791,72.0,90,RL,1Story,0,90000
5,1114,SawyerW,2004,2004,5,1114,646,1114,0,2,576,Detchd,Unf,2004.0,1,1,6,Gd,TA,TA,No,0,Npfireplace,13695,66.0,20,RL,1Story,102,159000
5,1339,NAmes,1958,1965,6,1029,504,1339,0,1,294,Attchd,Unf,1958.0,1,0,6,TA,TA,TA,No,0,Npfireplace,7560,70.0,20,RL,1Story,0,139000
8,2376,NridgHt,2005,2006,5,1158,0,1158,1218,3,853,BuiltIn,RFn,2005.0,3,1,9,Gd,Gd,Ex,Av,1,Gd,14215,101.0,60,RL,2Story,154,325300
7,1108,IDOTRR,1930,1950,7,637,0,1108,0,1,280,Attchd,Unf,1930.0,1,0,6,Gd,TA,TA,No,1,Gd,7449,57.0,45,RM,1.5Unf,0,139400
8,1795,CollgCr,2002,2002,5,1777,0,1795,0,2,534,Attchd,RFn,2002.0,2,0,7,Gd,Gd,Gd,No,1,Gd,9742,75.0,20,RL,1Story,159,230000
5,1060,MeadowV,1976,1976,7,1040,840,1060,0,2,572,Attchd,Unf,1976.0,1,0,6,TA,TA,Gd,No,1,TA,4224,44.0,120,RM,1Story,110,129900
5,1060,Sawyer,1968,2001,8,1060,188,1060,0,1,270,Attchd,Unf,1968.0,1,0,6,Gd,TA,TA,Mn,1,TA,8246,70.0,20,RL,1Story,90,154000
8,1600,NridgHt,2007,2007,5,1566,0,1600,0,3,890,Attchd,RFn,2007.0,2,0,7,Gd,Gd,Gd,No,1,Gd,14230,110.0,20,RL,1Story,56,256300
5,900,NAmes,1951,2000,7,900,234,900,0,2,576,Detchd,Unf,2005.0,1,0,5,Gd,TA,TA,Mn,0,Npfireplace,7200,60.0,20,RL,1Story,32,134800
8,1704,NridgHt,2007,2008,5,1704,1218,1704,0,3,772,Attchd,RFn,2008.0,2,0,7,Gd,Gd,Ex,No,1,Gd,11478,98.0,20,RL,1Story,50,306000
5,1600,NAmes,1957,1997,6,1484,1277,1600,0,1,319,Attchd,RFn,1957.0,1,0,6,TA,TA,TA,Gd,2,Gd,16321,47.0,20,RL,1Story,258,207500
4,520,BrkSide,1927,1950,6,520,0,520,0,1,240,Detchd,Unf,1920.0,1,0,4,Fa,TA,TA,No,0,Npfireplace,6324,60.0,30,RM,1Story,0,68500
4,1317,IDOTRR,1920,1950,4,649,0,649,668,1,250,Detchd,Unf,1920.0,1,0,6,TA,TA,TA,No,0,Npfireplace,8500,50.0,70,C (all),2Story,54,40000
5,1228,Sawyer,1966,2006,6,1228,0,1228,0,1,271,Attchd,Unf,1966.0,1,1,6,Gd,TA,TA,No,0,Npfireplace,8544,70.0,20,RL,1Story,65,149350
8,1234,CollgCr,2007,2007,5,1234,0,1234,0,2,484,Attchd,RFn,2007.0,2,0,7,Gd,Gd,Ex,Av,0,Npfireplace,11049,85.0,20,RL,1Story,30,179900
5,1700,NAmes,1959,1959,5,1398,1018,1700,0,2,447,Attchd,RFn,1959.0,1,1,6,Gd,TA,TA,No,1,Gd,10552,70.0,20,RL,1Story,38,165500
9,1561,NridgHt,2005,2005,5,1561,1153,1561,0,2,556,Attchd,Fin,2005.0,2,0,6,Ex,Ex,Ex,No,1,Gd,7313,60.0,120,RL,1Story,47,277500
8,2452,NridgHt,2004,2005,5,1117,0,1132,1320,3,691,BuiltIn,Fin,2004.0,3,1,9,Gd,Gd,Ex,Av,1,Gd,13418,108.0,60,RL,2Story,32,309000
5,1097,CollgCr,1994,1995,5,1097,0,1097,0,2,672,Attchd,Unf,1995.0,1,1,6,TA,TA,Gd,No,0,Npfireplace,10859,112.0,20,RL,1Story,64,145000
5,1297,NAmes,1954,1990,6,1297,1213,1297,0,2,498,Attchd,Fin,1954.0,1,0,5,TA,TA,TA,No,1,TA,8532,74.0,20,RL,1Story,0,153000
5,1057,NAmes,1953,2007,7,1057,731,1057,0,1,246,Detchd,Unf,1953.0,1,0,5,Gd,TA,TA,No,0,Npfireplace,7922,68.0,20,RL,1Story,52,109000
4,1152,Edwards,1955,1955,5,0,0,1152,0,0,0,NoGarage,NoGarage,0.0,2,0,6,Fa,TA,NoBasement,NoBasement,0,Npfireplace,6040,65.0,90,RL,1Story,0,82000
6,1324,NAmes,1965,1965,5,1088,643,1324,0,2,440,Attchd,RFn,1965.0,2,0,6,TA,TA,TA,No,1,TA,8658,84.0,20,RL,1Story,138,160000
5,1328,Timber,1959,1959,6,1350,967,1328,0,1,308,Attchd,RFn,1959.0,1,1,5,TA,TA,TA,Gd,2,Gd,16905,115.0,20,RL,1Story,104,170000
5,884,SawyerW,1983,1983,7,840,747,884,0,2,504,Attchd,RFn,1983.0,1,0,5,Gd,TA,Gd,Av,0,Npfireplace,9180,68.0,85,RL,SFoyer,0,144000
5,938,CollgCr,1975,1980,6,938,280,938,0,1,308,Detchd,Unf,1977.0,1,0,5,TA,TA,Gd,Av,0,Npfireplace,9200,69.0,20,RL,1Story,0,130250
5,1150,NAmes,1959,1959,6,1150,179,1150,0,1,300,Attchd,RFn,1959.0,1,0,6,TA,TA,TA,No,0,Npfireplace,7945,70.0,20,RL,1Story,0,141000
9,1752,NridgHt,2005,2005,5,1752,456,1752,0,2,576,Attchd,RFn,2005.0,2,0,6,Ex,Ex,Ex,No,1,Gd,7658,61.0,120,RL,1Story,82,319900
7,2149,Mitchel,2003,2003,5,1434,1351,1518,631,2,670,Attchd,RFn,2003.0,1,1,6,Gd,Gd,Ex,No,1,Ex,12822,48.0,50,RL,1.5Fin,43,239686
8,1656,Somerst,2006,2006,5,1656,24,1656,0,3,826,Attchd,RFn,2006.0,2,0,7,Gd,Gd,Gd,Av,0,Npfireplace,11096,84.0,20,FV,1Story,146,249700
4,1452,OldTown,1920,2008,5,736,0,736,716,0,0,NoGarage,NoGarage,0.0,2,0,8,TA,TA,TA,No,0,Npfireplace,4456,33.0,190,RM,2Story,0,113000
5,955,Sawyer,1966,1966,7,955,763,955,0,1,386,Attchd,Unf,1966.0,1,0,6,TA,TA,TA,No,0,Npfireplace,7742,66.0,20,RL,1Story,0,127000
6,1470,Gilbert,1997,1997,6,794,182,794,676,2,388,Attchd,Fin,1997.0,2,0,6,TA,TA,Gd,Av,0,Npfireplace,13869,65.0,60,RL,2Story,75,177000
6,1176,BrkSide,1934,1950,6,816,0,816,0,2,528,Detchd,Unf,1985.0,1,0,6,TA,TA,TA,No,1,Gd,6240,52.0,50,RM,1.5Fin,0,114500
5,816,IDOTRR,1963,1963,5,816,104,816,0,2,516,CarPort,Unf,1963.0,1,0,5,TA,Fa,Gd,Gd,0,Npfireplace,8472,110.0,90,RM,1Story,0,110000
9,1842,Veenker,1981,1987,5,1842,1810,1842,0,3,894,Attchd,Fin,1981.0,0,1,5,Gd,Gd,Ex,Gd,1,Gd,50271,68.0,20,RL,1Story,72,385000
5,1360,NAmes,1955,1955,5,384,384,1360,0,2,572,Detchd,Unf,1962.0,1,0,6,TA,TA,TA,No,1,TA,7134,60.0,80,RL,SLvl,50,130000
6,1425,NAmes,1964,1964,5,1425,490,1425,0,2,576,Attchd,RFn,1964.0,2,0,7,TA,TA,TA,No,1,Gd,10175,100.0,20,RL,1Story,0,180500
8,1739,Somerst,1999,2000,5,970,649,983,756,2,480,Attchd,Fin,1999.0,2,1,7,Gd,Gd,Gd,No,0,Npfireplace,2645,24.0,160,FV,2Story,0,172500
7,1720,CollgCr,2004,2004,5,860,0,860,860,2,565,Attchd,RFn,2004.0,2,1,7,Gd,Gd,Gd,No,0,Npfireplace,11645,89.0,60,RL,2Story,70,196500
10,2945,StoneBr,2006,2006,5,1410,0,1426,1519,3,641,BuiltIn,Fin,2006.0,3,1,10,Gd,Ex,Ex,Gd,1,Gd,13682,66.0,60,RL,2Story,0,438780
5,780,CollgCr,1972,1972,7,780,632,780,0,1,352,Detchd,Unf,1973.0,1,0,4,TA,TA,TA,Av,0,Npfireplace,7200,60.0,20,RL,1Story,0,124900
6,1158,SawyerW,2004,2004,5,1158,941,1158,0,2,576,Detchd,Unf,2006.0,1,1,5,Gd,TA,Gd,No,0,Npfireplace,13072,63.0,20,RL,1Story,50,158000
5,1111,IDOTRR,1920,1996,7,530,0,581,530,1,288,Detchd,Unf,1935.0,1,0,6,Fa,TA,TA,No,0,Npfireplace,7200,60.0,75,RM,2.5Unf,0,101000
8,1370,NridgHt,2006,2006,5,1370,24,1370,0,2,484,Attchd,RFn,2006.0,2,0,6,Gd,Gd,Gd,Mn,1,Gd,6442,44.0,120,RL,1Story,49,202500
7,1710,OldTown,1921,1950,6,576,0,902,808,2,480,Detchd,Unf,1990.0,2,0,9,TA,TA,TA,No,0,Npfireplace,10300,50.0,70,RM,2Story,11,140000
7,2034,CollgCr,1997,1998,5,1057,739,1057,977,2,645,Attchd,RFn,1998.0,2,1,8,Gd,TA,Gd,No,0,Npfireplace,9375,69.0,60,RL,2Story,36,219500
8,2473,NridgHt,2004,2005,5,1143,0,1143,1330,3,852,BuiltIn,RFn,2004.0,2,1,9,Gd,Gd,Ex,Av,1,Gd,9591,76.0,60,RL,2Story,151,317000
7,2207,NAmes,1970,1989,5,1947,912,2207,0,2,576,Attchd,RFn,1970.0,2,0,7,TA,TA,Gd,Gd,1,Gd,19900,73.0,20,RL,1Story,0,180000
7,1479,CollgCr,2003,2003,5,1453,1013,1479,0,2,558,Attchd,RFn,2003.0,2,0,7,Gd,Gd,Gd,Av,0,Npfireplace,10665,72.0,20,RL,1Story,29,226000
4,747,OldTown,1945,1950,6,747,0,747,0,1,220,Attchd,Unf,1945.0,1,0,4,TA,TA,TA,No,0,Npfireplace,4608,47.0,30,RM,1Story,0,80000
7,2287,ClearCr,1953,1953,4,1304,603,1304,983,2,667,Attchd,Fin,1953.0,2,0,7,TA,Gd,TA,No,1,TA,15593,81.0,50,RL,1.5Fin,21,225000
7,2223,NAmes,1973,1973,6,2223,1880,2223,0,2,516,Attchd,Fin,1973.0,2,0,8,TA,TA,Gd,Gd,2,Gd,13651,95.0,20,RL,1Story,0,244000
4,845,Mitchel,1982,2006,6,845,565,845,0,2,360,Detchd,Unf,1987.0,1,0,4,TA,TA,TA,No,0,Npfireplace,7599,69.0,20,RL,1Story,0,129500
7,1718,Gilbert,1998,1998,5,832,0,885,833,2,427,Attchd,Fin,1998.0,2,1,7,TA,TA,Gd,No,1,TA,10141,74.0,60,RL,2Story,94,185000
5,1086,NAmes,1954,2003,7,1086,320,1086,0,2,490,Attchd,Unf,1989.0,1,0,6,TA,TA,TA,No,0,Npfireplace,10200,85.0,20,RL,1Story,0,144900
3,1605,OldTown,1915,1950,6,840,0,840,765,1,379,Detchd,Unf,1915.0,2,0,8,TA,Gd,Fa,No,0,Npfireplace,5790,60.0,50,RM,2Story,0,107400
4,988,MeadowV,1973,1973,5,462,462,526,462,1,297,BuiltIn,Unf,1973.0,1,0,5,TA,TA,Gd,Gd,0,Npfireplace,1596,21.0,180,RM,SLvl,101,91000
4,952,NAmes,1956,1956,7,952,228,952,0,1,283,Detchd,Unf,1956.0,1,0,4,TA,TA,TA,No,0,Npfireplace,8475,73.0,20,RL,1Story,0,135750
5,1285,BrkSide,1948,2001,5,672,336,1072,213,1,240,Detchd,Unf,1948.0,1,0,6,TA,TA,TA,No,0,Npfireplace,8635,50.0,50,RM,1.5Fin,0,127000
4,1768,Sawyer,1968,1968,5,1768,0,1768,0,0,0,NoGarage,NoGarage,0.0,2,0,8,TA,TA,TA,No,0,Npfireplace,10778,72.0,90,RL,1Story,0,136500
5,1230,OldTown,1910,1981,6,440,0,682,548,2,440,Detchd,Unf,1966.0,1,1,5,TA,TA,TA,No,0,Npfireplace,10440,60.0,50,RM,2Story,0,110000
6,2142,NAmes,1968,1968,6,896,448,1182,960,1,509,Attchd,Fin,1968.0,2,1,8,Gd,TA,Gd,No,1,Gd,13000,100.0,60,RL,2Story,72,193500
6,1337,Mitchel,1998,1998,5,1237,1201,1337,0,2,405,Attchd,Fin,1998.0,2,0,5,TA,TA,Ex,No,0,Npfireplace,4500,32.0,120,RM,1Story,199,153500
8,1563,Somerst,2007,2007,5,1563,33,1563,0,3,758,Attchd,RFn,2007.0,2,0,6,Gd,TA,Gd,No,1,Gd,10206,78.0,20,RL,1Story,99,245000
5,1065,NAmes,1960,1960,5,1065,0,1065,0,2,461,Detchd,Unf,1974.0,1,1,6,TA,TA,TA,No,0,Npfireplace,8892,80.0,20,RL,1Story,0,126500
7,1474,Gilbert,1995,1996,5,384,0,804,670,2,400,BuiltIn,Fin,1995.0,2,1,7,TA,TA,Gd,No,1,TA,8530,65.0,80,RL,SLvl,72,168500
8,2417,NoRidge,1991,1992,5,1288,0,1301,1116,2,462,Attchd,Unf,1991.0,2,1,9,Gd,Gd,Gd,No,1,TA,16059,121.0,60,RL,2Story,82,260000
6,1560,Gilbert,2005,2005,5,684,0,684,876,2,400,BuiltIn,Fin,2005.0,2,1,6,Gd,Gd,Gd,Av,1,Gd,11911,122.0,60,RL,2Story,38,174000
6,1224,Somerst,2009,2009,5,612,0,612,612,2,528,Detchd,RFn,2009.0,2,1,4,Gd,Gd,Gd,Av,0,Npfireplace,3951,40.0,160,FV,2Story,234,164500
3,1526,IDOTRR,1915,1982,2,1013,0,1013,0,0,0,NoGarage,NoGarage,0.0,1,0,6,Fa,Fa,TA,No,0,Npfireplace,8470,105.0,50,C (all),1.5Fin,0,85000
4,990,CollgCr,1994,1995,5,990,588,990,0,0,0,NoGarage,NoGarage,0.0,1,0,5,TA,TA,Gd,No,0,Npfireplace,8070,60.0,20,RL,1Story,0,123600
4,1040,NAmes,1950,1950,5,0,0,1040,0,2,420,Detchd,Unf,1950.0,1,0,4,TA,TA,NoBasement,NoBasement,0,Npfireplace,7200,60.0,20,RL,1Story,29,109900
5,1235,NAmes,1961,1961,3,1235,600,1235,0,2,480,Attchd,Unf,1961.0,1,0,6,TA,TA,TA,No,0,Npfireplace,8500,85.0,20,RL,1Story,0,98600
5,964,Crawfor,1921,2006,7,876,713,964,0,2,432,Detchd,Unf,1921.0,1,0,5,TA,TA,Gd,No,0,Npfireplace,13360,80.0,30,RL,1Story,0,163500
6,2291,OldTown,1910,1998,6,1214,1046,1260,1031,2,506,Detchd,Unf,1900.0,2,0,9,TA,TA,TA,Mn,1,Gd,7200,60.0,190,C (all),2.5Unf,0,133900
6,1786,CollgCr,1997,1997,5,824,648,905,881,2,684,Attchd,RFn,1997.0,2,1,7,Gd,TA,Gd,No,0,Npfireplace,9337,69.0,60,RL,2Story,162,204750
6,1470,Gilbert,1993,1993,8,680,310,680,790,2,420,BuiltIn,Fin,1993.0,2,1,6,TA,Ex,Gd,No,1,TA,9765,65.0,60,RL,2Story,63,185000
7,1588,CollgCr,1999,1999,5,1588,1162,1588,0,2,472,Attchd,RFn,1999.0,2,0,6,Gd,Gd,Gd,Av,0,Npfireplace,10264,78.0,20,RL,1Story,29,214000
4,960,Edwards,1965,1965,5,960,520,960,0,1,432,Attchd,Fin,1965.0,1,0,6,TA,TA,TA,No,0,Npfireplace,10921,73.0,20,RL,1Story,0,94750
5,835,Edwards,1920,1950,5,458,108,835,0,1,366,Basment,Unf,1920.0,1,0,5,TA,TA,TA,No,0,Npfireplace,10625,85.0,30,RL,1Story,0,83000
4,1225,NAmes,1959,1959,5,950,569,1225,0,0,0,NoGarage,NoGarage,0.0,1,1,6,TA,TA,TA,No,0,Npfireplace,9320,77.0,20,RL,1Story,0,128950
6,1610,NWAmes,1977,2001,7,1610,1200,1610,0,2,480,Attchd,RFn,1977.0,2,0,6,Gd,TA,TA,Mn,2,TA,10603,80.0,20,RL,1Story,68,205000
6,1732,SawyerW,1985,1985,5,741,0,977,755,2,476,Attchd,Fin,1985.0,2,1,7,Gd,Gd,Gd,No,1,TA,9206,77.0,60,RL,2Story,46,178000
5,1535,SawyerW,1979,1979,5,0,0,1535,0,2,410,Attchd,Unf,1979.0,2,0,8,TA,TA,NoBasement,NoBasement,0,Npfireplace,7018,64.0,90,RL,1Story,0,118964
7,1226,CollgCr,2009,2009,5,1226,0,1226,0,3,740,Attchd,RFn,2009.0,2,0,6,Gd,TA,Gd,No,0,Npfireplace,10402,94.0,20,RL,1Story,36,198900
7,1818,IDOTRR,1931,1950,4,1040,224,1226,592,1,240,Detchd,Unf,1951.0,1,1,7,TA,TA,TA,No,2,TA,7758,60.0,50,RM,1.5Fin,0,169500
8,1992,Somerst,2003,2004,5,1053,0,1053,939,2,648,Attchd,RFn,2003.0,2,1,9,Gd,Gd,Ex,No,1,Gd,9375,75.0,60,FV,2Story,45,250000
4,1047,OldTown,1885,1995,7,641,0,1047,0,1,273,Detchd,Unf,1954.0,1,0,6,TA,TA,Fa,No,0,Npfireplace,10800,60.0,30,RM,1Story,0,100000
5,789,OldTown,1948,1950,5,789,104,789,0,1,250,Detchd,Unf,1948.0,1,0,5,TA,TA,TA,No,0,Npfireplace,6000,50.0,20,RM,1Story,0,115000
5,1517,IDOTRR,1919,2005,7,793,0,997,520,0,0,NoGarage,NoGarage,0.0,2,0,7,Fa,TA,TA,No,0,Npfireplace,8500,85.0,50,RM,1.5Fin,0,115000
6,1844,NWAmes,1977,1977,6,1844,705,1844,0,2,546,Attchd,RFn,1977.0,2,0,7,TA,TA,Gd,No,1,TA,11751,105.0,20,RL,1Story,122,190000
6,1855,Edwards,1954,1972,4,994,444,1216,639,1,325,Attchd,Unf,1954.0,2,0,7,TA,TA,TA,No,0,Npfireplace,9525,75.0,50,RL,1.5Fin,0,136900
7,1430,Gilbert,2000,2000,5,384,250,774,656,2,400,BuiltIn,Fin,2000.0,2,1,7,TA,TA,Gd,No,1,TA,7750,65.0,80,RL,SLvl,0,180000
7,2696,CollgCr,2007,2007,5,1264,984,1282,1414,3,792,BuiltIn,Fin,2007.0,2,1,10,Ex,Gd,Ex,Av,1,Gd,9965,77.0,60,RL,2Story,184,383970
6,2259,Crawfor,1953,1953,5,1809,35,2259,0,2,450,Basment,Unf,1953.0,2,0,7,Gd,TA,Gd,Mn,2,Gd,21000,66.0,20,RL,1Story,120,217000
6,2320,Crawfor,1945,2002,8,1028,774,1436,884,1,180,Detchd,Unf,1945.0,2,1,9,Gd,TA,TA,No,1,TA,7259,61.0,70,RL,2Story,0,259500
6,1458,Somerst,1999,1999,5,729,419,729,729,2,440,Detchd,Unf,1999.0,2,1,5,TA,TA,Gd,No,1,Fa,3230,34.0,160,FV,2Story,32,176000
5,1092,Sawyer,1962,1962,5,1092,170,1092,0,1,288,Attchd,Unf,1962.0,1,0,6,TA,TA,TA,No,1,Po,11616,70.0,20,RL,1Story,20,139000
5,1125,Edwards,2006,2007,5,1125,0,1125,0,2,430,Attchd,Unf,2007.0,1,1,5,TA,TA,Gd,No,0,Npfireplace,8536,74.0,20,RL,1Story,64,155000
7,3222,SawyerW,1990,1990,5,1673,1470,1699,1523,3,594,Attchd,Unf,1990.0,3,0,11,Gd,TA,Gd,Mn,2,TA,12376,90.0,60,RL,2Story,0,320000
6,1456,CollgCr,2005,2006,5,728,0,728,728,2,390,Attchd,Fin,2005.0,2,1,8,Gd,Gd,Gd,No,1,Gd,8461,65.0,60,RL,2Story,24,163990
6,988,ClearCr,1969,1969,5,938,938,988,0,2,540,Attchd,Unf,1969.0,1,0,4,TA,TA,TA,Gd,2,TA,21453,80.0,80,RL,SLvl,130,180000
4,1123,IDOTRR,1939,1950,5,732,0,772,351,1,264,Detchd,Unf,1979.0,1,0,4,TA,TA,TA,No,0,Npfireplace,6060,50.0,50,RM,1.5Fin,0,100000
6,1080,NAmes,1958,1958,7,1080,570,1080,0,1,288,Attchd,Unf,1958.0,1,0,5,TA,TA,TA,No,0,Npfireplace,9464,75.0,20,RL,1Story,0,136000
6,1199,SawyerW,1993,1993,5,1199,300,1199,0,2,530,Attchd,RFn,1993.0,2,0,5,Gd,Gd,Gd,No,0,Npfireplace,7892,55.0,120,RL,1Story,63,153900
6,1586,NWAmes,1979,1998,5,1362,0,1586,0,2,435,Attchd,Unf,1979.0,2,0,7,TA,TA,Gd,No,1,TA,17043,48.0,20,RL,1Story,0,181000
6,754,IDOTRR,1935,1982,8,520,490,520,0,0,0,NoGarage,NoGarage,0.0,1,0,5,TA,TA,TA,Av,0,Npfireplace,6780,60.0,190,RM,1.5Fin,0,84500
6,958,NPkVill,1976,1976,5,1078,120,958,0,2,440,Attchd,RFn,1977.0,2,0,5,TA,TA,Gd,No,1,TA,4928,24.0,120,RL,1Story,205,128000
5,840,OldTown,1930,1950,7,672,116,840,0,0,0,NoGarage,NoGarage,0.0,1,0,5,TA,TA,TA,No,1,TA,4388,55.0,45,RM,1.5Unf,0,87000
6,1348,NAmes,1966,1966,5,660,512,660,688,2,453,Attchd,RFn,1966.0,1,1,6,TA,TA,TA,No,1,Fa,7590,69.0,60,RL,2Story,108,155000
5,1053,NAmes,1958,1991,7,1008,567,1053,0,2,750,2Types,RFn,1998.0,1,1,6,Ex,TA,TA,No,0,Npfireplace,8973,69.0,20,RL,1Story,80,150000
7,2157,NAmes,1966,1966,6,924,445,1216,941,2,487,Attchd,Fin,1966.0,2,1,8,Gd,TA,TA,No,2,Gd,14200,88.0,60,RL,2Story,66,226000
6,2054,Gilbert,2000,2000,5,992,695,1022,1032,2,390,BuiltIn,RFn,2000.0,2,1,7,Gd,Gd,Gd,No,1,TA,12224,65.0,60,RL,2Story,48,244000
5,1327,NAmes,1959,2002,6,1063,405,1327,0,2,624,Detchd,Unf,1974.0,1,0,7,Gd,TA,TA,No,0,Npfireplace,7388,75.0,20,RL,1Story,0,150750
8,1296,Timber,2001,2002,5,1267,1005,1296,0,2,471,Attchd,Fin,2001.0,2,0,6,Gd,Gd,Ex,No,0,Npfireplace,6853,72.0,20,RL,1Story,25,220000
5,1721,Sawyer,1968,1993,6,1461,570,1721,0,2,440,Attchd,RFn,1968.0,2,1,7,TA,TA,TA,No,1,TA,10335,78.0,20,RL,1Story,96,180000
7,1682,NWAmes,1970,1970,6,1304,0,1682,0,2,530,Attchd,Unf,1970.0,2,0,7,TA,TA,TA,No,1,Gd,10400,80.0,20,RL,1Story,0,174000
5,1214,NAmes,1967,1967,5,1214,695,1214,0,1,318,Attchd,RFn,1967.0,2,0,5,TA,TA,TA,No,1,Fa,10355,73.0,20,RL,1Story,111,143000
7,1959,Mitchel,1988,1989,5,1907,0,1959,0,3,766,2Types,Unf,1989.0,3,0,9,TA,TA,TA,No,0,Npfireplace,11070,82.0,90,RL,1Story,0,171000
8,1852,CollgCr,1999,2000,5,1004,668,1004,848,3,660,Attchd,Fin,1999.0,2,1,7,Gd,Gd,Gd,Mn,2,TA,9066,73.0,60,RL,2Story,106,230000
6,1764,CollgCr,1997,1997,5,928,821,928,836,2,470,Attchd,RFn,1997.0,2,1,7,Gd,TA,Gd,No,0,Npfireplace,15426,65.0,60,RL,2Story,99,231500
4,864,NAmes,1971,1971,5,864,432,864,0,0,0,NoGarage,NoGarage,0.0,1,0,5,TA,TA,TA,No,1,Po,10500,70.0,20,RL,1Story,0,115000
7,1734,CollgCr,2005,2005,5,1734,1300,1734,0,2,660,Attchd,Fin,2005.0,2,0,7,Gd,Gd,Gd,Av,0,Npfireplace,11645,78.0,20,RL,1Story,24,260000
5,1385,NAmes,1952,1952,4,910,507,910,475,2,720,Detchd,Unf,2000.0,2,0,6,TA,TA,TA,No,0,Npfireplace,8520,71.0,50,RL,1.5Fin,0,166000
7,1501,CollgCr,1999,1999,5,1490,679,1501,0,2,577,Attchd,RFn,1999.0,2,0,6,Gd,Gd,Gd,Gd,0,Npfireplace,10335,78.0,20,RL,1Story,29,204000
5,1728,Sawyer,1963,1963,5,1728,1332,1728,0,2,504,Detchd,Unf,1963.0,2,0,10,TA,TA,TA,No,0,Npfireplace,9100,70.0,90,RM,1Story,0,125000
6,1709,Edwards,2004,2006,5,970,0,970,739,2,380,Detchd,Unf,2004.0,2,0,7,Gd,Gd,Gd,No,0,Npfireplace,2522,24.0,160,RM,2Story,40,130000
5,875,BrkSide,1931,1993,7,715,209,875,0,1,180,Detchd,Unf,1931.0,1,0,5,TA,TA,TA,No,0,Npfireplace,6120,51.0,30,RM,1Story,0,105000
7,2035,Gilbert,2001,2001,5,884,0,884,1151,2,434,BuiltIn,Fin,2001.0,2,1,8,Gd,Gd,Gd,No,1,Gd,9505,65.0,60,RL,2Story,48,222500
7,1080,SawyerW,2004,2005,5,1080,680,1080,0,0,0,NoGarage,NoGarage,0.0,1,0,6,Gd,TA,Gd,No,0,Npfireplace,7500,63.0,20,RL,1Story,0,141000
5,1344,BrkSide,1936,1950,4,896,0,896,448,1,240,Detchd,Unf,1936.0,1,0,7,TA,TA,Gd,No,0,Npfireplace,6240,51.0,50,RM,1.5Fin,114,115000
5,969,CollgCr,1975,1975,6,969,716,969,0,2,440,Attchd,Unf,1975.0,1,1,5,TA,TA,TA,Av,0,Npfireplace,10356,120.0,20,RL,1Story,0,122000
8,1710,NridgHt,2007,2008,5,1710,1400,1710,0,3,866,Attchd,RFn,2007.0,2,0,6,Gd,Gd,Ex,Gd,1,Gd,13891,107.0,20,RL,1Story,102,372402
6,1993,NWAmes,1971,1971,5,825,416,1097,896,2,495,Attchd,RFn,1971.0,2,1,8,TA,TA,TA,No,1,Gd,14803,80.0,60,RL,2Story,66,190000
6,1252,ClearCr,1960,1975,7,1602,429,1252,0,2,564,Attchd,RFn,1960.0,1,0,4,TA,TA,Gd,Gd,1,Gd,13500,80.0,20,RL,1Story,0,235000
6,1200,OldTown,1923,1950,5,1200,0,1200,0,1,312,Detchd,Unf,1923.0,1,0,7,TA,TA,TA,No,0,Npfireplace,11340,84.0,30,RM,1Story,0,125000
6,1096,Edwards,1924,1950,5,572,0,572,524,0,0,NoGarage,NoGarage,0.0,1,0,5,TA,TA,TA,No,0,Npfireplace,9600,60.0,50,RL,1.5Fin,8,79000
5,1040,NAmes,1950,1950,7,0,0,1040,0,2,625,Detchd,Unf,1950.0,1,0,5,TA,TA,NoBasement,NoBasement,0,Npfireplace,7200,60.0,20,RL,1Story,0,109500
8,1968,Timber,2009,2010,5,774,0,774,1194,3,680,BuiltIn,Fin,2009.0,2,1,8,Ex,Gd,Ex,No,1,Gd,12003,92.0,60,RL,2Story,75,269500
7,1947,Somerst,2004,2005,5,991,222,991,956,2,678,Attchd,RFn,2004.0,2,1,8,Gd,Gd,Gd,No,1,Gd,12552,100.0,60,FV,2Story,136,254900
7,2462,Gilbert,2005,2006,5,1392,57,1392,1070,2,576,Attchd,RFn,2006.0,2,1,9,Gd,Gd,Gd,Mn,1,Gd,19378,134.0,60,RL,2Story,132,320000
6,1232,Veenker,1984,1984,6,1232,660,1232,0,2,516,Attchd,Unf,1984.0,2,0,6,TA,TA,Gd,No,0,Npfireplace,11120,68.0,20,RL,1Story,0,162500
9,2668,NridgHt,2003,2004,5,1572,1016,1572,1096,3,726,BuiltIn,Fin,2003.0,2,1,10,Ex,Gd,Ex,Av,2,Gd,13688,110.0,60,RL,2Story,0,412500
7,1541,NridgHt,2005,2005,5,1541,1201,1541,0,2,532,Attchd,RFn,2005.0,2,0,7,Gd,Gd,Gd,Mn,1,Gd,12182,95.0,20,RL,1Story,70,220000
4,882,OldTown,1956,1956,6,882,0,882,0,0,0,NoGarage,NoGarage,0.0,1,0,4,TA,TA,TA,No,0,Npfireplace,5500,55.0,45,RL,1.5Unf,0,103200
6,1616,OldTown,1926,2004,7,1149,370,1149,467,1,216,Detchd,Unf,1926.0,2,0,5,Gd,TA,TA,Mn,0,Npfireplace,5400,40.0,40,RM,1Story,0,152000
5,1355,Edwards,1940,1999,7,644,351,808,547,0,0,NoGarage,NoGarage,0.0,2,0,6,TA,TA,TA,No,0,Npfireplace,10106,62.0,190,RL,1.5Fin,0,127500
5,1867,ClearCr,1955,1993,5,1617,379,1867,0,1,303,Attchd,Fin,1955.0,1,0,7,TA,Gd,TA,No,3,Gd,10708,80.0,20,RL,1Story,0,190000
8,2161,NridgHt,2007,2007,5,1582,1288,1610,551,3,789,Attchd,Fin,2007.0,1,1,8,Ex,Gd,Ex,No,1,Gd,10562,86.0,60,RL,2Story,120,325624
7,1720,Gilbert,2004,2004,5,840,0,840,880,2,440,Attchd,Fin,2004.0,2,1,7,Gd,Gd,Gd,No,1,Gd,8244,62.0,60,RL,2Story,48,183500
8,1707,Timber,1981,1981,6,1686,0,1707,0,2,511,Attchd,RFn,1981.0,2,1,6,TA,Gd,Gd,No,1,TA,16669,72.0,20,RL,1Story,64,228000
5,1382,OldTown,1941,1950,6,720,360,854,0,2,660,Detchd,Unf,1991.0,1,1,7,TA,TA,TA,No,0,Npfireplace,12358,60.0,50,RM,1.5Fin,0,128500
6,1656,NAmes,1960,1960,5,1080,639,1656,0,2,528,Attchd,Fin,1960.0,1,0,7,TA,TA,TA,Gd,2,Gd,31770,141.0,20,RL,1Story,62,215000
7,1767,StoneBr,1987,1987,7,1064,495,1064,703,2,504,Attchd,RFn,1987.0,2,0,5,Gd,Gd,Gd,No,1,TA,5306,44.0,160,RL,2Story,35,239000
6,1362,NAmes,1961,1961,5,1362,288,1362,0,2,504,Attchd,Unf,1961.0,1,1,6,TA,TA,TA,No,1,TA,10197,80.0,20,RL,1Story,20,163000
6,1651,Timber,1986,1986,5,1606,1398,1651,0,2,616,Attchd,Fin,1986.0,2,0,7,TA,TA,Gd,No,1,TA,12416,47.0,20,RL,1Story,0,184000
6,2158,Edwards,1950,2001,7,1202,477,2158,0,2,576,Attchd,Unf,1950.0,2,0,7,Gd,TA,TA,Av,1,Gd,12615,84.0,20,RL,1Story,29,243000
6,2060,ClearCr,1988,1989,5,1151,831,1164,896,2,521,Attchd,Unf,1988.0,2,1,8,TA,Gd,Gd,No,1,TA,10029,97.0,60,RL,2Story,228,211000
5,1920,Sawyer,1958,1958,5,1052,57,1252,668,2,451,Attchd,Unf,1958.0,2,0,8,Gd,Gd,TA,No,1,Gd,13650,70.0,50,RL,1.5Fin,0,172500
9,2234,StoneBr,2008,2009,5,2216,1904,2234,0,3,1166,Attchd,Fin,2009.0,2,0,9,Ex,Ex,Ex,No,1,Gd,17423,63.0,20,RL,1Story,60,501837
5,968,OldTown,1923,2006,6,968,0,968,0,2,480,Detchd,Unf,1935.0,1,0,5,TA,Gd,TA,No,0,Npfireplace,8520,60.0,30,RM,1Story,0,100000
6,1525,Somerst,2000,2000,5,756,436,769,756,2,440,Detchd,Unf,2000.0,2,1,5,Gd,Gd,Gd,No,1,TA,2117,72.0,160,FV,2Story,0,177000
7,1802,Crawfor,1920,1950,6,793,352,901,901,1,216,Detchd,Unf,1920.0,1,1,9,TA,TA,Fa,No,1,Gd,7588,54.0,70,RL,2Story,0,200100
5,1340,Edwards,1957,2006,6,0,0,1340,0,1,252,Attchd,RFn,1957.0,1,0,7,TA,TA,NoBasement,NoBasement,1,Gd,9060,60.0,20,RL,1Story,0,120000
7,2082,OldTown,2003,2003,5,1362,0,1362,720,2,484,Detchd,Unf,2003.0,2,1,6,Gd,TA,Gd,No,0,Npfireplace,11426,63.0,50,RM,1.5Fin,238,200000
5,1252,BrkSide,1908,1991,8,504,0,936,316,2,576,Attchd,Unf,1986.0,1,0,5,TA,TA,Fa,No,0,Npfireplace,7438,92.0,50,RL,1.5Fin,0,127000
10,3608,OldTown,1892,1993,9,1107,0,1518,1518,3,840,Detchd,Unf,1993.0,2,1,12,Ex,Gd,TA,Mn,2,TA,22950,90.0,75,RM,2.5Fin,260,475000
7,1217,Mitchel,1990,1991,5,1188,611,1217,0,2,497,Attchd,Unf,1990.0,2,0,6,Gd,TA,Gd,Av,0,Npfireplace,9947,75.5,80,RL,SLvl,27,173000
5,1656,OldTown,1916,1987,7,660,0,808,704,1,180,Detchd,Unf,1916.0,2,1,8,TA,TA,Fa,No,0,Npfireplace,10410,60.0,50,RL,1.5Fin,0,135000
5,1224,SawyerW,1979,1979,5,1086,1086,1224,0,2,528,Detchd,Unf,1979.0,0,2,6,TA,TA,Gd,Av,2,TA,7018,64.0,90,RL,SFoyer,0,153337
8,1593,StoneBr,2001,2002,5,1593,1153,1593,0,2,682,Attchd,Fin,2001.0,1,1,5,Ex,Gd,Ex,Av,1,Gd,4923,41.0,120,RL,1Story,120,286000
8,2727,Crawfor,1932,1994,8,853,297,1549,1178,2,440,Detchd,Unf,1932.0,2,1,10,Gd,Gd,Gd,No,2,TA,10570,70.0,70,RL,2Story,74,315000
7,1479,NAmes,1972,2004,9,725,626,725,754,2,484,Attchd,Fin,1972.0,1,1,7,Gd,TA,TA,No,0,Npfireplace,7472,73.0,60,RL,2Story,32,184000
7,1431,CollgCr,1999,1999,5,1431,560,1431,0,2,666,Attchd,Fin,1999.0,2,0,6,Gd,Gd,Gd,Av,0,Npfireplace,9017,68.0,20,RL,1Story,35,192000
7,1709,Edwards,2004,2004,5,970,0,970,739,2,380,Detchd,Unf,2004.0,2,0,7,Gd,Gd,Gd,No,0,Npfireplace,2522,24.0,160,RM,2Story,40,130000
5,864,CollgCr,1972,1972,7,864,390,864,0,1,352,Detchd,Unf,1989.0,1,0,5,TA,TA,TA,Av,0,Npfireplace,7180,60.0,20,RL,1Story,0,127000
6,1456,NPkVill,1976,1976,6,855,566,855,601,2,440,Attchd,Unf,1976.0,2,1,7,TA,TA,Gd,No,1,TA,2280,24.0,160,RL,2Story,0,148500
7,1726,Somerst,2007,2007,5,1726,1126,1726,0,3,786,Attchd,Fin,2007.0,2,0,8,Ex,Ex,Ex,No,1,Gd,9416,79.0,20,RL,1Story,138,311872
8,3112,NAmes,1918,1990,4,1360,1036,1360,1360,2,795,Detchd,Unf,1918.0,2,0,8,Gd,Gd,TA,No,1,Ex,25419,174.0,75,RL,2Story,16,235000
6,2229,OldTown,1912,1950,6,755,0,929,929,0,0,NoGarage,NoGarage,0.0,1,0,8,TA,TA,TA,No,0,Npfireplace,5520,92.0,75,RM,2.5Fin,198,104000
8,1713,NridgHt,2004,2005,5,1713,1088,1713,0,3,856,Attchd,Fin,2004.0,2,0,7,Ex,Gd,Ex,Av,1,Gd,9591,76.0,20,RL,1Story,26,274900
4,1121,Edwards,2003,2004,5,1121,0,1121,0,2,440,Attchd,RFn,2003.0,2,0,5,TA,TA,Gd,No,0,Npfireplace,8546,80.0,20,RM,1Story,64,140000
6,1279,Mitchel,1977,1977,6,1196,641,1279,0,2,473,Detchd,Unf,1980.0,2,0,6,TA,TA,TA,No,2,Fa,10125,75.0,20,RL,1Story,83,171500
6,1310,OldTown,1924,1950,6,617,617,865,445,1,398,Attchd,Unf,1924.0,2,0,6,TA,TA,Fa,No,0,Npfireplace,7000,50.0,50,RL,1.5Fin,0,112000
6,848,CollgCr,2004,2004,5,848,662,848,0,2,420,Attchd,RFn,2004.0,1,0,3,Gd,Gd,Gd,Av,1,Gd,4438,69.0,120,RM,1Story,0,149000
5,1284,OldTown,1947,1950,7,720,312,720,564,1,240,Detchd,Unf,1948.0,1,1,5,TA,TA,TA,No,0,Npfireplace,3500,50.0,50,RM,1.5Fin,35,110000
7,1442,Gilbert,1990,1990,5,1424,0,1442,0,2,500,Attchd,RFn,1990.0,2,0,5,TA,TA,Gd,No,0,Npfireplace,11851,99.0,20,RL,1Story,34,180500
5,1696,Sawyer,1962,1962,5,1140,0,1696,0,1,349,Attchd,RFn,1962.0,1,1,8,TA,TA,TA,No,1,TA,13673,40.0,20,RL,1Story,30,143900
4,1100,NAmes,1960,1960,5,1100,419,1100,0,1,312,Attchd,RFn,1960.0,1,0,6,TA,TA,TA,No,1,Po,12493,73.0,20,RL,1Story,0,141000
7,2062,SawyerW,1988,1989,5,1157,1065,1180,882,2,454,Attchd,Fin,1988.0,2,1,7,TA,Gd,Gd,Gd,1,Gd,14364,68.0,60,RL,2Story,55,277000
6,1092,NAmes,1964,1964,7,1092,787,1092,0,2,504,Attchd,RFn,1964.0,1,0,6,TA,TA,Gd,No,0,Npfireplace,8250,75.0,20,RL,1Story,0,145000
5,864,Edwards,1925,1950,6,864,468,864,0,0,0,NoGarage,NoGarage,0.0,1,0,5,TA,TA,TA,No,0,Npfireplace,5604,67.0,30,RL,1Story,0,98000
6,1212,Edwards,2009,2009,5,1212,36,1212,0,2,460,Attchd,RFn,2009.0,2,0,6,Gd,TA,Gd,Mn,0,Npfireplace,10420,83.0,20,RL,1Story,22,186000
7,1852,Somerst,2009,2009,5,900,822,932,920,2,644,Attchd,RFn,2009.0,2,1,7,Gd,TA,Gd,No,1,TA,8640,72.0,60,FV,2Story,108,252678
5,990,CollgCr,1995,1995,5,990,716,990,0,2,576,Attchd,Unf,1996.0,1,0,5,TA,TA,Gd,No,0,Npfireplace,13568,43.0,20,RL,1Story,0,156000
6,1392,CollgCr,1977,1977,7,689,378,689,703,1,299,Attchd,Fin,1977.0,1,1,6,TA,TA,Gd,No,0,Npfireplace,10900,69.0,60,RL,2Story,36,161750
5,1236,NAmes,1957,1996,6,1070,360,1236,0,1,447,Attchd,Unf,1957.0,1,0,6,Gd,TA,TA,No,1,Fa,10011,72.0,20,RL,1Story,0,134450
7,1436,CollgCr,2004,2004,5,1436,946,1436,0,2,484,Attchd,Unf,2004.0,2,0,8,Gd,Gd,Gd,Mn,0,Npfireplace,8450,65.0,20,RL,1Story,98,210000
4,1328,OldTown,1925,1950,4,686,0,810,518,1,210,Detchd,Unf,1940.0,1,0,8,TA,TA,TA,No,0,Npfireplace,9906,57.0,70,RM,2Story,172,107000
7,1954,Crawfor,1939,2006,9,798,341,1137,817,2,431,Attchd,Unf,1939.0,1,1,8,Gd,Gd,TA,No,2,TA,15660,66.0,50,RL,1.5Fin,119,311500
7,1248,Blmngtn,2005,2006,5,1248,16,1248,0,2,438,Attchd,Fin,2005.0,2,0,5,Gd,Gd,Gd,Av,0,Npfireplace,3010,43.0,120,RL,1Story,0,167240
7,1498,CollgCr,2006,2006,5,1498,0,1498,0,2,675,Attchd,RFn,2006.0,2,0,5,Gd,Gd,Gd,Mn,0,Npfireplace,8990,73.0,20,RL,1Story,33,204900
6,2267,Gilbert,2002,2002,5,1010,0,1010,1257,2,390,BuiltIn,RFn,2002.0,2,1,8,Gd,Gd,Gd,No,1,TA,8068,65.0,60,RL,2Story,46,200000
6,1552,NWAmes,1975,1975,6,713,550,811,741,2,434,Attchd,RFn,1975.0,2,1,6,TA,TA,Gd,No,1,TA,11475,85.0,60,RL,2Story,208,179900
4,864,NAmes,1971,1971,6,864,524,864,0,2,576,Detchd,Unf,1989.0,1,0,4,TA,TA,TA,No,0,Npfireplace,10500,70.0,20,RL,1Story,0,97000
10,2392,NridgHt,2003,2003,5,2392,56,2392,0,3,968,Attchd,Fin,2003.0,2,0,8,Ex,Ex,Ex,Gd,1,Ex,13472,103.0,20,RL,1Story,105,386250
5,1302,BrDale,1971,1971,5,630,0,630,672,1,280,Detchd,Unf,1991.0,2,1,6,TA,TA,TA,No,0,Npfireplace,1680,21.0,160,RM,2Story,0,112000
7,2520,NoRidge,1995,1995,5,1203,565,1214,1306,3,721,Attchd,RFn,1995.0,2,1,9,Gd,Gd,Gd,No,1,TA,9950,82.0,60,RL,2Story,114,290000
6,987,BrDale,1970,1970,6,483,321,483,504,1,280,Detchd,Unf,1987.0,1,1,5,TA,TA,TA,No,0,Npfireplace,1869,21.0,160,RM,2Story,0,106000
5,912,Sawyer,1967,1967,5,912,842,912,0,1,336,Detchd,Unf,1974.0,1,0,5,TA,TA,TA,No,1,Fa,8521,70.0,20,RL,1Story,0,125000
7,1555,Blmngtn,2005,2006,5,1373,16,1555,0,2,430,Attchd,Fin,2005.0,2,0,7,Gd,Gd,Gd,Av,1,TA,3182,43.0,120,RL,1Story,20,192500
6,1194,NAmes,1959,1959,6,1194,0,1194,0,1,312,Attchd,RFn,1959.0,1,0,6,TA,TA,TA,No,0,Npfireplace,8760,73.0,20,RL,1Story,0,148000
8,2794,NoRidge,1995,1996,5,1462,689,1490,1304,3,810,Attchd,Fin,1995.0,2,1,9,Ex,Gd,Gd,No,1,TA,15138,174.0,60,RL,2Story,146,403000
6,987,BrDale,1972,1972,5,483,0,483,504,1,288,Attchd,Unf,1972.0,1,1,5,TA,TA,TA,No,1,Po,1680,21.0,160,RM,2Story,0,94500
5,894,CollgCr,1976,1976,6,894,182,894,0,1,308,Attchd,Unf,1976.0,1,0,5,TA,TA,TA,Av,0,Npfireplace,10650,75.0,20,RL,1Story,0,128200
6,987,BrDale,1971,1971,3,483,358,483,504,1,264,Detchd,Unf,1971.0,1,1,5,TA,TA,TA,No,0,Npfireplace,1680,21.0,160,RM,2Story,0,89500
7,1414,CollgCr,2004,2004,5,1414,24,1414,0,2,494,Attchd,RFn,2004.0,2,0,6,Gd,Gd,Gd,Av,0,Npfireplace,8773,65.0,20,RL,1Story,105,185500
7,1744,SawyerW,1993,2003,7,996,402,1014,730,2,457,Attchd,RFn,1993.0,2,1,7,Gd,Gd,Gd,No,0,Npfireplace,9453,68.0,60,RL,2Story,70,194500
8,1694,NridgHt,2007,2007,5,1694,0,1694,0,3,818,Attchd,Fin,2007.0,2,0,7,Gd,Ex,Ex,No,0,Npfireplace,12030,93.0,20,RL,1Story,228,318000
6,1487,Edwards,1945,1950,4,735,94,798,689,1,220,Detchd,Unf,1949.0,1,1,7,TA,TA,TA,No,1,Gd,8741,52.0,50,RL,1.5Fin,140,113000
8,1566,Somerst,2008,2008,5,1566,1078,1566,0,2,750,Attchd,RFn,2008.0,2,0,7,Gd,Gd,Gd,Av,0,Npfireplace,9000,75.0,20,FV,1Story,168,262500
5,866,OldTown,1945,1997,9,686,329,866,0,0,0,NoGarage,NoGarage,0.0,1,0,4,Gd,TA,TA,No,0,Npfireplace,3880,40.0,30,RM,1Story,42,110500
5,1440,OldTown,1900,1950,4,540,0,889,551,1,352,Attchd,Unf,1940.0,1,0,6,TA,TA,TA,No,0,Npfireplace,5000,63.0,50,RM,1.5Fin,0,79000
6,1217,SawyerW,1980,1980,6,626,0,626,591,1,288,Attchd,RFn,1980.0,1,1,6,TA,TA,Gd,No,1,TA,10762,75.0,160,RL,2Story,28,120000
7,2110,SawyerW,1994,2002,5,948,695,1222,888,2,463,Attchd,RFn,1994.0,2,1,8,Gd,Gd,Gd,No,2,Fa,8880,68.0,60,RL,2Story,130,205000
7,1872,NWAmes,1988,1988,5,1845,929,1872,0,2,604,Attchd,Fin,1988.0,2,0,6,TA,TA,Gd,Av,1,TA,10400,80.0,20,RL,1Story,39,241500
6,1928,OldTown,1910,1950,8,1020,0,908,1020,1,440,Detchd,Unf,1910.0,2,0,9,Fa,TA,Fa,No,0,Npfireplace,9142,69.0,190,RM,2Story,60,137000
6,1375,NAmes,1954,1954,5,1367,0,1375,0,2,451,Attchd,Unf,1954.0,1,0,5,TA,TA,TA,No,1,TA,11310,75.0,20,RL,1Story,30,140000
7,1668,CollgCr,2003,2003,5,840,0,840,828,2,500,Attchd,RFn,2003.0,2,1,8,Gd,Gd,Gd,No,0,Npfireplace,11317,72.0,60,RL,2Story,68,180000
6,2144,ClearCr,1958,2006,7,1444,697,1444,700,2,389,Attchd,Fin,1958.0,2,0,7,Gd,Gd,Gd,Gd,2,TA,159000,80.0,50,RL,1.5Fin,98,277000
3,1306,BrkSide,1940,1966,2,728,0,1306,0,0,0,NoGarage,NoGarage,0.0,1,0,6,Fa,TA,TA,No,0,Npfireplace,5350,55.0,30,RL,1Story,0,76500
8,1625,Crawfor,2006,2007,5,1573,1573,1625,0,2,538,Attchd,Fin,2006.0,2,0,5,Gd,Gd,Gd,Gd,1,Gd,4750,44.0,120,RM,1Story,0,235000
6,1640,SawyerW,2004,2004,5,798,0,798,842,2,520,Attchd,RFn,2004.0,2,1,6,Gd,Gd,Gd,No,0,Npfireplace,8366,65.0,60,RL,2Story,45,173000
6,1302,NAmes,1964,1991,7,1302,270,1302,0,1,309,Attchd,RFn,1964.0,2,0,7,Gd,TA,Gd,Gd,0,Npfireplace,9350,85.0,80,RL,SLvl,0,158000
5,1314,NAmes,1957,1957,6,1314,922,1314,0,1,294,Attchd,RFn,1957.0,1,0,5,TA,TA,TA,No,0,Npfireplace,8400,70.0,20,RL,1Story,0,145000
7,2291,Gilbert,1999,1999,5,975,0,1005,1286,2,429,BuiltIn,Fin,1999.0,2,1,8,Gd,Gd,Gd,No,1,TA,8738,66.0,60,RL,2Story,0,230000
6,1728,Somerst,2003,2003,5,864,503,864,864,2,673,Attchd,RFn,2003.0,2,1,7,Gd,Gd,Gd,No,0,Npfireplace,8791,64.0,60,FV,2Story,56,207500
7,1604,CollgCr,2006,2006,5,1604,1334,1604,0,2,660,Attchd,RFn,2006.0,2,1,8,Gd,Gd,Gd,No,1,Gd,8814,68.0,20,RL,1Story,110,220000
7,1792,CollgCr,2001,2001,5,963,361,963,829,2,564,Attchd,RFn,2001.0,2,1,7,Gd,Gd,Gd,No,1,TA,12435,80.0,60,RL,2Story,96,231500
5,882,OldTown,1956,1956,5,0,0,882,0,1,308,Detchd,Unf,1956.0,1,0,4,TA,TA,NoBasement,NoBasement,0,Npfireplace,12702,70.0,20,RM,1Story,45,97000
6,1382,NAmes,1962,1962,5,1362,672,1382,0,2,884,Attchd,Unf,1991.0,1,0,6,TA,TA,TA,Gd,1,TA,19296,120.0,80,RL,SLvl,0,176000
8,2574,CollgCr,2007,2007,5,1482,0,1482,1092,3,868,BuiltIn,Fin,2007.0,2,1,10,Ex,Gd,Ex,No,1,Gd,9588,69.0,60,RL,2Story,148,276000
6,1212,Sawyer,1977,1995,7,506,506,1212,0,2,492,Attchd,Unf,1978.0,1,0,6,TA,TA,Gd,Av,1,TA,8471,88.0,80,RL,SLvl,12,151000
5,1316,OldTown,1929,2001,7,926,234,926,0,2,484,Detchd,Unf,1974.0,1,0,6,TA,TA,TA,No,0,Npfireplace,5500,50.0,50,RM,1.5Fin,0,130000
5,764,OldTown,1925,2004,5,680,0,764,0,2,504,Detchd,Unf,1965.0,1,0,4,TA,TA,Fa,No,0,Npfireplace,5232,30.0,30,RM,1Story,0,73000
6,1422,NWAmes,1981,1981,6,1422,588,1422,0,2,576,Attchd,Fin,1981.0,2,0,7,Gd,TA,Gd,No,1,TA,12090,78.0,20,RL,1Story,0,175500
6,1511,Gilbert,1997,1997,5,802,714,802,709,2,413,Attchd,Fin,1997.0,2,1,8,TA,TA,Gd,Av,1,TA,11207,70.0,60,RL,2Story,75,185000
5,2192,SWISU,1939,1997,8,720,378,1052,720,1,240,Detchd,Unf,1939.0,2,1,8,Gd,TA,TA,No,1,Gd,8400,60.0,75,RL,2.5Fin,24,179500
5,778,IDOTRR,1940,1955,6,740,403,778,0,1,924,Detchd,Fin,1966.0,1,0,4,TA,TA,TA,No,1,Gd,6900,71.0,30,RM,1Story,25,120500
6,1113,Edwards,1976,1976,7,1143,751,1113,0,1,504,Attchd,RFn,1987.0,1,1,6,TA,TA,TA,No,1,Fa,7917,67.0,20,RL,1Story,30,148000
8,1939,Somerst,2006,2006,5,1095,0,1095,844,3,1053,Attchd,RFn,2006.0,2,1,8,Gd,Gd,Gd,Mn,1,Gd,10728,84.0,60,FV,2Story,51,266000
7,1363,ClearCr,1954,2005,7,1385,226,1363,0,2,439,Attchd,Unf,1954.0,1,0,5,TA,TA,Gd,Gd,2,TA,39104,73.0,20,RL,1Story,0,241500
8,2270,NoRidge,1999,2007,7,1152,524,1164,1106,3,671,Attchd,Fin,1999.0,2,1,9,Gd,Gd,Gd,No,1,Gd,11764,92.0,60,RL,2Story,57,290000
6,1632,NAmes,1958,1988,6,1240,620,1632,0,1,338,Attchd,RFn,1958.0,2,0,6,TA,TA,TA,No,1,Gd,9600,80.0,20,RL,1Story,0,139000
5,816,Mitchel,1982,1982,7,816,546,816,0,1,264,Attchd,Unf,1982.0,1,0,5,TA,TA,TA,Gd,0,Npfireplace,8314,76.0,20,RL,1Story,0,124500
7,1548,BrkSide,1925,2007,7,952,0,952,596,2,672,Detchd,Unf,1978.0,2,1,5,Ex,Gd,TA,No,0,Npfireplace,7264,55.0,50,RL,1.5Fin,0,205000
7,1560,Mitchel,2003,2003,5,1560,0,1560,0,2,573,Attchd,Fin,2003.0,2,0,7,Gd,Gd,Ex,No,0,Npfireplace,9196,129.0,20,RL,1Story,150,201000
4,864,Gilbert,1951,1951,5,864,120,864,0,2,400,Detchd,Unf,1951.0,1,0,4,TA,TA,TA,No,0,Npfireplace,19138,140.0,20,RL,1Story,0,141000
9,2121,NridgHt,2006,2007,5,2121,0,2121,0,3,732,Attchd,Fin,2007.0,2,1,8,Ex,Ex,Ex,Gd,1,Ex,14450,107.0,20,RL,1Story,98,415298
7,2022,ClearCr,1977,1977,5,1160,392,1156,866,2,505,Attchd,Fin,1977.0,2,1,8,TA,TA,Gd,No,1,TA,10005,83.0,60,RL,2Story,117,192000
7,1982,SawyerW,1989,1989,6,807,421,1175,807,2,575,Attchd,Fin,1989.0,2,1,7,Gd,Gd,Gd,Av,1,TA,11287,82.0,60,RL,2Story,84,228500
6,1262,Somerst,2006,2006,5,1262,905,1262,0,2,572,Attchd,Fin,2006.0,2,0,5,Gd,Gd,Gd,No,0,Npfireplace,7200,60.0,20,FV,1Story,120,185000
7,1314,NridgHt,2007,2008,5,1314,904,1314,0,2,626,Attchd,RFn,2008.0,2,0,6,Gd,Gd,Gd,No,1,Gd,5063,34.0,120,RL,1Story,62,207500
8,1468,Somerst,2008,2009,5,1468,0,1468,0,3,898,Attchd,Fin,2008.0,2,0,6,Gd,Gd,Gd,No,1,Gd,9612,74.0,20,RL,1Story,150,244600
6,1575,SawyerW,1992,1992,5,1575,430,1575,0,2,529,Attchd,RFn,1992.0,2,0,5,Gd,Gd,Gd,No,0,Npfireplace,8012,50.0,120,RL,1Story,0,179200
7,1250,Somerst,2006,2007,5,625,0,625,625,2,528,Detchd,RFn,2006.0,2,1,5,Gd,Gd,Gd,No,0,Npfireplace,4251,35.0,160,FV,2Story,54,164700
6,1734,NAmes,1962,1981,7,912,600,1085,649,2,440,Attchd,RFn,1962.0,1,1,7,Gd,TA,TA,No,1,Gd,9786,77.0,50,RL,1.5Fin,0,159000
4,858,NAmes,1971,1971,4,858,614,858,0,0,0,NoGarage,NoGarage,0.0,1,0,5,TA,TA,TA,No,0,Npfireplace,8125,73.0,20,RL,1Story,0,88000
5,900,Sawyer,1967,1967,5,882,450,900,0,1,280,Detchd,Unf,1970.0,1,0,5,TA,TA,TA,No,0,Npfireplace,9819,70.0,20,RL,1Story,0,122000
6,1396,BrkSide,1915,2003,7,698,0,698,698,1,384,Detchd,Unf,2003.0,1,0,7,TA,TA,TA,No,0,Npfireplace,8730,60.0,70,RL,2Story,0,153575
8,1919,CollgCr,2006,2006,5,1079,0,1079,840,2,685,Attchd,RFn,2006.0,2,1,8,Gd,Gd,Gd,Av,1,Gd,15611,120.0,60,RL,2Story,51,233230
5,1716,SWISU,1912,2000,6,780,210,936,780,0,0,NoGarage,NoGarage,0.0,2,0,9,Fa,TA,TA,No,0,Npfireplace,5687,55.0,190,RL,2Story,184,135900
5,1716,Edwards,1949,2008,4,768,292,1148,568,1,281,Attchd,Unf,1949.0,1,1,8,TA,TA,TA,No,1,Gd,11409,60.0,50,RL,1.5Fin,0,131000
7,2263,NWAmes,1977,1994,7,795,795,1468,795,2,539,Attchd,Fin,1977.0,2,1,9,Gd,TA,TA,No,1,TA,16659,80.0,60,RL,2Story,250,235000
6,1644,NAmes,1953,1953,5,1416,1285,1644,0,2,418,Attchd,Fin,1953.0,1,0,7,TA,TA,TA,No,2,Gd,9600,80.0,20,RL,1Story,0,167000
6,1003,Mitchel,1984,1984,6,1003,819,1003,0,2,588,Detchd,Unf,1984.0,1,0,6,TA,TA,TA,Av,0,Npfireplace,7937,37.0,80,RL,SLvl,0,142500
5,1558,IDOTRR,1950,1950,5,910,420,910,648,1,282,Attchd,Unf,1950.0,1,1,6,TA,TA,TA,No,0,Npfireplace,13710,75.0,50,RM,1.5Fin,0,152000
7,1950,Somerst,1997,1998,5,975,649,975,975,2,576,Detchd,RFn,1997.0,2,1,7,Gd,Gd,Gd,No,1,TA,7399,66.0,60,FV,2Story,10,239000
6,1743,NWAmes,1968,1968,6,702,384,1041,702,2,539,Attchd,Unf,1968.0,1,2,7,TA,Gd,TA,No,1,Gd,11700,90.0,60,RL,2Story,0,175000
6,1152,Crawfor,1950,2004,8,1092,0,1152,0,1,300,Attchd,Unf,1950.0,1,0,6,Gd,TA,TA,No,1,Gd,14000,80.0,20,RL,1Story,36,158500
5,1336,Crawfor,1953,1953,5,1165,841,1336,0,1,375,Attchd,Unf,1953.0,1,0,5,TA,TA,TA,Mn,2,Gd,15750,90.0,190,RL,1Story,0,157000
8,2452,CollgCr,1998,1999,5,1028,281,1210,1242,2,683,BuiltIn,Fin,1998.0,2,1,9,Gd,Gd,Gd,No,1,TA,16226,66.0,60,RL,2Story,50,267000
7,1541,CollgCr,2001,2002,5,1541,0,1541,0,3,843,Attchd,RFn,2001.0,2,0,6,Gd,Gd,Gd,No,1,TA,13704,118.0,20,RL,1Story,81,205000
5,894,CollgCr,1972,1972,7,894,894,894,0,2,552,Attchd,Unf,1975.0,1,0,5,TA,TA,TA,No,0,Npfireplace,9800,70.0,20,RL,1Story,0,149900
7,3493,OldTown,1880,2002,9,1470,0,1675,1818,3,870,Attchd,Unf,2003.0,3,0,10,Gd,TA,TA,No,1,Ex,18386,87.0,75,RM,2.5Fin,0,295000
8,2000,CollgCr,2004,2005,5,2000,1464,2000,0,3,888,Attchd,Fin,2004.0,2,0,8,Gd,Gd,Gd,No,0,Npfireplace,10386,80.0,20,RL,1Story,0,305900
7,2243,SawyerW,1990,1991,5,700,700,1122,1121,3,746,Attchd,RFn,1990.0,2,1,8,Gd,Gd,Gd,No,1,TA,13474,116.0,60,RL,2Story,44,225000
6,1406,IDOTRR,1920,1950,7,319,0,1035,371,0,0,NoGarage,NoGarage,0.0,1,0,6,Fa,TA,TA,No,0,Npfireplace,7920,60.0,50,RM,1.5Fin,144,89500
4,861,Edwards,1940,1950,5,861,262,861,0,2,539,Detchd,Unf,1961.0,1,0,4,TA,TA,TA,No,0,Npfireplace,12342,67.0,30,RL,1Story,0,82500
9,1944,NridgHt,2003,2004,5,1896,1274,1944,0,3,708,Attchd,Fin,2003.0,2,0,8,Ex,Gd,Ex,Gd,3,Ex,12378,90.0,20,RL,1Story,175,360000
6,1501,Gilbert,1993,1994,5,697,518,697,804,2,420,Attchd,Fin,1993.0,2,1,6,Gd,TA,Gd,No,1,TA,7685,65.0,60,RL,2Story,63,165600
6,972,NAmes,1948,2002,6,972,680,972,0,1,240,Detchd,Unf,1948.0,1,0,5,TA,TA,TA,No,1,Gd,8000,50.0,20,RL,1Story,0,132000
5,1118,OldTown,1939,1950,7,793,507,793,325,2,410,Detchd,Unf,1939.0,1,0,5,TA,TA,Gd,Mn,1,Gd,7800,65.0,190,RM,1.5Fin,0,119900
7,2036,Timber,1965,1965,5,2136,1236,2036,0,2,513,Attchd,RFn,1965.0,2,0,8,TA,TA,Gd,Gd,2,Gd,215245,150.0,20,RL,1Story,0,375000
7,1641,OldTown,1925,1990,7,728,16,832,809,2,546,Detchd,Unf,1925.0,1,1,6,Ex,TA,TA,No,1,Gd,9600,60.0,70,RM,2Story,0,178000
7,1432,Gilbert,2004,2005,5,716,425,716,716,2,432,Attchd,Fin,2004.0,2,1,6,Gd,Gd,Gd,No,1,Gd,7795,71.0,60,RL,2Story,51,188500
7,2353,NWAmes,1980,1980,7,845,692,1153,1200,2,484,Attchd,RFn,1983.0,2,1,10,Ex,Gd,Gd,No,1,TA,13005,94.0,60,RL,2Story,195,260000
8,1959,Somerst,2006,2006,5,1088,0,1088,871,3,1025,Attchd,RFn,2006.0,2,1,8,Gd,Gd,Gd,Av,1,Gd,9000,75.0,60,FV,2Story,46,270000
7,2646,NoRidge,1993,1993,5,1347,987,1372,1274,3,656,Attchd,RFn,1993.0,2,1,9,Gd,Gd,Gd,Gd,1,TA,9900,90.0,60,RL,2Story,60,260000
7,1472,NWAmes,1980,1980,5,1372,1036,1472,0,2,588,Attchd,Unf,1980.0,2,0,6,TA,TA,Gd,Av,2,TA,14115,80.0,80,RL,SLvl,48,187500
9,2596,NridgHt,2006,2006,5,1249,0,1249,1347,3,840,Attchd,RFn,2006.0,3,1,9,Gd,TA,Ex,Av,0,Npfireplace,16259,111.0,60,RL,2Story,154,342643
8,2468,NridgHt,2004,2004,5,1136,970,1136,1332,3,872,BuiltIn,Fin,2004.0,2,1,10,Gd,Gd,Ex,Av,1,Gd,12099,99.0,60,RL,2Story,154,354000
7,2730,SawyerW,1986,1987,5,1502,28,1553,1177,2,576,Attchd,Fin,1987.0,2,1,8,Gd,Gd,TA,Gd,1,TA,10380,86.0,60,RL,2Story,96,301000
3,1163,OldTown,1955,2005,8,1162,256,1163,0,1,220,Attchd,Unf,1955.0,1,0,6,TA,TA,TA,No,0,Npfireplace,5820,49.0,20,RM,1Story,98,126175
7,2978,NAmes,1967,2007,7,710,0,1898,1080,2,564,BuiltIn,Fin,1961.0,2,1,11,Gd,Gd,Gd,No,1,Gd,11275,96.0,80,RL,SLvl,0,242000
5,803,IDOTRR,1941,1950,6,720,116,803,0,2,360,Detchd,Unf,1941.0,1,0,5,TA,TA,TA,Av,0,Npfireplace,5000,50.0,45,RM,1.5Unf,0,87000
8,1719,Veenker,1993,1993,5,1719,1619,1719,0,2,473,Attchd,Fin,1993.0,1,1,6,Gd,Gd,Gd,Gd,2,Gd,10846,32.0,120,RL,1Story,30,324000
6,1383,NAmes,1960,1960,5,1383,565,1383,0,1,292,Attchd,RFn,1960.0,1,1,7,TA,TA,TA,No,0,Npfireplace,11600,80.0,20,RL,1Story,45,145250
6,2134,BrkSide,1916,1994,6,844,0,1445,689,2,441,Detchd,Unf,1930.0,2,0,10,Gd,TA,TA,No,0,Npfireplace,11888,51.0,75,RL,2.5Unf,60,214500
5,1192,IDOTRR,1920,1950,5,596,0,596,596,1,189,Detchd,Unf,1920.0,1,0,6,TA,TA,TA,Mn,0,Npfireplace,6402,60.0,70,RM,2Story,0,78000
5,1728,NAmes,1964,1964,4,1728,40,1728,0,1,352,Detchd,Unf,2002.0,2,0,10,TA,TA,TA,No,0,Npfireplace,10624,73.0,90,RL,1Story,0,119000
5,1056,NAmes,1958,1992,6,1056,846,1056,0,1,308,Attchd,RFn,1958.0,1,0,6,TA,TA,TA,No,0,Npfireplace,8176,70.0,20,RL,1Story,0,139000
8,1629,NridgHt,2003,2004,5,3206,1124,1629,0,3,880,Attchd,RFn,2003.0,2,0,7,Gd,Gd,Gd,No,1,Gd,10655,85.0,20,RL,1Story,0,284000
7,1358,NridgHt,2004,2004,5,1358,720,1358,0,2,484,Attchd,RFn,2004.0,2,0,6,Gd,Gd,Gd,Av,1,Gd,8198,59.0,120,RM,1Story,30,207000
6,1638,Gilbert,1998,1998,5,943,828,943,695,2,472,Attchd,Fin,1998.0,2,1,7,TA,TA,Gd,Gd,2,TA,9042,59.0,60,RL,2Story,38,192000
5,1786,Timber,1965,1965,6,1499,1249,1619,167,2,529,Attchd,Fin,1965.0,2,0,7,TA,TA,TA,Gd,2,Gd,164660,72.0,190,RL,1.5Fin,0,228950
9,1922,StoneBr,2005,2006,5,1922,1249,1922,0,3,676,Attchd,Fin,2005.0,2,0,8,Gd,Gd,Ex,Gd,1,Gd,14157,86.0,20,RL,1Story,51,377426
7,1536,CollgCr,2002,2003,5,1536,810,1536,0,2,532,Attchd,RFn,2002.0,2,0,7,Gd,Gd,Gd,Av,0,Npfireplace,9135,70.0,20,RL,1Story,74,214000
7,1621,NWAmes,1984,1998,7,1208,213,1621,0,2,440,Attchd,RFn,1984.0,2,0,8,Gd,Gd,Gd,Mn,0,Npfireplace,14145,91.0,20,RL,1Story,45,202500
6,1215,NAmes,1958,1998,7,1215,585,1215,0,1,297,Attchd,Unf,1958.0,1,0,6,TA,TA,TA,No,0,Npfireplace,12400,66.0,20,RL,1Story,0,155000
8,1908,Timber,2002,2002,5,967,0,993,915,2,431,Attchd,Fin,2002.0,2,1,9,Gd,Gd,Gd,No,0,Npfireplace,14191,85.0,60,RL,2Story,0,202900
4,841,SawyerW,1950,1950,4,721,0,841,0,1,294,CarPort,Unf,1950.0,1,0,4,TA,Fa,TA,No,0,Npfireplace,8400,60.0,20,RH,1Story,0,82000
3,1040,NAmes,1949,1950,4,0,0,1040,0,2,400,Detchd,Unf,1949.0,2,0,6,TA,TA,NoBasement,NoBasement,0,Npfireplace,8544,73.0,90,RL,1Story,0,87500
9,1684,NridgHt,2005,2005,5,1684,28,1684,0,2,564,Attchd,RFn,2005.0,2,0,6,Ex,Ex,Ex,No,1,Ex,8849,63.0,120,RL,1Story,72,266000
5,1112,MeadowV,1976,1976,3,536,129,536,576,1,336,Attchd,Unf,1976.0,1,1,4,TA,TA,Gd,No,0,Npfireplace,2592,36.0,160,RM,2Story,0,85000
6,1577,BrkSide,1939,1950,5,972,0,972,605,1,312,Detchd,Unf,1939.0,1,0,6,Fa,TA,TA,No,1,Gd,6435,65.0,50,RL,1.5Fin,0,140200
6,958,NAmes,1960,1998,8,958,498,958,0,1,301,Attchd,RFn,1960.0,1,0,5,TA,TA,TA,Mn,0,Npfireplace,12772,73.0,20,RL,1Story,0,151500
6,1478,NAmes,1960,1960,5,1478,1270,1478,0,2,498,Attchd,Unf,1960.0,2,0,6,TA,TA,TA,No,2,Gd,17600,73.0,20,RL,1Story,40,157500
7,1626,NridgHt,2003,2004,5,764,573,764,862,2,474,BuiltIn,RFn,2003.0,2,1,6,Gd,Gd,Gd,No,0,Npfireplace,2448,36.0,160,RL,2Story,27,154000
9,2728,NridgHt,2005,2006,5,1848,1410,1848,880,3,706,Attchd,Fin,2006.0,2,1,10,Ex,Ex,Ex,No,2,Ex,20431,56.0,60,RL,2Story,0,437154
9,1869,NridgHt,2007,2007,5,1869,0,1869,0,2,617,Attchd,RFn,2007.0,2,0,6,Ex,Ex,Ex,No,1,Gd,7820,68.0,120,RL,1Story,54,318061
7,1453,ClearCr,1986,1986,5,1453,1082,1453,0,2,445,Attchd,RFn,1986.0,1,1,6,Gd,TA,Gd,Gd,1,TA,5271,80.0,120,RL,1Story,80,190000
5,1111,Edwards,1941,1950,6,616,236,616,495,1,200,Detchd,Unf,1941.0,1,0,5,TA,TA,TA,Mn,0,Npfireplace,9084,60.0,50,RL,1.5Fin,0,95000
6,720,OldTown,1928,2003,8,624,0,720,0,2,484,Detchd,Unf,2005.0,1,0,5,TA,TA,TA,No,0,Npfireplace,8520,60.0,30,RM,1Story,0,105900
6,1595,SWISU,1940,2000,5,940,388,1192,403,1,240,Attchd,Unf,1940.0,1,0,6,TA,TA,TA,No,2,Gd,8400,60.0,50,RL,1.5Fin,0,140000
6,1200,CollgCr,1995,1995,5,1200,334,1200,0,2,521,Attchd,RFn,1995.0,2,0,6,Gd,Gd,Gd,No,0,Npfireplace,11249,105.0,20,RL,1Story,26,177500
6,1167,Gilbert,1992,1992,6,1158,560,1167,0,2,400,Attchd,RFn,1992.0,2,0,6,Gd,TA,Gd,No,0,Npfireplace,9248,65.0,20,RL,1Story,26,173000
5,1142,MeadowV,1976,1976,5,1142,874,1142,0,2,528,Attchd,Fin,1976.0,1,1,6,TA,TA,Gd,No,1,Po,4224,44.0,120,RM,1Story,90,134000
5,1352,ClearCr,1958,1958,4,1062,300,1352,0,1,288,BuiltIn,Unf,1958.0,1,0,6,Gd,TA,TA,Av,0,Npfireplace,6930,92.0,80,RL,SLvl,0,130000
8,1924,NoRidge,1998,1998,5,1086,956,1086,838,2,592,Attchd,RFn,1998.0,2,1,7,Gd,Gd,Gd,Av,1,TA,12011,78.0,60,RL,2Story,75,280000
6,912,Mitchel,1978,1978,6,888,773,912,0,2,470,Attchd,RFn,1978.0,1,0,5,TA,TA,Gd,Av,1,TA,7540,75.5,85,RL,SFoyer,0,156000
5,1505,BrkSide,1940,1982,5,883,399,988,517,1,240,Detchd,Unf,1940.0,1,0,8,TA,TA,TA,No,0,Npfireplace,9144,51.0,50,RL,1.5Fin,0,145000
7,1922,Edwards,2003,2003,5,0,0,495,1427,2,672,BuiltIn,RFn,2003.0,3,0,7,Gd,Gd,NoBasement,NoBasement,1,Ex,7301,64.0,85,RL,SFoyer,0,198500
6,987,BrDale,1972,2007,8,483,162,483,504,1,264,Detchd,Unf,1972.0,1,1,5,Gd,TA,TA,No,0,Npfireplace,1680,21.0,160,RM,2Story,0,118000
6,1574,NWAmes,1976,1976,5,796,712,790,784,2,566,Attchd,Fin,1976.0,2,1,6,TA,TA,Gd,Mn,1,TA,18800,80.0,60,RL,2Story,111,190000
5,1344,IDOTRR,1920,1997,7,672,456,672,672,1,468,Detchd,Unf,1964.0,1,0,6,TA,TA,TA,No,0,Npfireplace,10690,59.0,70,RM,2Story,128,147000
6,1394,NAmes,1963,1963,5,1394,609,1394,0,2,514,Attchd,RFn,1963.0,1,1,6,TA,TA,Gd,No,2,Gd,9500,73.0,20,RL,1Story,76,159000
6,1431,NAmes,1962,1962,5,1099,371,1431,0,1,296,Basment,RFn,1962.0,1,0,6,TA,TA,Gd,Gd,1,Gd,9150,101.0,80,RL,SLvl,110,165000
5,1268,NAmes,1954,1954,6,1268,540,1268,0,1,244,Attchd,Fin,1954.0,1,0,7,TA,TA,TA,No,1,Gd,7800,78.0,20,RL,1Story,98,132000
5,1287,NAmes,1959,2006,7,1063,72,1287,0,2,576,Detchd,Fin,1997.0,1,0,7,Gd,TA,TA,No,1,Gd,9830,73.0,20,RL,1Story,17,162000
6,1664,Gilbert,2000,2000,5,953,0,953,711,2,460,Attchd,RFn,2000.0,2,1,7,TA,TA,Gd,No,1,TA,8121,65.0,60,RL,2Story,40,172400
4,1588,ClearCr,1959,1959,4,0,0,1120,468,2,680,Detchd,Fin,1991.0,2,0,7,TA,TA,NoBasement,NoBasement,1,Gd,17120,80.0,50,RL,1.5Fin,59,134432
6,752,SawyerW,1984,1984,5,744,623,752,0,1,264,Attchd,Unf,1984.0,1,0,4,TA,TA,Gd,No,0,Npfireplace,7175,50.0,120,RL,1Story,0,125000
5,1319,NAmes,1953,1953,6,608,428,1319,0,1,270,Attchd,Unf,1953.0,1,0,5,TA,TA,TA,No,0,Npfireplace,10634,79.0,20,RL,1Story,0,123000
7,1928,CollgCr,2003,2004,5,847,0,847,1081,2,434,BuiltIn,Fin,2003.0,2,1,8,Gd,Gd,Gd,No,1,Gd,8200,65.0,60,RL,2Story,48,219500
1,904,Edwards,1922,1950,1,683,350,904,0,0,0,NoGarage,NoGarage,0.0,0,1,4,Fa,Fa,Fa,Gd,0,Npfireplace,10020,67.0,30,RL,1Story,0,61000
5,914,CollgCr,1996,1996,5,870,298,914,0,2,576,Detchd,Unf,1998.0,1,0,5,TA,Gd,Gd,Av,0,Npfireplace,8846,57.0,85,RL,SFoyer,0,148000
8,2466,Somerst,2004,2005,5,1580,0,1580,886,2,610,Attchd,RFn,2004.0,3,0,8,Gd,Gd,Gd,No,1,Gd,11143,102.0,60,FV,2Story,214,340000
9,1856,StoneBr,2010,2010,2,1856,1445,1856,0,3,834,Attchd,Fin,2010.0,1,1,8,Ex,Gd,Ex,Av,1,Ex,11394,88.0,20,RL,1Story,0,394432
6,1800,Gilbert,2000,2000,5,982,0,1007,793,2,463,Attchd,Fin,2000.0,2,1,7,TA,TA,Gd,No,1,TA,8123,60.0,60,RL,2Story,63,179000
5,1691,SWISU,1924,1950,6,1026,218,1026,665,1,308,Detchd,Unf,1924.0,2,0,6,Gd,TA,TA,No,1,Gd,5000,50.0,50,RL,1.5Fin,0,127000
7,1301,Somerst,2006,2006,5,1293,0,1301,0,2,572,Attchd,RFn,2006.0,2,0,5,Gd,Gd,Gd,No,1,Gd,7200,60.0,20,FV,1Story,121,187750
7,1797,CollgCr,2006,2006,5,939,0,939,858,2,639,Attchd,RFn,2006.0,2,1,8,Gd,Gd,Gd,Av,0,Npfireplace,9245,79.0,60,RL,2Story,53,213500
6,784,SawyerW,1928,1950,3,784,0,784,0,2,360,Detchd,Unf,1950.0,1,0,5,TA,TA,Fa,No,0,Npfireplace,9000,60.0,45,RH,1.5Unf,0,76000
6,1953,ClearCr,1992,1992,5,1580,985,1079,874,2,501,Attchd,Fin,1992.0,2,1,9,Gd,Gd,Gd,Av,2,Fa,53107,80.0,60,RL,2Story,231,240000
8,1269,Blmngtn,2004,2005,5,1256,24,1269,0,2,430,Attchd,Fin,2004.0,2,0,6,Gd,Gd,Gd,No,1,TA,3182,43.0,120,RL,1Story,20,192000
5,1184,Edwards,1910,1996,3,658,0,658,526,0,0,NoGarage,NoGarage,0.0,1,0,8,TA,TA,TA,No,0,Npfireplace,8410,58.0,50,RL,1.5Fin,151,81000
6,1125,Edwards,1976,1976,6,1041,631,1125,0,1,352,Detchd,Unf,1977.0,1,0,6,TA,TA,TA,Av,1,Fa,7200,72.0,80,RL,SLvl,0,125000
7,1479,CollgCr,1999,2000,5,1468,0,1479,0,2,577,Attchd,RFn,1999.0,2,0,6,Gd,Gd,Gd,No,0,Npfireplace,9382,93.0,20,RL,1Story,25,191000
10,2332,NridgHt,2007,2008,5,1682,1280,1742,590,3,846,BuiltIn,Fin,2008.0,2,1,9,Ex,Ex,Ex,Av,1,Ex,12474,96.0,60,RL,2Story,134,426000
5,1367,Edwards,1900,1950,8,861,241,961,406,1,384,Detchd,Unf,1978.0,1,0,7,TA,TA,TA,No,0,Npfireplace,8405,50.0,50,RL,1.5Fin,130,119000
6,1961,Mitchel,2001,2002,5,804,690,804,1157,2,560,BuiltIn,Fin,2001.0,2,1,7,Gd,TA,Ex,No,1,TA,12209,71.0,60,RL,2Story,192,215000
5,882,NAmes,1959,1959,7,0,0,882,0,1,294,Attchd,RFn,1959.0,1,0,5,TA,TA,NoBasement,NoBasement,0,Npfireplace,8339,73.0,20,RL,1Story,0,106500
4,788,BrkSide,1941,1950,5,788,266,788,0,0,0,NoGarage,NoGarage,0.0,1,0,4,TA,TA,TA,No,2,TA,7446,51.0,30,RL,1Story,0,100000
5,1034,OldTown,1940,1950,6,735,0,735,299,1,240,Detchd,Unf,1940.0,1,0,5,TA,TA,TA,No,0,Npfireplace,10134,60.0,50,RL,1.5Fin,39,109000
5,1144,Edwards,1956,1956,6,1144,739,1144,0,1,596,Attchd,Unf,1956.0,1,0,6,TA,TA,TA,Av,0,Npfireplace,9571,68.0,20,RL,1Story,0,129000
5,894,CollgCr,1972,1972,5,894,777,894,0,2,600,Detchd,RFn,1985.0,1,0,6,TA,TA,TA,Av,0,Npfireplace,7200,60.0,20,RL,1Story,0,123000
5,1812,NAmes,1962,1962,5,864,540,876,936,1,264,Attchd,RFn,1962.0,2,0,8,TA,TA,TA,No,1,TA,7590,69.0,60,RL,2Story,168,169500
5,1077,IDOTRR,1920,1950,2,961,0,1077,0,1,338,Detchd,Unf,1920.0,1,0,6,TA,TA,Fa,No,0,Npfireplace,8967,60.0,30,RM,1Story,0,67000
7,1550,Somerst,2006,2007,5,1092,812,1112,438,2,438,Attchd,Fin,2007.0,2,0,7,Gd,Gd,Gd,No,0,Npfireplace,8125,65.0,60,FV,2Story,168,241000
8,1288,Veenker,1996,1996,5,1260,786,1288,0,2,500,Attchd,Fin,1996.0,1,1,4,Ex,Gd,Gd,No,2,Gd,14963,38.0,120,RL,1Story,30,245500
7,1310,CollgCr,2005,2005,5,1310,24,1310,0,2,400,Attchd,Fin,2005.0,2,0,6,Gd,Gd,Gd,Av,1,Gd,8767,65.0,20,RL,1Story,0,164990
5,672,Sawyer,1940,1997,8,672,0,672,0,1,240,Detchd,Unf,1940.0,1,0,4,TA,TA,TA,No,0,Npfireplace,10200,60.0,30,RL,1Story,0,108000
8,2263,NoRidge,1998,1998,5,1141,0,1165,1098,2,420,BuiltIn,Fin,1998.0,2,1,10,Gd,Gd,Gd,No,1,TA,12090,93.0,60,RL,2Story,123,258000
6,1572,Gilbert,1995,1996,5,806,0,806,766,2,373,BuiltIn,Fin,1995.0,2,1,7,TA,TA,Gd,No,1,TA,10364,65.0,60,RL,2Story,40,168000
4,1620,Sawyer,1976,1993,4,1281,1116,1620,0,2,490,Attchd,Unf,1993.0,2,0,8,TA,TA,TA,No,1,TA,9991,70.0,20,RL,1Story,78,150000
6,1639,SWISU,1936,1950,5,1064,0,1166,0,1,240,Detchd,Unf,1936.0,1,0,6,TA,TA,TA,No,0,Npfireplace,10480,51.0,50,RL,1.5Fin,0,115000
6,1680,Crawfor,1915,1976,7,840,0,840,840,1,308,Attchd,Unf,1960.0,2,0,8,TA,TA,Gd,No,0,Npfireplace,15576,63.0,70,RL,2Story,0,177000
7,2172,NridgHt,2006,2006,5,1063,0,1071,1101,3,947,Attchd,RFn,2006.0,2,1,9,Gd,Gd,Ex,No,1,Gd,14154,109.0,60,RL,2Story,62,280000
8,2078,Somerst,2007,2008,5,1034,789,1050,1028,3,836,Attchd,Fin,2008.0,2,1,8,Ex,Gd,Ex,No,1,Gd,10800,85.0,60,FV,2Story,102,339750
5,1276,Edwards,1958,1958,3,1276,0,1276,0,1,350,Attchd,Unf,1958.0,1,0,5,TA,TA,TA,No,0,Npfireplace,9571,68.0,20,RL,1Story,0,60000
5,1056,Gilbert,1955,1955,5,1056,1056,1056,0,2,572,Attchd,Fin,1955.0,1,0,5,TA,TA,TA,Mn,0,Npfireplace,34650,100.0,190,RL,1Story,0,145000
7,1478,Somerst,2009,2009,5,1470,578,1478,0,2,484,Attchd,Fin,2009.0,2,1,7,Gd,Ex,Ex,Av,1,Gd,4403,72.0,20,FV,1Story,144,222000
5,1028,OldTown,1927,1950,6,1008,0,1028,0,2,360,Detchd,Unf,1927.0,1,0,5,TA,TA,TA,No,1,Gd,8960,56.0,30,RM,1Story,0,115000
7,2097,SawyerW,1993,1993,5,1080,50,1080,1017,3,678,Attchd,Unf,1993.0,2,1,9,Gd,Gd,Gd,No,1,TA,11228,59.0,60,RL,2Story,187,228000
7,1340,Gilbert,2007,2007,5,1340,24,1340,0,2,396,Attchd,Fin,2007.0,2,0,6,Gd,Gd,Gd,Av,0,Npfireplace,8899,73.0,20,RL,1Story,30,181134
6,1400,Sawyer,1978,1978,7,672,209,672,728,2,440,Attchd,Fin,1978.0,1,1,6,TA,TA,TA,No,1,TA,7844,74.0,60,RL,2Story,0,149500
6,2624,Crawfor,1918,1950,6,1370,1128,1370,1254,3,864,Detchd,Unf,1918.0,2,1,10,TA,TA,Gd,No,1,Gd,22420,86.0,70,RL,2Story,0,239000
5,1134,Edwards,1940,1950,6,756,312,756,378,1,240,Detchd,Unf,1940.0,1,1,7,TA,TA,TA,No,0,Npfireplace,8160,60.0,50,RL,1.5Fin,0,126000
5,1056,NAmes,1968,1968,6,1056,775,1056,0,1,304,Attchd,Unf,1968.0,1,0,6,TA,TA,TA,No,1,Fa,8450,65.0,20,RL,1Story,85,142000
7,1344,Mitchel,1997,1998,5,1344,1309,1344,0,4,784,Attchd,Fin,1997.0,2,0,8,TA,TA,Gd,Gd,0,Npfireplace,7060,78.0,90,RM,SFoyer,0,206300
6,1602,NWAmes,1977,2000,7,1602,1246,1602,0,2,529,Attchd,Fin,1977.0,2,0,8,Gd,Gd,Gd,No,1,TA,16635,80.0,20,RL,1Story,0,215000
5,988,Mitchel,1954,1954,5,988,0,988,0,2,520,Attchd,RFn,1954.0,1,0,4,TA,TA,TA,No,0,Npfireplace,21750,100.0,20,RL,1Story,0,113000
8,2630,NoRidge,1998,1998,5,1470,986,1470,1160,3,696,Attchd,Fin,1998.0,2,1,8,Gd,Gd,Gd,No,1,TA,9200,80.0,60,RL,2Story,66,315000
6,1196,NAmes,1956,1956,5,1196,616,1196,0,1,297,Attchd,RFn,1956.0,1,0,6,TA,TA,Gd,No,1,Gd,9000,72.0,20,RL,1Story,44,139000
7,1389,OldTown,1946,1992,8,651,0,707,682,1,240,Detchd,Unf,1947.0,1,1,6,TA,TA,TA,No,2,Gd,3378,60.0,60,RM,2Story,0,135000
7,1644,SawyerW,1989,1989,5,1518,1518,1644,0,2,569,Attchd,Fin,1989.0,2,0,5,Gd,Gd,Gd,Gd,1,TA,12800,68.0,80,RL,SLvl,0,275000
4,907,NAmes,1957,1957,6,907,288,907,0,1,352,Detchd,Unf,1964.0,1,0,5,TA,TA,TA,No,0,Npfireplace,8593,77.0,20,RL,1Story,0,109008
7,1208,CollgCr,2007,2007,5,1208,664,1208,0,2,628,Attchd,RFn,2007.0,2,0,6,Gd,Gd,Gd,No,0,Npfireplace,6762,64.0,20,RL,1Story,54,195400
6,1412,Timber,1988,1988,5,1392,1005,1412,0,2,576,Attchd,Unf,1988.0,2,0,6,Gd,TA,Gd,Mn,1,TA,11457,130.0,20,RL,1Story,0,175000
6,987,BrDale,1971,1971,5,483,387,483,504,1,264,Detchd,Unf,1971.0,1,1,4,TA,TA,TA,No,0,Npfireplace,1680,21.0,160,RM,2Story,0,85400
6,1198,OldTown,1920,1998,7,901,0,1088,110,0,0,NoGarage,NoGarage,0.0,1,0,7,TA,TA,TA,No,0,Npfireplace,5586,60.0,50,RM,1.5Fin,98,79900
5,1365,BrDale,1971,1971,5,765,471,765,600,2,440,Detchd,Unf,1971.0,1,1,6,TA,TA,TA,No,0,Npfireplace,1920,24.0,160,RM,2Story,36,122500
6,1604,Gilbert,1997,1998,5,926,0,926,678,2,470,Attchd,Fin,1997.0,2,1,7,TA,TA,Gd,No,1,TA,10839,100.0,60,RL,2Story,36,181000
4,630,MeadowV,1972,1972,7,630,495,630,0,0,0,NoGarage,NoGarage,0.0,1,0,3,TA,TA,Gd,Av,0,Npfireplace,1890,21.0,180,RM,SFoyer,0,81000
7,1661,CollgCr,1996,1996,6,799,385,827,834,2,550,Attchd,RFn,1996.0,2,1,6,Gd,Gd,Gd,Av,1,TA,10667,43.0,60,RL,2Story,61,212000
6,1118,OldTown,1920,1950,8,648,0,734,384,2,440,Detchd,Unf,1990.0,1,0,6,TA,TA,Fa,No,0,Npfireplace,4400,40.0,50,RM,1.5Fin,0,116000
6,904,BrkSide,1926,2004,7,884,0,904,0,1,180,Detchd,Unf,1926.0,1,0,4,TA,Gd,TA,No,0,Npfireplace,6000,50.0,45,RM,1.5Unf,0,119000
5,694,Crawfor,1913,2002,6,440,365,694,0,1,352,Detchd,Unf,1990.0,1,0,4,Gd,TA,TA,No,1,Gd,4280,40.0,30,RL,1Story,0,90350
6,1196,Edwards,1920,2000,8,684,0,684,512,2,528,Detchd,Unf,2005.0,1,0,7,Gd,TA,TA,Mn,0,Npfireplace,12354,67.0,50,RL,1.5Fin,46,110000
10,2402,NridgHt,2008,2008,5,3094,1767,2402,0,3,672,Attchd,Fin,2008.0,2,0,10,Ex,Ex,Ex,Gd,2,Gd,15431,105.0,20,RL,1Story,72,555000
4,1440,Edwards,1955,1955,4,1440,133,1440,0,0,0,NoGarage,NoGarage,0.0,2,0,8,Fa,TA,TA,No,0,Npfireplace,12108,92.0,90,RL,1Story,0,118000
5,1573,BrkSide,1930,1992,7,1078,0,1128,445,2,360,Detchd,Unf,1930.0,2,0,8,TA,TA,TA,No,1,Gd,6240,52.0,50,RM,1.5Fin,0,162900
7,1258,Blmngtn,2006,2007,5,1258,0,1258,0,3,648,Attchd,Fin,2007.0,2,0,6,Gd,Gd,Ex,Av,1,Gd,3922,53.0,120,RL,1Story,16,172500
7,1908,CollgCr,1994,1995,5,915,642,933,975,2,493,Attchd,Unf,1994.0,2,1,8,Gd,Gd,Gd,No,1,TA,8750,70.0,60,RL,2Story,133,210000
6,1689,Edwards,1956,1956,5,1436,0,1689,0,2,480,Attchd,Unf,1956.0,1,0,7,TA,TA,TA,No,1,Gd,9855,73.0,20,RL,1Story,0,127500
6,1888,NAmes,1966,2002,6,1517,247,1888,0,2,578,Attchd,Fin,1966.0,2,1,6,Gd,Gd,TA,No,1,Gd,16492,137.0,20,RL,1Story,0,190000
7,1886,Gilbert,1998,1999,5,930,0,956,930,2,431,Attchd,Fin,1998.0,2,1,10,Gd,Gd,Gd,No,1,TA,11214,65.0,60,RL,2Story,0,199900
6,1376,IDOTRR,1937,1950,6,780,0,780,596,1,198,Detchd,Unf,1937.0,2,0,7,TA,TA,TA,No,1,Gd,8600,50.0,50,RM,1.5Fin,0,119500
3,1183,OldTown,1948,2002,7,649,331,679,504,1,308,Detchd,Unf,1981.0,1,1,6,TA,TA,TA,No,0,Npfireplace,6000,50.0,50,RM,1.5Fin,176,120000
6,813,OldTown,1930,2005,8,813,0,813,0,1,270,Detchd,Unf,1932.0,1,0,5,Gd,TA,TA,No,0,Npfireplace,5684,70.0,30,RM,1Story,113,110000
7,1533,ClearCr,1975,1975,5,1533,655,1533,0,2,576,Attchd,Unf,1975.0,2,0,5,Gd,TA,Gd,Gd,2,TA,70761,62.0,20,RL,1Story,54,280000
6,1756,Timber,1996,1997,5,872,742,888,868,2,422,Attchd,Fin,1996.0,2,1,7,TA,Gd,Ex,No,0,Npfireplace,9303,72.0,60,RL,2Story,122,204000
8,1590,Somerst,2008,2008,5,768,0,786,804,2,676,Attchd,RFn,2008.0,2,1,6,Gd,Gd,Gd,No,0,Npfireplace,9000,75.0,60,FV,2Story,30,210000
5,1728,Mitchel,1976,1976,5,1728,1606,1728,0,2,560,Detchd,Unf,1976.0,2,0,8,TA,TA,TA,No,0,Npfireplace,9297,63.0,90,RL,1Story,0,188000
7,1242,NWAmes,1973,1973,6,1242,916,1242,0,2,528,Attchd,Unf,1973.0,1,1,6,TA,TA,TA,No,1,TA,9600,80.0,20,RL,1Story,0,175500
5,1344,OldTown,1916,1950,5,624,0,624,720,3,513,Detchd,Unf,1916.0,1,0,7,TA,TA,TA,No,0,Npfireplace,4571,34.0,70,RM,2Story,0,98000
4,1663,ClearCr,1954,1994,6,1364,1116,1663,0,2,529,Attchd,Fin,1954.0,1,0,6,Gd,TA,Gd,Gd,2,Gd,53227,80.0,20,RL,1Story,137,256000
8,1666,OldTown,1925,1996,7,588,0,833,833,1,228,Detchd,Unf,1925.0,1,0,7,Gd,TA,TA,No,1,Gd,5100,60.0,70,RM,2Story,63,161000
5,1203,BrkSide,1950,1950,4,709,185,979,224,1,352,Detchd,Unf,1950.0,1,0,5,Gd,TA,TA,No,1,TA,7015,51.0,50,RL,1.5Fin,0,110000
8,1935,Somerst,2009,2009,5,832,544,832,1103,2,552,BuiltIn,Fin,2009.0,2,1,8,TA,Gd,Gd,No,0,Npfireplace,8004,75.0,60,FV,2Story,150,263435
7,1135,SWISU,1936,2007,9,560,350,575,560,2,576,Detchd,RFn,1971.0,1,0,6,Gd,Gd,Gd,No,0,Npfireplace,7200,60.0,70,RL,2Story,0,155000
5,864,Sawyer,1965,1965,5,864,553,864,0,1,360,Detchd,Unf,1965.0,1,0,5,TA,TA,TA,No,1,Po,8281,60.0,20,RL,1Story,0,62383
6,1660,Crawfor,1934,1995,7,715,326,849,811,1,240,Detchd,Unf,1939.0,1,1,6,TA,TA,TA,No,1,Gd,11988,74.0,70,RL,2Story,0,188700
5,1040,CollgCr,1978,1978,5,1040,616,1040,0,0,0,NoGarage,NoGarage,0.0,2,0,5,TA,TA,Gd,No,0,Npfireplace,8430,60.0,20,RL,1Story,0,124000
7,1414,Blmngtn,2004,2004,5,1375,0,1414,0,2,398,Attchd,Fin,2004.0,2,0,6,Gd,Gd,Gd,No,1,TA,3072,43.0,120,RM,1Story,20,178740
7,1277,NAmes,1970,1970,5,1277,778,1277,0,2,526,Attchd,Unf,1970.0,1,0,5,TA,TA,TA,Gd,1,Po,10628,85.0,20,RL,1Story,0,167000
5,1644,NAmes,1942,1995,7,728,386,888,756,1,312,Attchd,Unf,1942.0,1,1,7,Gd,TA,TA,No,2,Gd,9480,79.0,70,RL,2Story,0,146500
8,1634,NridgHt,2006,2006,5,1626,0,1634,0,3,866,Attchd,RFn,2006.0,2,0,7,Gd,Gd,Gd,No,1,Gd,11428,98.0,20,RL,1Story,44,250000
6,1710,SawyerW,1993,1993,5,832,426,832,878,2,506,Attchd,RFn,1993.0,2,1,7,Gd,Gd,Gd,No,0,Npfireplace,9291,76.0,60,RL,2Story,70,187000
8,1502,StoneBr,1985,1985,5,1488,368,1502,0,2,528,Attchd,RFn,1985.0,1,1,4,Gd,Gd,Gd,Av,0,Npfireplace,6820,63.0,120,RL,1Story,54,212000
7,1969,NWAmes,1977,1977,6,808,0,1161,808,2,534,Attchd,RFn,1977.0,2,1,8,TA,TA,Gd,No,1,Gd,11952,92.0,60,RL,2Story,0,190000
6,1072,Edwards,2005,2005,5,547,459,1072,0,2,525,Basment,RFn,2005.0,1,0,5,TA,TA,Gd,Gd,0,Npfireplace,3675,35.0,180,RM,SLvl,28,148000
8,1976,NridgHt,2006,2007,5,1976,1350,1976,0,3,908,Attchd,RFn,2006.0,2,0,7,Gd,Gd,Ex,Gd,1,Ex,14977,110.0,20,RL,1Story,63,440000
8,1652,StoneBr,2000,2000,5,1494,1196,1652,0,2,499,Attchd,RFn,2000.0,2,0,6,Ex,Gd,Gd,Av,0,Npfireplace,5330,41.0,120,RL,1Story,48,251000
5,970,Sawyer,1963,1963,6,970,630,970,0,2,624,Detchd,Unf,1996.0,1,0,5,TA,TA,TA,No,0,Npfireplace,8480,80.0,20,RL,1Story,24,132500
6,1493,CollgCr,1997,1998,5,1478,994,1493,0,2,508,Attchd,Fin,1997.0,2,0,7,Gd,TA,Gd,Gd,1,TA,13125,75.0,20,RL,1Story,39,208900
9,2643,NridgHt,2006,2006,5,2153,0,2069,574,3,694,BuiltIn,Fin,2006.0,2,1,9,Ex,Ex,Gd,Av,1,Gd,13693,105.0,60,RL,2Story,84,380000
8,1718,CollgCr,2007,2008,5,1705,1288,1718,0,3,826,Attchd,RFn,2007.0,2,0,7,Gd,Gd,Ex,Gd,1,Gd,10637,79.0,20,RL,1Story,44,297000
4,1131,OldTown,1937,2000,7,907,168,1131,0,2,672,Detchd,Unf,1995.0,1,0,7,TA,TA,Fa,No,0,Npfireplace,5925,50.0,30,RM,1Story,72,89471
9,1850,NridgHt,2004,2005,5,1833,1261,1850,0,3,772,Attchd,Fin,2004.0,2,0,8,Gd,Gd,Ex,Gd,1,Gd,16033,98.0,20,RL,1Story,112,326000
9,1792,NridgHt,2003,2004,5,1792,1567,1792,0,3,874,Attchd,Fin,2003.0,2,0,6,Ex,Gd,Ex,Gd,1,Gd,11846,72.0,20,RL,1Story,49,374000
7,1826,OldTown,1915,2005,8,910,299,916,910,1,164,Attchd,Unf,1915.0,1,1,7,Ex,Gd,TA,No,1,Gd,2500,50.0,70,RM,2Story,0,155000
6,1216,Mitchel,1998,1998,5,1216,897,1216,0,2,402,Attchd,Unf,1998.0,2,0,5,TA,TA,Ex,No,0,Npfireplace,4500,32.0,120,RM,1Story,125,164000
5,999,Sawyer,1962,2001,7,999,588,999,0,1,264,Detchd,Unf,1963.0,1,0,6,Gd,TA,TA,No,0,Npfireplace,7758,70.0,20,RL,1Story,132,132500
5,1113,NAmes,1950,2007,7,1113,607,1113,0,1,264,Attchd,Unf,1950.0,1,0,5,Gd,Gd,TA,No,1,Gd,9600,80.0,20,RL,1Story,80,147000
5,1073,NAmes,1965,1965,7,1073,836,1073,0,2,515,Attchd,RFn,1965.0,1,1,6,TA,TA,TA,No,0,Npfireplace,10289,79.0,20,RL,1Story,0,156000
5,1484,NWAmes,1971,1971,6,1484,998,1484,0,2,487,Attchd,Unf,1971.0,2,0,7,TA,TA,Gd,Av,1,TA,12243,70.0,20,RL,1Story,0,175000
5,2414,OldTown,1900,1970,4,954,664,1766,648,2,520,Attchd,Unf,1970.0,2,0,10,TA,TA,TA,No,1,Gd,10800,60.0,190,RL,1.5Fin,0,160000
4,630,MeadowV,1970,2002,8,630,515,630,0,1,286,Attchd,Unf,1970.0,1,0,3,Gd,TA,Gd,Av,0,Npfireplace,1526,21.0,180,RM,SFoyer,0,86000
5,1304,MeadowV,1976,1976,6,264,0,616,688,1,336,BuiltIn,Fin,1976.0,1,1,4,TA,TA,Gd,Mn,1,Gd,2665,21.0,160,RM,2Story,24,115000
6,1578,NAmes,1941,1950,7,806,403,958,620,1,240,Attchd,Unf,1941.0,1,0,5,Fa,TA,TA,No,2,TA,9490,79.0,50,RL,1.5Fin,0,133000
6,1456,Gilbert,2006,2006,5,728,0,728,728,2,429,Attchd,RFn,2006.0,2,1,8,TA,Gd,Gd,No,0,Npfireplace,15578,105.0,60,RL,2Story,0,172785
5,1269,NAmes,1960,1960,6,1269,374,1269,0,1,308,Detchd,Unf,1964.0,1,1,6,TA,TA,TA,No,1,Fa,7931,70.0,20,RL,1Story,0,155000
5,886,OldTown,1938,1996,8,190,0,886,0,1,273,Attchd,Unf,1938.0,1,0,4,TA,TA,Fa,No,0,Npfireplace,5784,50.0,30,RM,1Story,20,91300
4,720,IDOTRR,1920,1950,5,720,495,720,0,0,0,NoGarage,NoGarage,0.0,1,0,4,TA,TA,TA,No,0,Npfireplace,7879,60.0,30,C (all),1Story,523,34900
8,3228,NoRidge,1992,1993,5,3200,1231,3228,0,2,546,Attchd,RFn,1992.0,3,0,10,Gd,Gd,Gd,No,1,Gd,12692,91.0,20,RL,1Story,75,430000
7,1820,BrkSide,1925,1950,6,1026,329,1133,687,1,240,Detchd,Unf,1925.0,2,0,8,TA,TA,TA,No,0,Npfireplace,9120,60.0,50,RL,1.5Fin,100,184000
5,899,Sawyer,1967,2004,7,864,450,899,0,1,288,Attchd,Fin,1967.0,1,0,5,Gd,TA,TA,No,0,Npfireplace,7800,65.0,20,RL,1Story,0,130000
5,912,NAmes,1958,1985,7,912,111,912,0,1,297,Attchd,Fin,1958.0,1,0,5,TA,TA,TA,No,0,Npfireplace,7535,70.0,20,RL,1Story,285,120000
6,1218,BrDale,1973,1973,5,672,356,672,546,1,264,Detchd,Unf,1973.0,1,1,7,TA,TA,TA,No,0,Npfireplace,1890,21.0,160,RM,2Story,28,113000
7,1768,Somerst,2005,2005,5,866,400,866,902,2,603,Attchd,RFn,2005.0,2,1,7,Gd,Gd,Gd,No,0,Npfireplace,9803,75.0,60,FV,2Story,108,226700
5,1214,Edwards,1965,1965,7,1214,698,1214,0,2,461,Detchd,Unf,1965.0,1,0,6,TA,TA,TA,No,0,Npfireplace,9170,70.0,20,RL,1Story,0,140000
7,1801,Crawfor,1959,1997,8,1501,1247,1801,0,2,484,Attchd,Fin,1959.0,2,0,6,TA,TA,TA,No,2,TA,15602,100.0,20,RL,1Story,54,289000
6,1322,NPkVill,1974,1974,5,855,257,855,467,2,440,Attchd,Unf,1974.0,2,1,6,TA,TA,TA,No,1,Fa,2308,24.0,160,RL,2Story,0,147000
5,1960,OldTown,1952,1952,5,960,0,960,1000,2,400,Detchd,Unf,1952.0,2,0,10,TA,TA,TA,No,0,Npfireplace,7596,60.0,90,RM,2Story,0,124500
8,1911,SawyerW,1993,1994,5,777,380,1065,846,2,471,Attchd,RFn,1993.0,2,1,8,Gd,Gd,Gd,No,1,TA,9554,80.0,60,RL,2Story,81,215000
6,1218,Somerst,2009,2009,5,1218,27,1218,0,2,676,Attchd,Fin,2009.0,2,0,4,Gd,Gd,Gd,No,0,Npfireplace,7862,75.0,20,FV,1Story,102,208300
7,1378,OldTown,1928,2005,9,689,141,689,689,2,360,Detchd,Unf,1928.0,2,0,7,Gd,TA,TA,No,1,Gd,9600,60.0,70,RM,2Story,0,161000
5,1041,NAmes,1959,1959,6,1041,991,1041,0,1,270,Attchd,RFn,1959.0,1,0,6,TA,TA,TA,No,0,Npfireplace,9600,80.0,20,RL,1Story,88,124500
5,1363,NAmes,1951,2000,7,1008,650,1363,0,1,288,CarPort,Unf,1951.0,1,0,6,TA,Gd,TA,No,2,TA,14559,75.0,20,RL,1Story,42,164900
7,1368,NridgHt,2005,2006,5,1368,0,1368,0,2,474,Attchd,RFn,2005.0,2,0,6,Gd,Gd,Gd,No,1,Gd,6792,40.0,120,RL,1Story,35,202665
5,864,NAmes,1958,1958,5,864,521,864,0,2,624,Detchd,Unf,1964.0,1,0,5,TA,TA,TA,No,0,Npfireplace,9100,70.0,20,RL,1Story,0,129900
6,1080,Mitchel,1983,1983,5,1084,336,1080,0,2,484,Attchd,Unf,1983.0,1,1,5,TA,TA,TA,No,0,Npfireplace,9187,71.0,20,RL,1Story,0,134000
5,789,Crawfor,1926,1950,5,768,0,789,0,1,200,Detchd,Unf,1926.0,1,0,5,TA,TA,TA,No,0,Npfireplace,10594,55.0,45,RL,1.5Unf,0,96500
10,2020,NridgHt,2009,2009,5,2006,1436,2020,0,3,900,Attchd,Fin,2009.0,2,1,9,Ex,Ex,Ex,No,1,Gd,12220,94.0,20,RL,1Story,54,402861
6,2119,NWAmes,1972,1972,6,689,0,1378,741,2,583,Attchd,RFn,1972.0,2,1,7,TA,TA,TA,No,1,TA,10448,80.0,80,RL,SLvl,104,158000
7,2344,NoRidge,1996,1997,5,1264,0,1277,1067,3,889,Attchd,RFn,1996.0,2,1,7,Gd,Gd,Gd,No,1,TA,10208,79.0,60,RL,2Story,0,265000
6,1796,CollgCr,1998,1998,5,794,706,882,914,2,546,Attchd,RFn,1998.0,2,1,7,TA,TA,Gd,Mn,0,Npfireplace,9531,69.0,60,RL,2Story,36,211000
7,2080,Crawfor,1926,2004,9,1276,0,1276,804,1,282,Detchd,Unf,1926.0,1,1,9,Gd,Gd,Gd,No,2,Gd,10918,53.0,70,RL,2Story,0,234000
4,1294,OldTown,1900,2000,7,0,0,694,600,0,0,NoGarage,NoGarage,0.0,2,0,7,TA,TA,NoBasement,NoBasement,0,Npfireplace,10800,60.0,190,RL,2Story,114,106250
6,1244,NAmes,1957,1957,6,1244,777,1244,0,1,336,Attchd,Unf,1957.0,1,1,6,TA,TA,TA,No,2,Gd,11988,90.0,20,RL,1Story,40,150000
6,1664,BrkSide,1947,1950,7,1004,399,1004,660,2,420,Detchd,Unf,1950.0,2,0,7,TA,TA,TA,No,2,Gd,5000,50.0,50,RM,1.5Fin,24,159000
10,4676,Edwards,2007,2008,5,3138,2260,3138,1538,3,884,BuiltIn,Fin,2007.0,3,1,11,Ex,Ex,Ex,Gd,1,Gd,40094,130.0,60,RL,2Story,406,184750
7,2398,NoRidge,1996,1997,5,1379,719,1383,1015,3,834,Attchd,Fin,1996.0,2,1,8,Gd,Gd,Gd,No,1,TA,11787,95.0,60,RL,2Story,60,315750
7,1266,Somerst,2005,2005,5,1257,0,1266,0,2,453,Attchd,Unf,2005.0,2,0,6,Gd,Gd,Gd,No,1,TA,7500,62.0,20,FV,1Story,144,176000
5,928,NAmes,1956,2000,7,928,377,928,0,1,252,Attchd,Unf,1956.0,1,0,4,TA,TA,Gd,No,0,Npfireplace,13300,70.0,20,RL,1Story,0,132000
9,2713,NridgHt,2008,2008,5,1452,1330,1476,1237,3,858,Attchd,Fin,2008.0,2,1,11,Ex,Ex,Ex,Av,1,Gd,14948,67.0,60,RL,2Story,66,446261
4,605,Edwards,1920,2002,7,528,348,605,0,0,0,NoGarage,NoGarage,0.0,1,0,5,TA,TA,TA,Mn,0,Npfireplace,9098,58.0,30,RL,1Story,0,86000
6,1509,Timber,1988,1989,5,1461,783,1509,0,2,600,Attchd,RFn,1988.0,2,0,5,Gd,Gd,Gd,Av,1,Fa,10200,85.0,80,RL,SLvl,0,175000
6,1362,BrkSide,1920,1999,8,611,0,751,611,2,502,Detchd,Fin,1920.0,2,0,6,TA,TA,Fa,Mn,0,Npfireplace,6155,60.0,70,RM,2Story,0,128000
5,827,NAmes,1955,2007,7,0,0,827,0,1,392,Detchd,Unf,1967.0,1,0,5,TA,TA,NoBasement,NoBasement,1,Po,7200,60.0,20,RL,1Story,0,107500
1,334,BrkSide,1946,1950,3,0,0,334,0,0,0,NoGarage,NoGarage,0.0,1,0,2,Fa,Fa,NoBasement,NoBasement,0,Npfireplace,5000,50.0,20,RL,1Story,0,39300
8,1414,Gilbert,2004,2004,5,707,0,707,707,2,403,Attchd,Fin,2004.0,2,1,6,Gd,Gd,Ex,Av,1,Gd,9056,74.0,60,RL,2Story,35,178000
5,1347,Edwards,1910,1991,7,1117,969,820,527,0,0,NoGarage,NoGarage,0.0,1,0,5,TA,TA,Gd,Gd,0,Npfireplace,7000,70.0,190,RL,2Story,0,107500
7,1724,CollgCr,1998,1999,5,880,0,880,844,2,527,Attchd,Fin,1998.0,2,1,8,Gd,TA,Gd,Av,0,Npfireplace,8924,57.0,60,RL,2Story,155,188000
4,864,NAmes,1972,1972,5,864,600,864,0,2,576,Detchd,Unf,1980.0,1,0,5,TA,TA,TA,No,0,Npfireplace,12735,73.0,20,RL,1Story,0,111250
5,1159,Sawyer,1968,1968,5,1051,673,1159,0,1,336,Attchd,Unf,1968.0,1,1,7,TA,TA,TA,No,1,Fa,11553,70.0,20,RL,1Story,0,158000
8,1601,CollgCr,2001,2002,5,1581,1358,1601,0,2,670,Attchd,RFn,2001.0,2,0,6,Gd,Gd,Gd,Av,1,TA,11423,69.0,20,RL,1Story,0,272000
9,1838,Timber,2006,2006,5,1838,1260,1838,0,3,765,Attchd,Fin,2006.0,2,0,8,Ex,Ex,Ex,Av,1,Gd,14601,85.0,20,RL,1Story,68,315000
8,2285,NoRidge,2000,2000,5,969,0,997,1288,3,648,BuiltIn,Fin,2000.0,2,1,8,Gd,Gd,Gd,No,1,TA,11000,91.0,60,RL,2Story,56,248000
7,1680,NWAmes,1998,1999,5,1650,144,1680,0,2,583,Attchd,Fin,1998.0,2,0,7,Gd,Gd,Ex,No,1,TA,10140,78.0,20,RL,1Story,73,213250
7,767,NAmes,1998,1998,5,723,584,767,0,1,367,Attchd,Fin,1998.0,1,0,4,TA,TA,Gd,Av,0,Npfireplace,4058,34.0,120,RH,SFoyer,40,133000
7,1496,Gilbert,2006,2006,5,654,554,664,832,2,426,Attchd,RFn,2006.0,2,1,7,Gd,Gd,Gd,Av,1,Gd,17104,58.0,60,RL,2Story,24,179665
7,2183,NWAmes,1988,1988,5,1204,1002,1377,806,3,786,Attchd,Unf,1988.0,2,1,9,Gd,Gd,Gd,No,0,Npfireplace,13837,80.0,50,RL,1.5Fin,0,229000
6,1635,BrkSide,1923,1950,7,1065,300,915,720,2,440,Detchd,Unf,1950.0,1,1,6,TA,TA,Gd,No,1,Gd,8737,70.0,50,RL,1.5Fin,38,210000
5,768,Mitchel,1970,1970,7,768,619,768,0,2,624,Detchd,Unf,1987.0,1,0,5,TA,TA,Gd,Av,0,Npfireplace,7244,54.0,85,RL,SFoyer,0,129500
5,825,OldTown,1955,1995,7,825,180,825,0,2,720,Detchd,RFn,1963.0,1,0,4,TA,TA,TA,No,0,Npfireplace,8235,49.0,20,RM,1Story,50,125000
7,2094,Somerst,2003,2004,5,912,0,912,1182,2,615,BuiltIn,Fin,2003.0,2,1,8,Gd,Gd,Gd,No,1,Gd,9375,75.0,60,FV,2Story,182,263000
6,1069,NPkVill,1977,1977,6,1069,559,1069,0,2,440,Attchd,RFn,1977.0,2,0,4,TA,TA,Gd,No,0,Npfireplace,4043,53.0,120,RL,1Story,55,140000
5,928,OldTown,1957,1957,6,928,308,928,0,1,288,Attchd,Fin,1957.0,1,0,5,TA,TA,TA,No,0,Npfireplace,6000,50.0,20,RM,1Story,0,112500
8,1717,NridgHt,2006,2006,5,1709,0,1717,0,3,908,Attchd,RFn,2006.0,2,0,7,Gd,Gd,Ex,Av,1,Gd,11146,87.0,20,RL,1Story,39,255500
4,1126,Edwards,1949,2003,5,0,0,1126,0,2,520,Detchd,Fin,2002.0,2,0,5,Gd,TA,NoBasement,NoBasement,0,Npfireplace,8777,67.0,20,RL,1Story,96,108000
7,2046,NridgHt,2003,2004,5,998,866,1006,1040,3,871,BuiltIn,RFn,2003.0,2,1,8,Gd,Gd,Gd,No,1,Gd,10625,85.0,60,RL,2Story,62,284000
5,1048,BrkSide,1922,1950,6,993,0,1048,0,1,280,Detchd,Unf,1922.0,1,0,5,TA,TA,TA,No,1,Gd,6380,58.0,45,RM,1.5Unf,0,113000
5,1092,NAmes,1957,1957,5,1092,895,1092,0,1,299,Attchd,Fin,1957.0,1,0,6,TA,TA,TA,No,1,TA,14850,69.0,20,RL,1Story,0,141000
4,1336,IDOTRR,1920,1950,6,637,637,897,439,1,570,CarPort,Unf,1994.0,1,1,7,TA,TA,TA,No,0,Npfireplace,11040,60.0,50,C (all),1.5Fin,47,108000
7,1446,Gilbert,1996,1997,5,729,604,729,717,2,406,Attchd,Unf,1996.0,2,1,6,TA,TA,Gd,Gd,1,TA,21872,57.0,60,RL,2Story,22,175000
7,1557,Blmngtn,2003,2004,5,1374,0,1557,0,2,420,Attchd,Fin,2003.0,2,0,7,Gd,Gd,Gd,Gd,1,TA,3196,43.0,120,RL,1Story,20,234000
5,1392,Sawyer,1957,1996,6,1392,1302,1392,0,2,528,Detchd,Unf,1957.0,1,1,5,TA,TA,Gd,No,1,Gd,11341,70.0,20,RL,1Story,0,121500
5,1389,Mitchel,1974,1975,5,1389,1071,1389,0,2,418,Attchd,RFn,1975.0,1,0,6,TA,TA,Gd,Av,1,TA,10010,77.0,20,RL,1Story,38,170000
5,996,Edwards,1940,1969,6,996,290,996,0,0,0,NoGarage,NoGarage,0.0,1,0,6,TA,TA,TA,No,1,Gd,13907,63.0,30,RL,1Story,0,108000
6,1674,Edwards,1918,1950,7,1163,0,1163,511,2,396,Detchd,Fin,1955.0,2,0,8,TA,TA,Gd,Mn,1,Gd,21780,66.0,50,RL,1.5Fin,36,185000
7,2295,NoRidge,1992,2000,5,1095,728,1166,1129,2,590,Attchd,RFn,1992.0,2,1,9,Gd,Gd,Gd,No,1,TA,13346,91.0,60,RL,2Story,40,268000
6,1647,SWISU,1915,1950,4,806,0,841,806,1,216,Detchd,Unf,1920.0,1,1,6,Fa,TA,Gd,No,0,Npfireplace,6858,66.0,70,RL,2Story,66,128000
9,2504,StoneBr,2005,2007,5,1122,0,1134,1370,3,656,BuiltIn,Fin,2005.0,2,1,11,Ex,Gd,Gd,No,1,Gd,11198,77.0,60,RL,2Story,39,325000
7,1535,NridgHt,2004,2004,5,1517,2,1535,0,2,532,Attchd,RFn,2004.0,2,0,7,Gd,Gd,Gd,No,0,Npfireplace,10171,70.0,20,RL,1Story,0,214000
8,2132,SawyerW,1983,2009,8,1496,1441,1496,636,2,612,BuiltIn,Fin,1983.0,1,1,5,Gd,Gd,Gd,Gd,1,Gd,12327,79.0,50,RL,1.5Fin,40,316600
5,943,NAmes,1979,1979,5,943,943,943,0,2,600,Detchd,Unf,1979.0,1,0,4,TA,TA,Gd,Gd,2,TA,7032,73.0,90,RL,SFoyer,0,135960
5,1728,NAmes,1965,1965,5,1728,231,1728,0,2,576,Detchd,Unf,1987.0,2,0,10,TA,TA,TA,No,0,Npfireplace,13101,74.0,90,RL,1Story,0,142600
6,864,NAmes,1959,1959,6,864,414,864,0,1,288,Attchd,Unf,1959.0,1,0,4,Gd,TA,TA,No,0,Npfireplace,7332,60.0,20,RL,1Story,0,120000
7,1692,Timber,2009,2009,5,846,0,846,846,2,650,Attchd,RFn,2009.0,2,1,6,Gd,TA,Ex,Av,0,Npfireplace,13159,83.0,60,RL,2Story,114,224500
7,1430,Gilbert,2000,2000,5,384,0,774,656,2,400,BuiltIn,RFn,2000.0,2,1,8,TA,TA,Gd,No,1,TA,9967,76.0,80,RL,SLvl,0,170000
5,1109,NAmes,1971,2005,7,372,349,576,533,1,288,BuiltIn,Unf,1971.0,1,0,5,TA,TA,TA,Av,0,Npfireplace,10500,70.0,80,RL,SLvl,0,139000
5,1216,NAmes,1947,1950,5,832,442,832,384,1,336,Detchd,Unf,1947.0,1,0,6,TA,TA,TA,No,0,Npfireplace,8480,80.0,50,RL,1.5Fin,0,118500
7,1477,SWISU,1928,1950,7,861,0,877,600,1,216,Detchd,Unf,1928.0,2,0,6,TA,TA,TA,No,1,Gd,6292,52.0,50,RL,1.5Fin,50,145000
5,1320,Sawyer,1966,1966,6,1164,328,1320,0,2,564,Attchd,RFn,1966.0,1,0,6,TA,TA,TA,Av,2,Fa,11777,96.0,80,RL,SLvl,68,164500
7,1392,Somerst,2007,2007,5,689,0,703,689,2,540,Detchd,Unf,2007.0,2,0,5,Gd,Gd,Gd,No,0,Npfireplace,3604,34.0,160,FV,2Story,102,146000
5,1795,OldTown,1954,1954,5,1050,0,1050,745,1,352,Attchd,Unf,1954.0,2,0,7,TA,TA,TA,No,0,Npfireplace,12150,81.0,50,RM,1.5Fin,0,131500
6,1429,NAmes,1960,1987,6,1144,594,1429,0,2,572,Attchd,Unf,1960.0,1,0,7,Gd,TA,TA,No,2,Gd,14585,73.0,20,RL,1Story,110,181900
8,2042,NridgHt,2008,2009,5,2042,0,2042,0,3,1390,Attchd,RFn,2009.0,2,1,8,Ex,Ex,Ex,No,1,Gd,12704,98.0,20,RL,1Story,90,253293
6,816,Edwards,1990,1990,5,816,816,816,0,0,0,NoGarage,NoGarage,0.0,1,0,5,TA,TA,Gd,Av,0,Npfireplace,11841,81.0,90,RL,SFoyer,32,118500
10,2775,OldTown,1893,2000,9,1237,0,1521,1254,2,880,Detchd,Unf,1988.0,3,1,9,Gd,Ex,TA,No,1,Gd,13500,75.0,75,RM,2.5Unf,502,325000
4,1573,BrkSide,1935,1995,7,884,0,989,584,1,240,Detchd,Unf,1935.0,1,0,6,Gd,TA,TA,No,0,Npfireplace,6120,51.0,50,RM,1.5Fin,0,133000
8,2028,Timber,2005,2006,5,1868,1460,2028,0,3,880,Attchd,RFn,2005.0,2,0,7,Gd,Gd,Ex,Gd,2,Gd,11443,88.0,20,RL,1Story,66,369900
6,838,BrkSide,1918,2000,7,816,210,838,0,1,275,Detchd,Fin,1961.0,1,0,5,Fa,TA,TA,Mn,0,Npfireplace,10267,55.0,30,RL,1Story,0,130000
5,860,Sawyer,1982,1982,6,840,672,860,0,2,528,Detchd,Unf,1996.0,1,0,4,TA,TA,TA,Av,0,Npfireplace,8740,74.0,85,RL,SFoyer,0,137000
5,1473,ClearCr,1968,2003,8,1437,1324,1473,0,1,452,Attchd,Unf,1968.0,1,0,5,Ex,TA,TA,Gd,2,Gd,25095,65.0,20,RL,1Story,48,143000
5,935,BrkSide,1930,1960,6,742,0,779,0,1,308,Detchd,Unf,1988.0,1,0,4,TA,TA,TA,No,0,Npfireplace,9100,50.0,40,RM,1Story,0,79500
7,1582,CollgCr,2004,2004,5,770,490,770,812,2,520,Attchd,RFn,2004.0,2,1,6,Gd,Gd,Gd,No,0,Npfireplace,8320,64.0,60,RL,2Story,45,185900
10,2296,NridgHt,2008,2008,5,1722,1338,1728,568,3,842,BuiltIn,RFn,2008.0,2,1,10,Ex,Ex,Ex,Gd,1,Gd,13478,97.0,60,RL,2Story,274,451950
5,816,Mitchel,1982,2003,8,816,816,816,0,2,816,Detchd,Fin,1985.0,1,0,4,TA,TA,TA,No,0,Npfireplace,6600,60.0,20,RL,1Story,0,138000
6,848,CollgCr,2003,2003,5,848,685,848,0,2,420,Attchd,Fin,2003.0,1,0,4,Gd,Gd,Gd,Av,0,Npfireplace,4435,69.0,120,RM,1Story,0,140000
5,924,CollgCr,1975,1975,6,924,0,924,0,1,280,Detchd,Unf,1981.0,1,0,5,TA,TA,Gd,No,0,Npfireplace,7990,88.0,20,RL,1Story,0,110000
8,1826,StoneBr,2005,2006,5,1814,1422,1826,0,3,758,Attchd,Fin,2005.0,2,0,7,Gd,Gd,Gd,Gd,1,TA,11302,69.0,20,RL,1Story,75,319000
6,1368,OldTown,1910,1993,7,684,0,684,684,1,216,Detchd,Unf,1930.0,1,0,7,TA,TA,TA,No,0,Npfireplace,3600,60.0,70,RM,2Story,158,114504
7,1402,Blmngtn,2006,2007,5,1258,0,1402,0,3,648,Attchd,Fin,2006.0,0,2,7,Gd,Gd,Ex,Av,1,Gd,3922,53.0,120,RL,1Story,16,194201
5,1647,Crawfor,1977,1977,6,1430,1283,1647,0,2,621,Attchd,Fin,1977.0,2,0,7,Gd,TA,Gd,Mn,1,TA,12984,80.0,20,RL,1Story,0,217500
6,1556,Blueste,1980,1980,6,716,81,716,840,2,452,Attchd,Fin,1980.0,2,1,6,TA,TA,Gd,No,1,TA,1950,24.0,160,RM,2Story,0,151000
8,1904,NridgHt,2005,2005,5,1058,546,1058,846,2,736,BuiltIn,Fin,2003.0,2,1,8,Ex,Gd,Gd,Av,1,Gd,10927,74.0,60,RL,2Story,60,275000
6,1375,IDOTRR,1937,1950,6,780,0,780,595,1,544,Detchd,Unf,1979.0,1,1,6,Gd,TA,TA,No,1,Gd,9000,50.0,50,RM,1.5Fin,162,141000
8,1915,SawyerW,1992,1992,5,908,789,927,988,2,506,Attchd,Fin,1992.0,2,1,8,Gd,Gd,Gd,Mn,1,TA,10041,80.0,60,RL,2Story,150,220000
7,1200,Somerst,2004,2005,5,600,0,600,600,2,480,Detchd,RFn,2004.0,2,1,4,Gd,Gd,Gd,No,0,Npfireplace,3182,30.0,160,FV,2Story,172,151000
7,1494,CollgCr,2002,2002,5,1494,922,1494,0,2,530,Attchd,RFn,2002.0,2,0,6,Gd,Gd,Gd,Mn,1,TA,12803,88.0,20,RL,1Story,36,221000
7,1986,NAmes,1965,1990,6,768,454,1186,800,2,486,Attchd,Unf,1965.0,2,1,7,TA,TA,TA,No,3,Fa,13600,85.0,60,RL,2Story,42,205000
5,1040,CollgCr,1996,1996,5,1040,732,1040,0,2,576,Detchd,Unf,2000.0,1,0,6,Gd,TA,Gd,No,0,Npfireplace,12464,82.0,20,RL,1Story,0,152000
5,2008,Edwards,1948,2002,8,896,603,1112,896,1,230,Attchd,Unf,1948.0,3,0,8,Ex,TA,TA,No,0,Npfireplace,7800,78.0,20,RL,2Story,0,225000
8,3194,Crawfor,1934,1998,6,965,428,1940,1254,2,380,Basment,Unf,1934.0,2,1,10,TA,TA,Gd,Mn,2,Gd,12168,78.0,70,RL,2Story,0,359100
4,1029,Sawyer,1961,1961,5,1029,903,1029,0,1,261,Attchd,Unf,1961.0,1,0,5,TA,TA,TA,Mn,0,Npfireplace,7943,61.0,20,RL,1Story,0,118500
9,2153,CollgCr,2000,2000,5,1440,904,1476,677,3,736,Attchd,Fin,2000.0,2,1,8,Ex,Gd,Ex,Mn,2,Ex,11050,69.0,60,RL,2Story,142,313000
6,1032,NWAmes,1978,1978,6,1032,605,1032,0,2,564,Attchd,Unf,1978.0,2,0,6,TA,TA,Gd,Av,1,TA,10395,80.0,80,RL,SLvl,0,148000
8,1872,CollgCr,2001,2001,5,1299,990,1299,573,2,531,BuiltIn,RFn,2001.0,2,1,7,Ex,Gd,Gd,Av,1,TA,11885,69.0,60,RL,2Story,122,261500
5,1120,Mitchel,2007,2007,5,1120,206,1120,0,0,0,NoGarage,NoGarage,0.0,1,0,6,TA,TA,Gd,No,0,Npfireplace,8402,70.0,20,RL,1Story,30,147000
4,630,MeadowV,1972,1972,6,630,150,630,0,0,0,NoGarage,NoGarage,0.0,1,0,3,TA,TA,Gd,Av,0,Npfireplace,1491,21.0,180,RM,SFoyer,24,75500
6,1054,NAmes,1963,1963,7,936,763,1054,0,2,480,Attchd,RFn,1963.0,1,0,6,Gd,TA,TA,Gd,0,Npfireplace,8800,80.0,85,RL,SFoyer,0,137500
6,1509,Gilbert,2002,2003,5,783,457,807,702,2,393,Attchd,Fin,2002.0,2,1,7,Gd,Gd,Gd,No,1,Gd,7861,65.0,60,RL,2Story,75,183200
6,832,NAmes,1954,1954,6,832,0,832,0,2,528,Detchd,Unf,1962.0,1,0,4,Gd,TA,TA,No,0,Npfireplace,7227,59.0,45,RL,1.5Unf,0,105500
9,1828,NridgHt,2007,2007,5,1822,48,1828,0,3,774,Attchd,Unf,2007.0,2,0,9,Gd,Ex,Ex,Av,1,Gd,11694,90.0,20,RL,1Story,108,314813
8,2262,Timber,2003,2003,5,1482,871,1482,780,3,749,Attchd,Fin,2003.0,2,1,10,Gd,Gd,Gd,Gd,2,Gd,12244,85.0,60,RL,2Story,0,305000
3,864,Edwards,1914,1950,3,864,41,864,0,0,0,NoGarage,NoGarage,0.0,1,0,5,TA,TA,TA,No,0,Npfireplace,8248,45.0,30,RL,1Story,0,67000
6,2614,NWAmes,1974,1997,7,1522,956,1548,1066,2,624,Attchd,RFn,1974.0,2,1,9,TA,TA,TA,No,1,TA,10800,90.0,60,RL,2Story,243,240000
5,980,Sawyer,1977,1977,6,980,560,980,0,2,484,Detchd,Unf,1986.0,1,0,6,TA,TA,TA,No,0,Npfireplace,7064,71.0,20,RL,1Story,0,135000
6,1512,Somerst,2000,2000,5,756,420,756,756,2,440,Detchd,Unf,2000.0,2,1,4,Gd,Gd,Gd,No,1,TA,2117,72.0,160,FV,2Story,32,168500
6,1790,NWAmes,1972,1972,5,732,247,1012,778,2,484,Attchd,RFn,1972.0,1,2,8,TA,TA,TA,No,1,TA,10400,80.0,60,RL,2Story,0,165150
6,1116,NAmes,1962,1962,6,1116,0,1116,0,2,440,Attchd,Unf,1962.0,1,1,5,TA,TA,TA,No,0,Npfireplace,10000,87.0,20,RL,1Story,0,160000
5,1422,NAmes,1960,1978,5,978,0,1422,0,1,286,Attchd,RFn,1960.0,1,0,6,TA,TA,TA,No,1,TA,12342,73.0,20,RL,1Story,0,139900
6,1520,NAmes,1955,1972,6,1156,674,1520,0,1,364,Basment,RFn,1955.0,1,0,7,TA,TA,TA,Av,2,Gd,9600,80.0,80,RL,SLvl,0,153000
5,2080,NAmes,1969,1969,5,1040,650,1040,1040,2,504,Attchd,Unf,1969.0,1,2,9,Fa,TA,Gd,Av,2,TA,11606,70.0,60,RL,2Story,0,135000
6,1350,NAmes,1964,1964,5,1248,624,1350,0,2,520,Attchd,RFn,1964.0,1,1,6,TA,TA,TA,Gd,0,Npfireplace,9020,82.0,80,RL,SLvl,0,168500
5,1750,OldTown,1880,1991,6,636,0,1089,661,1,240,Detchd,Unf,1937.0,1,0,8,Ex,TA,Fa,No,0,Npfireplace,9000,50.0,70,RM,2Story,0,124000
8,1554,NridgHt,2006,2006,5,1554,24,1554,0,2,627,Attchd,RFn,2006.0,2,0,6,Gd,Gd,Gd,Mn,1,Gd,4590,34.0,120,RL,1Story,73,209500
7,1411,NWAmes,1977,1977,5,1386,822,1411,0,2,544,Attchd,Fin,1977.0,2,0,6,TA,TA,TA,No,1,TA,11900,85.0,20,RL,1Story,0,82500
5,1056,NAmes,1954,2005,7,1056,480,1056,0,1,260,Attchd,Unf,1954.0,1,0,6,TA,TA,TA,No,0,Npfireplace,9250,80.0,20,RL,1Story,0,139400
6,1056,OldTown,1980,1980,5,1056,1056,1056,0,2,576,Detchd,Unf,1980.0,0,0,4,TA,TA,TA,No,0,Npfireplace,6979,64.0,90,RL,SFoyer,56,144000
6,3395,SWISU,1914,1995,7,1440,256,1440,1440,0,0,NoGarage,NoGarage,0.0,2,0,14,Fa,Fa,TA,No,0,Npfireplace,10896,60.0,190,RH,2.5Fin,110,200000
2,800,BrkSide,1936,1950,3,264,0,800,0,0,0,NoGarage,NoGarage,0.0,1,0,4,Fa,Fa,TA,No,1,Po,6120,51.0,30,RM,1Story,0,60000
5,1387,OldTown,1954,1954,4,811,0,811,576,1,256,BuiltIn,Unf,1954.0,2,0,7,Gd,TA,TA,No,0,Npfireplace,6000,50.0,190,RM,1.5Fin,0,93000
5,796,Edwards,1910,1950,7,796,0,796,0,0,0,NoGarage,NoGarage,0.0,1,0,4,TA,TA,Fa,No,0,Npfireplace,8777,67.0,30,RL,1Story,0,85000
8,1567,Blmngtn,2006,2006,5,1520,1154,1567,0,3,648,Attchd,Fin,2006.0,2,0,7,Ex,Gd,Gd,Av,1,Gd,3982,53.0,120,RL,1Story,0,264561
8,1518,NridgHt,2003,2004,5,1518,1218,1518,0,2,588,Attchd,RFn,2003.0,1,1,6,Ex,Ex,Ex,Gd,1,Gd,12677,62.0,120,RL,1Story,140,274000
7,1929,Somerst,2001,2001,5,1057,738,1057,872,2,650,Attchd,Fin,2001.0,2,1,7,Gd,Gd,Gd,No,1,TA,7050,72.0,60,FV,2Story,235,226000
8,2704,NAmes,1972,1995,7,1952,1410,2000,704,2,538,Attchd,Fin,1972.0,2,1,9,Ex,Gd,Gd,Gd,3,TA,13860,75.0,80,RL,SLvl,111,345000
5,1620,NWAmes,1969,1969,5,780,493,780,840,2,462,Attchd,Fin,1969.0,2,1,7,TA,TA,TA,No,0,Npfireplace,10793,80.0,60,RL,2Story,0,152000
9,1766,Somerst,2009,2009,5,1766,1121,1766,0,3,478,Attchd,Fin,2009.0,2,1,7,Ex,Ex,Ex,Mn,1,Gd,9187,85.0,20,FV,1Story,130,370878
6,981,NAmes,1971,1971,5,981,282,981,0,2,576,Detchd,Unf,1979.0,1,1,5,TA,TA,TA,No,0,Npfireplace,10530,73.0,20,RL,1Story,312,143250
5,1048,NAmes,1950,1950,5,0,0,1048,0,2,420,Detchd,Unf,1950.0,1,0,7,TA,TA,NoBasement,NoBasement,0,Npfireplace,7200,60.0,20,RL,1Story,27,98300
6,1094,Edwards,1953,1953,5,1094,500,1094,0,2,495,Attchd,RFn,1953.0,1,0,5,TA,TA,TA,Mn,2,Gd,10452,85.0,20,RL,1Story,0,155000
6,1839,NAmes,1966,1966,5,756,0,1051,788,2,442,Attchd,Unf,1966.0,1,1,7,TA,TA,TA,No,1,TA,7700,70.0,60,RL,2Story,124,155000
4,630,MeadowV,1970,1970,6,630,131,630,0,0,0,NoGarage,NoGarage,0.0,1,0,3,TA,TA,Gd,Av,0,Npfireplace,1936,21.0,180,RM,SFoyer,0,84500
4,1510,Edwards,1940,1950,5,755,0,755,755,1,296,Detchd,Unf,1940.0,1,0,7,TA,TA,TA,Mn,1,Gd,9084,60.0,70,RL,2Story,0,108000
7,1716,CollgCr,1996,1996,5,880,0,909,807,2,512,Attchd,RFn,1996.0,2,1,7,Gd,Gd,Gd,No,1,TA,8750,70.0,60,RL,2Story,120,191000
6,1469,IDOTRR,1906,1995,7,756,0,756,713,1,216,Detchd,Unf,1906.0,1,0,7,TA,TA,TA,No,0,Npfireplace,10320,60.0,50,RM,1.5Fin,0,135000
8,2113,NoRidge,1995,1995,6,2109,1696,2113,0,3,839,Attchd,Fin,1995.0,2,1,7,Gd,Gd,Gd,Gd,1,TA,10437,91.0,20,RL,1Story,46,350000
6,1092,BrDale,1971,1971,5,525,0,525,567,1,264,Detchd,Unf,1971.0,1,1,6,TA,TA,TA,No,0,Npfireplace,1680,21.0,160,RM,2Story,0,88000
5,1053,NAmes,1959,2006,7,1053,806,1053,0,1,312,Attchd,RFn,1959.0,1,1,5,Gd,Gd,TA,No,0,Npfireplace,10007,72.0,20,RL,1Story,0,145500
7,1502,Crawfor,1931,2000,6,776,0,851,651,1,270,Attchd,RFn,1931.0,1,1,6,TA,TA,Gd,No,1,Gd,7200,60.0,70,RL,2Story,0,149000
6,1458,NAmes,1948,1950,5,912,0,912,546,1,330,Attchd,Unf,1948.0,1,0,6,TA,TA,TA,No,1,Gd,17503,78.0,50,RL,1.5Fin,0,97500
5,1486,Edwards,1964,1999,7,1486,637,1486,0,2,480,Detchd,Fin,1968.0,1,0,7,TA,TA,TA,No,0,Npfireplace,9937,75.0,20,RL,1Story,0,167000
7,1935,NWAmes,1976,1976,7,793,0,1142,793,2,550,Attchd,RFn,1976.0,2,1,7,TA,TA,Gd,No,1,TA,12384,80.0,60,RL,2Story,113,197900
8,2448,NoRidge,1994,2005,7,1629,1361,1686,762,3,711,Attchd,RFn,1994.0,2,1,8,Gd,Gd,Gd,No,1,TA,46589,52.0,60,RL,2Story,76,402000
6,1392,NAmes,1968,1968,3,1392,0,1392,0,2,576,Attchd,RFn,1968.0,1,0,5,TA,TA,Fa,No,2,TA,13560,120.0,20,RL,1Story,0,110000
4,1181,Edwards,1972,1972,5,1138,920,1181,0,2,588,Detchd,RFn,1974.0,2,0,6,TA,TA,Gd,Av,0,Npfireplace,10012,90.0,85,RL,SFoyer,0,137500
8,2097,Somerst,2005,2006,5,2077,1721,2097,0,3,1134,Attchd,Fin,2005.0,1,1,8,Ex,Gd,Ex,Mn,1,Ex,20896,49.0,20,RL,1Story,267,423000
8,1936,Gilbert,2000,2000,5,1406,0,1454,482,2,504,Attchd,RFn,2000.0,2,1,7,Gd,Gd,Gd,No,1,TA,11194,106.0,60,RL,2Story,124,230500
6,2380,NAmes,1965,1979,5,1021,187,1465,915,2,596,CarPort,Unf,1965.0,2,1,7,TA,TA,Gd,No,1,Po,18450,73.0,60,RL,2Story,265,129000
6,1679,SawyerW,1994,1998,5,1408,1138,1679,0,2,575,Attchd,RFn,1994.0,2,0,7,Gd,TA,Gd,No,1,Fa,8125,65.0,20,RL,1Story,42,193500
5,1437,Sawyer,1956,1987,6,1188,988,1437,0,2,576,Detchd,Unf,1999.0,1,1,6,TA,TA,TA,No,1,TA,14175,70.0,20,RL,1Story,0,168000
4,1180,Crawfor,1922,1950,5,700,0,1180,0,1,252,Detchd,Unf,1922.0,1,0,5,Fa,TA,Fa,No,1,Gd,11600,80.0,30,RL,1Story,0,137500
6,1476,CollgCr,2005,2005,5,738,193,738,738,2,540,Attchd,Fin,2005.0,2,1,7,Gd,Gd,Gd,No,0,Npfireplace,8633,64.0,60,RL,2Story,35,173500
6,1369,Edwards,1925,1950,6,672,551,697,672,1,300,Detchd,Unf,1930.0,2,0,6,TA,TA,TA,No,0,Npfireplace,6629,54.0,70,RH,2Story,0,103600
6,1208,Veenker,1977,1977,6,1208,767,1208,0,2,546,Attchd,RFn,1977.0,1,1,6,TA,Gd,Gd,No,1,TA,11250,68.0,20,RL,1Story,42,165000
6,1839,Crawfor,1957,2004,7,1477,1186,1839,0,2,416,Attchd,Fin,1957.0,2,0,7,Gd,TA,TA,No,2,TA,14442,110.0,20,RL,1Story,87,257500
6,1136,NAmes,1965,1965,6,1136,892,1136,0,1,384,Attchd,RFn,1965.0,1,0,5,TA,TA,TA,No,1,Gd,9200,80.0,20,RL,1Story,0,140000
6,1441,NPkVill,1978,1978,6,855,311,855,586,2,440,Attchd,Unf,1978.0,2,1,7,TA,TA,TA,No,1,TA,2289,24.0,160,RL,2Story,0,148500
4,1774,OldTown,1900,1950,2,1095,0,1095,679,3,779,2Types,Unf,1920.0,2,0,8,TA,TA,TA,No,0,Npfireplace,9600,60.0,70,RM,2Story,0,87000
5,792,OldTown,1924,2006,8,768,0,792,0,1,240,Detchd,Unf,1924.0,1,0,5,Gd,Gd,TA,No,0,Npfireplace,9022,52.0,30,RL,1Story,0,109500
8,2046,StoneBr,2008,2008,5,2046,0,2046,0,3,834,Attchd,Fin,2008.0,2,1,7,Gd,Gd,Ex,Mn,1,Gd,11844,80.0,20,RL,1Story,82,372500
5,988,Sawyer,1961,1961,5,988,827,988,0,2,572,Detchd,Unf,1963.0,1,0,5,TA,TA,TA,No,0,Npfireplace,9945,70.0,20,RL,1Story,0,128500
6,923,SawyerW,1980,1980,5,923,543,923,0,1,264,Attchd,RFn,1980.0,2,0,5,TA,TA,Gd,No,1,TA,8012,50.0,120,RL,1Story,0,143000
5,1520,SWISU,1932,2000,5,793,182,848,672,1,281,Detchd,Unf,1968.0,1,0,6,TA,TA,TA,No,0,Npfireplace,4500,55.0,50,RH,1.5Fin,0,159434
6,1291,ClearCr,1996,1997,5,1291,1003,1291,0,2,431,Attchd,Unf,1996.0,1,0,6,Gd,TA,Gd,Mn,1,Gd,2887,80.0,120,RL,1Story,0,173000
9,1668,CollgCr,2002,2002,5,1626,1059,1668,0,3,702,Attchd,Fin,2002.0,2,0,7,Gd,Gd,Gd,Av,1,TA,11248,90.0,20,RL,1Story,45,285000
7,1839,NoRidge,1998,1998,5,1195,0,1195,644,2,486,Attchd,Fin,1998.0,2,1,7,TA,Gd,Gd,No,0,Npfireplace,16770,58.0,60,RL,2Story,81,221000
7,2090,StoneBr,1984,1984,5,1190,828,1190,900,2,577,Attchd,Fin,1984.0,2,0,6,Gd,Gd,Gd,Mn,1,TA,5062,63.0,160,RL,2Story,0,207500
7,1761,Somerst,2007,2007,6,874,0,874,887,2,578,Attchd,Fin,2007.0,3,0,7,Gd,Gd,Gd,No,0,Npfireplace,10207,84.0,60,FV,2Story,105,227875
7,1102,Somerst,2004,2004,5,551,239,551,551,2,480,Detchd,Unf,2004.0,2,1,4,Gd,Gd,Gd,No,0,Npfireplace,5105,72.0,160,FV,2Story,60,148800
8,1419,StoneBr,2007,2007,6,1419,945,1419,0,2,567,Attchd,RFn,2007.0,2,0,7,Gd,Gd,Gd,Av,1,Gd,8089,60.0,20,RL,1Story,0,392000
6,1362,NridgHt,2005,2006,5,1362,20,1362,0,2,460,Attchd,RFn,2005.0,2,0,6,Gd,Gd,Gd,Av,1,Gd,7577,61.0,120,RL,1Story,28,194700
6,848,CollgCr,2004,2004,5,848,697,848,0,2,420,Attchd,RFn,2004.0,1,0,3,Gd,Gd,Gd,Gd,1,TA,4426,69.0,120,RM,1Story,0,141000
10,4316,NoRidge,1994,1995,6,2444,1455,2444,1872,3,832,Attchd,Fin,1994.0,3,1,10,Ex,Ex,Ex,Gd,2,Ex,21535,104.0,60,RL,2Story,50,755000
7,2519,Timber,1989,1990,5,1210,965,1238,1281,2,628,Attchd,RFn,1989.0,2,1,9,Gd,Gd,Gd,Gd,2,Gd,26178,42.0,60,RL,2Story,27,335000
5,1073,OldTown,1921,1968,6,1073,0,1073,0,1,326,Detchd,Unf,1968.0,1,0,4,TA,TA,TA,No,0,Npfireplace,5400,60.0,30,RL,1Story,0,108480
5,1539,BrkSide,1936,1950,6,927,0,1067,472,2,576,Detchd,Unf,1995.0,1,1,5,TA,TA,TA,No,0,Npfireplace,6120,51.0,50,RM,1.5Fin,0,141500
6,1137,Timber,1987,1987,6,1112,980,1137,0,2,551,Attchd,Unf,1987.0,2,0,5,Gd,TA,Gd,No,1,TA,13811,54.0,20,RL,1Story,0,176000
5,616,BrkSide,1921,1950,7,616,616,616,0,1,205,Detchd,Unf,1921.0,1,0,4,TA,TA,TA,No,0,Npfireplace,6000,50.0,30,RM,1Story,0,89000
5,1148,Edwards,1952,1952,7,980,210,1148,0,1,308,Detchd,Unf,1952.0,1,0,6,TA,TA,Ex,Mn,0,Npfireplace,6420,57.0,20,RL,1Story,0,123500
5,894,Sawyer,1965,2009,8,894,553,894,0,1,336,Detchd,Unf,1973.0,1,0,5,TA,TA,TA,No,1,Gd,8450,65.0,20,RL,1Story,144,138500
7,1391,Somerst,2004,2004,5,1391,16,1391,0,2,530,Attchd,RFn,2004.0,2,0,5,Gd,Gd,Gd,Mn,0,Npfireplace,4282,59.0,120,FV,1Story,158,196000
8,1800,Timber,2002,2002,5,1800,1274,1800,0,3,765,Attchd,Fin,2002.0,2,0,7,Gd,Gd,Ex,Gd,1,Gd,14331,85.0,20,RL,1Story,78,312500
7,1164,NWAmes,1969,1969,5,1164,0,1164,0,2,528,Attchd,Unf,1969.0,1,1,6,TA,TA,TA,No,0,Npfireplace,9600,80.0,20,RL,1Story,0,140000
8,2576,StoneBr,2006,2006,5,1234,0,1264,1312,3,666,BuiltIn,Fin,2006.0,2,1,10,Ex,Ex,Ex,No,1,Gd,12438,82.0,60,RL,2Story,100,361919
5,1812,OldTown,1900,1996,9,360,0,1032,780,2,672,Detchd,Unf,1999.0,2,0,8,Gd,TA,Gd,No,1,Po,7630,76.0,190,RM,2Story,0,140000
7,1484,CollgCr,2004,2005,5,1473,712,1484,0,2,606,Attchd,RFn,2004.0,2,0,7,Gd,Gd,Gd,Av,0,Npfireplace,8400,70.0,20,RL,1Story,35,213000
4,1092,IDOTRR,1930,1950,5,0,0,372,720,0,0,NoGarage,NoGarage,0.0,2,0,7,Fa,Fa,NoBasement,NoBasement,0,Npfireplace,5600,70.0,190,RM,2Story,0,55000
7,1824,ClearCr,1971,2002,5,1643,1219,1824,0,2,739,Attchd,Unf,1971.0,2,0,5,Gd,TA,Gd,Gd,2,TA,115149,80.0,20,RL,1Story,48,302000
8,1324,NridgHt,2006,2006,5,1324,863,1324,0,2,550,Attchd,Fin,2006.0,2,0,6,Gd,Gd,Gd,No,1,Gd,6240,48.0,120,RL,1Story,38,254000
7,1456,Gilbert,2007,2007,5,728,0,728,728,2,400,Attchd,Fin,2007.0,2,1,8,Gd,Gd,Gd,Av,1,Gd,9018,65.0,60,RL,2Story,24,179540
5,904,Sawyer,1966,1966,7,876,0,904,0,1,408,Attchd,Unf,1966.0,1,0,6,TA,TA,TA,No,0,Npfireplace,7162,70.0,20,RL,1Story,0,109900
3,729,BrkSide,1935,2003,6,270,0,729,0,0,0,NoGarage,NoGarage,0.0,1,0,5,TA,Gd,TA,No,0,Npfireplace,4130,56.0,30,RL,1Story,0,52000
4,1178,IDOTRR,1900,1950,7,859,0,859,319,1,384,Detchd,RFn,1964.0,1,0,7,TA,TA,TA,Mn,0,Npfireplace,8712,66.0,50,C (all),1.5Fin,0,102776
8,1228,StoneBr,1988,1989,5,1228,767,1228,0,2,472,Attchd,Fin,1988.0,2,0,5,Gd,Gd,Gd,Mn,1,Gd,4671,40.0,120,RL,1Story,120,189000
4,960,BrkSide,1970,1970,5,960,789,960,0,2,576,Detchd,Unf,1970.0,1,0,6,TA,TA,TA,Av,0,Npfireplace,9873,60.0,190,RL,1Story,288,129000
6,1479,Sawyer,1976,2005,8,725,533,725,754,2,475,Attchd,RFn,1976.0,2,1,6,Gd,Gd,TA,No,0,Npfireplace,13517,70.0,60,RL,2Story,44,130500
6,1350,NWAmes,1974,1974,5,1064,0,1350,0,2,478,Attchd,RFn,1974.0,2,0,7,TA,TA,Gd,No,1,TA,10140,78.0,20,RL,1Story,0,165000
7,2554,OldTown,1890,1998,8,718,0,1576,978,2,704,Detchd,Unf,1996.0,1,1,8,TA,TA,TA,No,0,Npfireplace,10800,60.0,70,RM,2Story,48,159500
5,1178,NWAmes,1973,2000,6,1176,1084,1178,0,2,439,Attchd,Unf,1973.0,1,1,5,Gd,TA,Gd,No,1,Fa,10000,80.0,20,RL,1Story,0,157000
7,2418,NoRidge,1993,1994,5,1311,1173,1325,1093,3,983,Attchd,RFn,1993.0,2,1,9,Gd,Gd,Gd,Gd,1,TA,10542,96.0,60,RL,2Story,154,341000
5,971,CollgCr,1969,1969,6,971,523,971,0,1,300,Attchd,Unf,1969.0,1,1,5,TA,TA,Gd,Gd,1,Po,9920,69.0,20,RL,1Story,0,128500
8,1742,StoneBr,1985,1985,5,1742,1148,1742,0,2,564,Attchd,RFn,1985.0,2,0,5,Gd,Gd,Gd,Gd,1,TA,6563,63.0,120,RL,1Story,28,275000
6,848,CollgCr,2004,2004,5,848,662,848,0,2,420,Attchd,RFn,2004.0,1,0,3,Gd,Gd,Gd,Av,0,Npfireplace,4426,69.0,120,RM,1Story,0,143000
4,864,NAmes,1970,1970,7,864,191,864,0,2,463,Detchd,Unf,1994.0,1,0,5,TA,TA,TA,No,0,Npfireplace,8120,70.0,20,RL,1Story,0,124500
4,1470,Edwards,1954,1972,6,941,0,997,473,1,548,Detchd,Unf,1958.0,2,0,7,TA,TA,TA,No,0,Npfireplace,8172,60.0,50,RL,1.5Fin,0,135000
9,1698,Edwards,2007,2008,5,1698,1234,1698,0,3,768,Attchd,Fin,2007.0,2,0,8,Ex,Ex,Ex,No,1,Gd,13286,86.0,20,RL,1Story,64,320000
4,864,NAmes,1970,1970,6,864,375,864,0,2,660,Detchd,Unf,1989.0,1,0,5,Gd,TA,TA,No,0,Npfireplace,6960,60.0,20,RL,1Story,0,120500
6,1680,Crawfor,1988,2007,9,880,808,1680,0,2,540,Attchd,Fin,1988.0,2,0,5,Gd,Gd,Gd,No,1,Gd,21695,66.0,20,RL,1Story,44,222000
7,1232,CollgCr,2007,2007,5,1232,724,1232,0,2,632,Attchd,RFn,2007.0,2,0,6,Gd,Gd,Gd,Av,0,Npfireplace,7314,64.0,20,RL,1Story,0,194500
5,1776,NAmes,1958,1958,5,1584,0,1776,0,3,888,Detchd,Unf,1968.0,2,0,9,TA,TA,TA,No,0,Npfireplace,11475,85.0,90,RL,1Story,25,110000
4,1208,IDOTRR,1925,1950,5,780,152,848,0,2,539,Detchd,Unf,1962.0,1,0,5,TA,TA,TA,No,0,Npfireplace,6240,52.0,30,RM,1.5Fin,23,103000
8,1616,StoneBr,1995,1996,5,1595,1180,1616,0,2,608,Attchd,RFn,1995.0,2,0,5,Gd,Gd,Gd,No,1,TA,5389,39.0,120,RL,1Story,152,236500
7,1146,Timber,2003,2003,5,868,786,1146,0,2,438,Attchd,Fin,2003.0,2,0,6,Gd,Gd,Ex,Av,1,Gd,9590,73.0,80,RL,SLvl,22,187500
7,2031,CollgCr,1998,1999,5,1153,252,1153,878,2,541,Attchd,Fin,1998.0,2,1,8,Gd,Gd,Gd,Av,1,TA,11404,75.0,60,RL,2Story,84,222500
5,1144,Sawyer,1961,1983,6,864,594,1144,0,1,264,Attchd,RFn,1961.0,1,0,6,TA,TA,TA,No,1,TA,10000,80.0,20,RL,1Story,0,131400
5,948,Sawyer,1968,1968,5,948,0,948,0,1,300,Attchd,Unf,1968.0,1,0,6,TA,TA,TA,No,0,Npfireplace,8978,70.0,20,RL,1Story,0,108000
7,1768,OldTown,1914,1970,7,880,390,880,888,2,320,Detchd,Unf,1914.0,1,1,6,TA,TA,Gd,Mn,2,TA,10800,60.0,75,RM,2.5Unf,341,163000
3,1040,NAmes,1950,1950,4,0,0,1040,0,2,400,Detchd,Unf,1949.0,2,0,6,TA,TA,NoBasement,NoBasement,0,Npfireplace,8544,60.0,90,RL,1Story,0,93500
8,1801,Gilbert,2005,2005,5,893,0,901,900,3,800,Attchd,Fin,2005.0,2,1,8,Gd,Gd,Gd,No,1,Gd,10463,72.0,60,RL,2Story,116,239900
5,1200,Edwards,1987,1988,5,1200,1200,1200,0,0,0,NoGarage,NoGarage,0.0,3,0,5,TA,TA,Gd,Gd,0,Npfireplace,10800,60.0,90,RL,1Story,0,179000
7,1728,CollgCr,2004,2004,5,864,0,864,864,2,572,Attchd,RFn,2004.0,2,1,7,Gd,Gd,Gd,No,0,Npfireplace,9313,65.0,60,RL,2Story,56,190000
5,1432,OldTown,1910,2002,7,264,0,768,664,2,360,Detchd,Unf,1910.0,2,0,7,TA,TA,Fa,No,0,Npfireplace,9600,60.0,70,RM,2Story,0,132000
6,912,Sawyer,1961,1996,8,912,832,912,0,1,288,Detchd,Unf,1962.0,1,0,5,Gd,TA,TA,Mn,0,Npfireplace,6768,65.0,20,RL,1Story,0,142000
7,1349,SawyerW,2000,2001,5,1349,0,1349,0,2,539,Attchd,Unf,2000.0,2,0,6,TA,TA,Gd,No,0,Npfireplace,8450,65.0,20,RL,1Story,55,179000
5,1464,Sawyer,1963,1999,6,520,444,1464,0,2,480,Attchd,RFn,1997.0,2,0,6,TA,TA,Gd,Av,1,TA,12886,70.0,80,RL,SLvl,0,175000
8,1337,StoneBr,1993,1993,5,1337,733,1337,0,2,462,Attchd,RFn,1993.0,2,0,5,Gd,Gd,Gd,No,1,TA,5395,41.0,120,RL,1Story,0,180000
8,2715,NWAmes,1976,1996,9,1142,575,1175,1540,2,831,BuiltIn,Fin,1994.0,3,1,11,Gd,Ex,TA,No,2,TA,8963,80.0,60,RL,2Story,204,299800
7,2256,Gilbert,2000,2000,5,952,300,980,1276,2,554,BuiltIn,Fin,2000.0,2,1,8,Gd,Gd,Gd,No,1,TA,8795,65.0,60,RL,2Story,54,236000
7,2640,OldTown,1880,2003,7,1240,0,1320,1320,4,864,Detchd,Unf,1950.0,1,1,8,Gd,Gd,TA,No,1,Gd,11700,65.0,70,RM,2Story,0,265979
7,1720,NoRidge,1996,1996,5,1720,919,1720,0,2,527,Attchd,Fin,1996.0,2,0,7,Gd,Gd,Gd,No,1,TA,10593,59.0,20,RL,1Story,56,260400
4,1529,Edwards,1945,1950,3,0,0,1088,441,1,240,Detchd,Unf,1945.0,2,0,9,TA,TA,NoBasement,NoBasement,0,Npfireplace,8405,50.0,50,RL,1.5Fin,0,98000
4,1140,OldTown,1910,2004,7,576,0,792,348,0,0,NoGarage,NoGarage,0.0,1,0,7,TA,TA,TA,No,0,Npfireplace,8800,55.0,50,RM,1.5Fin,160,96500
7,1320,Gilbert,2003,2003,5,660,0,660,660,2,400,Attchd,Fin,2003.0,2,1,6,Gd,Gd,Gd,No,0,Npfireplace,7750,65.0,60,RL,2Story,48,162000
6,1494,CollgCr,1997,1997,5,1479,1200,1494,0,2,576,Attchd,RFn,1997.0,2,0,6,Gd,TA,Gd,Gd,0,Npfireplace,9236,79.0,20,RL,1Story,27,217000
8,2098,NridgHt,2005,2005,5,1030,0,1038,1060,3,878,Attchd,RFn,2005.0,2,1,8,Ex,Gd,Gd,Mn,1,Gd,10240,80.0,60,RL,2Story,52,275500
6,1026,NAmes,1969,2005,8,1026,439,1026,0,2,440,Detchd,RFn,1969.0,1,0,5,Gd,TA,TA,No,0,Npfireplace,7930,61.0,20,RL,1Story,48,156000
6,1471,Somerst,1999,1999,5,729,381,742,729,2,440,Detchd,Unf,1999.0,2,1,6,TA,TA,Gd,No,0,Npfireplace,3230,34.0,160,FV,2Story,24,172500
8,1768,CollgCr,2007,2007,5,866,20,866,902,2,578,Attchd,RFn,2007.0,2,1,7,Gd,Gd,Gd,Av,0,Npfireplace,10769,68.0,60,RL,2Story,105,212000
6,1386,Sawyer,1978,1978,5,672,438,672,714,2,440,Attchd,Fin,1978.0,2,1,6,TA,TA,TA,Mn,1,TA,11616,70.0,60,RL,2Story,0,158900
7,1501,Somerst,1999,1999,5,744,549,757,744,2,440,Detchd,Unf,1999.0,2,1,6,TA,TA,Gd,No,0,Npfireplace,2280,24.0,160,FV,2Story,0,179400
8,2531,NoRidge,1995,1995,5,1318,56,1328,1203,3,752,Attchd,RFn,1995.0,2,1,9,Gd,Gd,Gd,Av,1,TA,12257,65.0,60,RL,2Story,98,290000
6,864,NAmes,1959,1959,6,864,612,864,0,1,300,Detchd,Unf,2008.0,1,0,5,TA,TA,TA,No,0,Npfireplace,9100,70.0,20,RL,1Story,0,127500
5,1301,BrkSide,1924,1950,5,1145,405,1301,0,2,440,Detchd,Unf,1965.0,1,0,5,Fa,TA,TA,Mn,0,Npfireplace,6911,60.0,30,RM,1Story,0,100000
7,1547,Somerst,2009,2009,5,756,24,764,783,2,614,Attchd,Unf,2009.0,2,1,7,Gd,TA,Gd,Mn,0,Npfireplace,8640,72.0,60,FV,2Story,45,215200
8,2365,NoRidge,1999,1999,5,1252,1163,1268,1097,3,856,Attchd,RFn,1999.0,2,1,8,Gd,Gd,Gd,Mn,1,Gd,9430,82.0,60,RL,2Story,128,337000
8,1494,Veenker,1995,1996,5,1494,437,1494,0,2,481,Attchd,Fin,1995.0,1,1,6,Ex,Gd,Gd,Av,1,Gd,9549,30.0,120,RL,1Story,30,270000
9,1506,Somerst,2008,2008,5,1498,0,1506,0,2,592,Attchd,Fin,2008.0,2,0,6,Ex,Gd,Gd,No,1,Gd,14587,75.0,20,RL,1Story,174,264132
7,1714,NWAmes,1988,1988,5,980,394,980,734,2,496,Attchd,Unf,1988.0,2,1,7,TA,TA,Gd,No,1,TA,10421,80.0,60,RL,2Story,66,196500
6,1750,Mitchel,1940,1985,7,983,660,983,767,1,423,Attchd,Unf,1989.0,2,0,7,TA,TA,Gd,Mn,0,Npfireplace,12508,75.0,50,RL,1.5Fin,0,160000
7,1836,CollgCr,2004,2005,5,1860,24,1836,0,2,484,Attchd,Fin,2004.0,2,0,8,Gd,Gd,Gd,No,1,Gd,9100,70.0,20,RL,1Story,33,216837
8,3279,StoneBr,2003,2003,5,1650,1416,1690,1589,3,841,BuiltIn,Fin,2003.0,3,1,12,Ex,Ex,Gd,Gd,1,Gd,53504,47.0,60,RL,2Story,36,538000
5,858,Sawyer,1982,1982,5,858,685,858,0,2,576,Detchd,Unf,1983.0,1,0,5,TA,TA,Gd,Av,0,Npfireplace,7252,70.0,85,RL,SFoyer,0,134900
4,1220,Edwards,1951,1951,5,836,836,1220,0,2,396,Detchd,Unf,1951.0,1,0,6,TA,TA,Fa,No,0,Npfireplace,8877,67.0,20,RL,1Story,0,102000
6,1117,Edwards,1976,1976,5,1029,422,1117,0,2,672,Detchd,Unf,1976.0,1,0,6,TA,TA,TA,Av,1,TA,7819,94.0,80,RL,SLvl,0,107000
5,912,NAmes,1958,1958,5,912,456,912,0,1,275,Attchd,RFn,1958.0,1,0,5,TA,TA,TA,No,0,Npfireplace,10150,70.0,20,RL,1Story,0,114500
8,1973,NridgHt,2006,2006,5,1935,0,1973,0,3,895,Attchd,Fin,2006.0,2,0,9,Gd,Gd,Gd,Av,1,Gd,14226,110.0,20,RL,1Story,45,395000
6,1204,Mitchel,1998,1998,5,1204,866,1204,0,2,412,Attchd,Fin,1998.0,2,0,5,TA,TA,Ex,No,0,Npfireplace,4500,32.0,120,RM,1Story,247,162000
7,1614,CollgCr,2005,2006,5,1614,20,1614,0,3,865,Attchd,RFn,2005.0,2,0,7,Gd,Gd,Gd,Av,0,Npfireplace,11210,86.0,20,RL,1Story,59,221500
5,894,Sawyer,1974,1974,5,864,762,894,0,2,440,Attchd,Unf,1974.0,1,0,5,TA,TA,TA,No,1,Fa,13350,100.0,20,RL,1Story,0,142500
5,2020,SawyerW,1977,1977,5,0,0,2020,0,2,630,Detchd,Unf,1977.0,2,0,10,TA,TA,NoBasement,NoBasement,2,TA,8400,60.0,90,RH,1Story,0,144000
6,1004,Mitchel,1977,1977,5,975,975,1004,0,2,504,Attchd,Unf,1977.0,1,0,4,TA,TA,Gd,Gd,0,Npfireplace,10530,78.0,90,RL,SFoyer,0,135000
7,1253,Gilbert,1995,1996,5,1237,0,1253,0,2,402,Attchd,Fin,1995.0,2,0,6,TA,TA,Gd,No,1,TA,7875,63.0,20,RL,1Story,21,176000
6,1603,SawyerW,1992,1992,5,761,387,810,793,2,484,Attchd,RFn,1992.0,2,1,7,Gd,Gd,Gd,No,0,Npfireplace,7153,65.0,60,RL,2Story,124,175900
7,1430,CollgCr,2001,2002,5,1413,0,1430,0,2,605,Attchd,RFn,2001.0,2,0,6,Gd,Gd,Gd,No,0,Npfireplace,16285,67.0,20,RL,1Story,33,187100
5,1110,Mitchel,1978,1978,6,1097,1097,1110,0,2,602,Attchd,Fin,1978.0,1,0,4,Gd,TA,Gd,Av,1,TA,9101,75.5,85,RL,SFoyer,30,165500
6,1484,OldTown,1914,2001,6,742,0,742,742,0,0,NoGarage,NoGarage,0.0,2,0,9,TA,TA,TA,No,1,Gd,6300,35.0,75,RM,2.5Unf,291,128000
6,1342,NWAmes,1967,1967,5,1372,251,1342,0,2,457,Attchd,Unf,1967.0,2,0,7,TA,TA,TA,No,1,Gd,9790,80.0,20,RL,1Story,0,161500
5,1652,OldTown,1915,1950,6,686,686,966,686,1,416,Detchd,Unf,1961.0,2,0,7,TA,TA,Fa,No,0,Npfireplace,10800,60.0,50,RM,1.5Fin,0,139000
7,2084,SawyerW,2004,2004,5,956,656,956,1128,2,618,BuiltIn,RFn,2004.0,2,1,8,Gd,Gd,Gd,No,0,Npfireplace,10142,76.0,60,RL,2Story,45,233000
4,901,OldTown,1954,2000,7,901,0,901,0,1,281,Detchd,Unf,1954.0,1,0,4,TA,TA,TA,No,0,Npfireplace,6000,50.0,20,RM,1Story,0,107900
6,2087,ClearCr,1966,2007,8,832,568,976,1111,2,444,Attchd,Fin,1966.0,2,1,9,Gd,TA,TA,Gd,0,Npfireplace,12205,80.0,60,RL,2Story,168,187500
7,1145,Blmngtn,2005,2006,5,1145,16,1145,0,2,397,Attchd,Fin,2005.0,2,0,5,Gd,Gd,Gd,No,1,Gd,3182,43.0,120,RL,1Story,16,160200
6,1062,Mitchel,1976,1976,5,1029,539,1062,0,2,539,Attchd,RFn,1976.0,1,0,5,TA,TA,Gd,Av,2,TA,11333,75.5,80,RL,SLvl,0,146800
7,2013,NoRidge,1996,1997,5,1117,862,1127,886,2,455,Attchd,Unf,1997.0,2,1,8,TA,Gd,Gd,Av,1,TA,9920,92.0,60,RL,2Story,130,269790
8,1496,Somerst,2007,2007,5,1496,0,1496,0,2,474,Attchd,Fin,2007.0,2,0,7,Gd,Gd,Gd,Av,0,Npfireplace,9158,76.0,20,RL,1Story,130,225000
7,1895,Gilbert,1994,1996,5,712,0,1086,809,2,409,Attchd,Fin,1994.0,2,1,7,Gd,Gd,Gd,No,1,TA,10832,65.0,60,RL,2Story,46,194500
6,1564,SawyerW,1980,1981,6,650,0,888,676,2,476,Attchd,Unf,1980.0,2,1,7,TA,TA,Gd,No,1,TA,8400,70.0,60,RL,2Story,50,171000
6,1285,Sawyer,1977,1977,5,660,0,1285,0,2,528,Attchd,RFn,1977.0,1,1,7,TA,TA,TA,No,1,TA,8197,71.0,20,RL,1Story,0,143500
5,773,NAmes,1953,1953,5,773,570,773,0,1,240,Attchd,Unf,1953.0,1,0,4,TA,TA,TA,No,0,Npfireplace,7677,57.0,20,RL,1Story,0,110000
9,3140,NridgHt,2008,2009,5,1926,0,1966,1174,3,820,BuiltIn,Fin,2009.0,3,1,11,Ex,Ex,Ex,No,2,Gd,13518,104.0,60,RL,2Story,78,485000
5,1768,SWISU,1937,1950,7,731,569,981,787,1,240,Detchd,Unf,1939.0,1,1,7,Gd,TA,Gd,No,2,TA,7200,60.0,50,RL,1.5Fin,0,175000
6,1688,ClearCr,1997,1997,5,616,462,616,1072,2,603,Attchd,RFn,1997.0,2,1,8,Gd,TA,Gd,Gd,0,Npfireplace,12798,79.0,60,RL,2Story,114,200000
4,1196,IDOTRR,1916,1990,7,1196,197,1196,0,2,440,Detchd,Unf,1957.0,1,0,5,TA,TA,TA,No,0,Npfireplace,4800,40.0,30,RM,1Story,0,109900
7,1456,CollgCr,2005,2005,5,728,648,728,728,2,410,Attchd,Fin,2005.0,2,1,7,Gd,Gd,Gd,Av,1,Gd,8199,63.0,60,RL,2Story,18,189000
9,2822,NridgHt,2008,2009,5,1734,0,1734,1088,3,1020,BuiltIn,RFn,2009.0,3,1,12,Ex,Ex,Ex,Gd,1,Gd,13891,107.0,60,RL,2Story,170,582933
5,1128,NAmes,1954,1954,5,936,812,1128,0,1,286,Attchd,Unf,1954.0,1,0,5,TA,TA,TA,No,0,Npfireplace,9000,75.0,20,RL,1Story,0,118000
7,1428,Somerst,2008,2008,5,1417,0,1428,0,2,554,Attchd,RFn,2008.0,2,0,6,Ex,Gd,Gd,No,0,Npfireplace,12274,91.0,20,RL,1Story,60,227680
5,980,NAmes,1967,1967,5,980,400,980,0,1,384,Attchd,Fin,1967.0,2,0,6,TA,TA,TA,Av,0,Npfireplace,9750,75.0,80,RL,SLvl,0,135500
5,1576,BrkSide,1923,2004,6,1324,1309,1072,504,2,528,Attchd,RFn,1923.0,1,1,6,Gd,TA,TA,Gd,1,TA,21384,144.0,70,RL,2Story,312,223500
5,1086,NAmes,1966,1966,5,1024,516,1086,0,2,484,Attchd,RFn,1966.0,1,0,6,TA,TA,TA,Av,1,Gd,13400,85.0,80,RL,SLvl,0,159950
5,2138,OldTown,1898,1965,5,849,0,1075,1063,2,360,Detchd,Unf,1910.0,2,0,11,TA,TA,TA,No,0,Npfireplace,8100,90.0,75,RM,2.5Unf,156,106000
6,1309,NWAmes,1974,1999,6,1040,663,1309,0,2,484,Attchd,RFn,1974.0,1,1,5,Gd,TA,TA,No,1,Fa,10140,78.0,20,RL,1Story,0,181000
6,848,CollgCr,2004,2004,5,848,662,848,0,2,420,Attchd,Fin,2004.0,1,0,4,Gd,Gd,Gd,Gd,1,Gd,4438,69.0,120,RM,1Story,0,144500
5,1044,IDOTRR,1952,1952,5,540,0,1044,0,2,504,Basment,Unf,1952.0,1,0,4,Fa,Fa,TA,Av,0,Npfireplace,8712,66.0,20,C (all),1Story,0,55993
6,1442,NAmes,1958,1958,6,1442,608,1442,0,1,301,Attchd,RFn,1958.0,1,1,7,TA,TA,TA,No,0,Npfireplace,9750,75.0,20,RL,1Story,0,157900
5,1250,Edwards,1918,1950,7,686,0,686,564,1,280,Detchd,Unf,1955.0,1,1,7,Fa,TA,TA,No,0,Npfireplace,8248,45.0,50,RL,1.5Fin,0,116000
7,1661,CollgCr,1998,1998,5,1649,0,1661,0,2,598,Attchd,RFn,1998.0,2,0,6,Gd,TA,Gd,No,0,Npfireplace,12137,48.0,20,RL,1Story,34,224900
5,1008,NAmes,1954,1954,6,1008,486,1008,0,1,275,Attchd,RFn,1954.0,1,0,4,TA,TA,TA,No,1,Gd,11425,73.0,20,RL,1Story,0,137000
8,1689,Mitchel,2002,2002,5,1568,1218,1689,0,3,857,Attchd,RFn,2002.0,2,0,7,Gd,Gd,Gd,No,2,Gd,13265,75.5,20,RL,1Story,59,271000
6,1052,ClearCr,1971,1971,7,1010,504,1052,0,2,440,Attchd,Unf,1971.0,1,0,6,TA,TA,TA,Av,0,Npfireplace,8816,80.0,80,RL,SLvl,0,155000
7,1358,NridgHt,2009,2010,5,1358,733,1358,0,2,484,Attchd,RFn,2010.0,2,0,6,Gd,Gd,Gd,Mn,1,Gd,6371,44.0,120,RL,1Story,35,224000
7,1640,CollgCr,2003,2003,5,798,0,798,842,2,595,Attchd,RFn,2003.0,2,1,6,Gd,Gd,Gd,No,0,Npfireplace,7226,72.0,60,RL,2Story,45,183000
4,936,OldTown,1953,1953,4,936,0,936,0,2,576,Detchd,Unf,1974.0,1,0,4,TA,Fa,Fa,No,0,Npfireplace,6000,60.0,20,RM,1Story,32,93000
7,1733,Gilbert,2003,2003,5,847,0,847,886,2,433,BuiltIn,Fin,2003.0,2,1,7,Gd,Gd,Gd,Gd,1,Gd,12394,65.0,60,RL,2Story,48,225000
6,1489,SWISU,1940,1950,7,778,0,944,545,1,240,Detchd,Unf,1940.0,2,0,7,TA,TA,TA,No,1,Gd,9900,60.0,50,RL,1.5Fin,0,139500
8,1489,Somerst,2006,2006,5,1489,0,1489,0,2,776,Attchd,RFn,2006.0,2,0,7,Gd,Gd,Gd,No,1,Gd,11216,81.0,20,FV,1Story,140,232600
10,2084,NridgHt,2007,2008,5,2078,1636,2084,0,3,1220,Attchd,Fin,2007.0,2,0,7,Ex,Ex,Ex,Av,1,Gd,14803,114.0,20,RL,1Story,45,385000
5,784,BrkSide,1924,1950,6,784,784,784,0,0,0,NoGarage,NoGarage,0.0,1,0,5,Gd,TA,TA,No,0,Npfireplace,6130,50.0,45,RM,1.5Unf,0,109500
7,1434,SawyerW,2001,2001,5,1454,20,1434,0,2,527,Attchd,RFn,2001.0,2,0,6,Gd,Gd,Gd,No,1,TA,8529,65.0,20,RL,1Story,39,189000
5,2126,ClearCr,1967,1967,5,1013,249,1160,966,2,538,Attchd,Fin,1967.0,2,1,7,TA,TA,TA,Gd,0,Npfireplace,28698,80.0,60,RL,2Story,0,185000
7,1223,Somerst,2005,2005,5,600,0,520,623,2,480,Detchd,RFn,2005.0,2,1,4,Gd,Gd,Gd,No,0,Npfireplace,2544,24.0,160,FV,2Story,166,147400
6,1392,NAmes,1957,1957,5,1392,1040,1392,0,2,458,Attchd,RFn,1957.0,1,1,6,TA,TA,TA,No,2,Gd,11900,80.0,20,RL,1Story,0,166000
7,1200,Somerst,2005,2005,5,600,0,520,600,2,480,Detchd,RFn,2005.0,2,1,4,Gd,TA,Gd,No,0,Npfireplace,3180,30.0,160,FV,2Story,166,151000
7,1829,CollgCr,2003,2003,6,941,483,941,888,2,613,Attchd,RFn,2003.0,2,1,7,Gd,Gd,Gd,No,1,TA,9548,44.0,60,RL,2Story,39,237000
6,1516,NAmes,1964,1964,6,1516,196,1516,0,2,472,Attchd,RFn,1964.0,1,1,6,TA,TA,TA,No,0,Npfireplace,10004,100.0,20,RL,1Story,0,167000
5,1144,NAmes,1961,1961,6,1144,572,1144,0,2,456,Attchd,Unf,1961.0,1,0,6,TA,TA,TA,No,0,Npfireplace,7875,75.0,20,RL,1Story,0,139950
4,1067,Sawyer,1950,1995,7,1067,442,1067,0,2,436,Attchd,Unf,1996.0,2,0,4,Gd,TA,Gd,No,0,Npfireplace,9600,60.0,20,RL,1Story,0,128000
5,1559,OldTown,1948,1973,6,1559,338,1559,0,2,812,Detchd,Unf,1948.0,1,0,5,TA,TA,TA,No,0,Npfireplace,8100,90.0,30,RM,1Story,116,153500
6,987,BrDale,1973,1973,5,483,330,483,504,1,264,Detchd,Unf,1973.0,1,1,5,TA,TA,TA,No,0,Npfireplace,1680,21.0,160,RM,2Story,0,100000
5,1099,CollgCr,1995,2006,6,1099,0,1099,0,1,352,Attchd,Unf,1999.0,1,1,6,Gd,TA,Gd,No,0,Npfireplace,9525,75.0,20,RL,1Story,0,144000
5,1200,Edwards,1946,1995,6,768,352,768,432,1,240,Detchd,Unf,1946.0,1,0,6,TA,TA,TA,No,0,Npfireplace,11767,70.0,50,RL,1.5Fin,0,130500
6,1482,SWISU,1925,1950,8,672,156,810,672,1,400,Detchd,Unf,1934.0,2,0,7,Fa,TA,TA,No,0,Npfireplace,12155,60.0,70,RH,2Story,0,140000
5,1539,OldTown,1904,2002,8,650,0,958,581,2,686,Detchd,Unf,1983.0,2,0,8,Gd,TA,TA,No,1,Po,10440,60.0,70,RM,2Story,78,157500
6,1165,NAmes,1966,1966,7,1127,312,1165,0,2,490,Attchd,RFn,1966.0,1,1,6,TA,TA,TA,Gd,0,Npfireplace,9020,82.0,80,RL,SLvl,129,174900
5,1800,NAmes,1961,1961,4,1800,0,1800,0,0,0,NoGarage,NoGarage,0.0,2,0,10,TA,TA,TA,No,0,Npfireplace,8000,80.0,90,RL,1Story,0,141000
5,1416,OldTown,1915,1950,8,876,0,876,540,3,720,Detchd,Unf,1949.0,1,1,7,TA,TA,TA,Mn,1,Gd,12665,100.0,50,RM,1.5Fin,0,153900
5,1701,Sawyer,1975,1981,5,1390,1390,1701,0,2,611,Basment,Fin,1975.0,2,0,6,TA,TA,Gd,Gd,2,TA,16647,70.0,85,RL,SFoyer,0,171000
7,1775,SawyerW,1993,1993,5,740,513,1006,769,2,425,Attchd,Unf,1993.0,2,1,7,Gd,Gd,Gd,No,1,TA,9317,75.0,60,RL,2Story,72,213000
5,864,CollgCr,1972,1972,6,864,460,864,0,1,338,Attchd,Unf,1972.0,1,0,5,TA,TA,TA,Av,1,Fa,15523,36.0,20,RL,1Story,0,133500
6,2358,ClearCr,1908,1997,8,907,0,1307,1051,2,360,Detchd,Unf,1908.0,3,0,10,TA,TA,TA,No,1,Gd,45600,75.0,50,RL,1.5Fin,40,240000
6,1855,Veenker,1976,1994,7,528,0,1094,761,2,512,Attchd,RFn,1976.0,2,1,7,TA,Gd,TA,No,1,TA,9600,80.0,80,RL,SLvl,100,187000
6,848,CollgCr,2003,2003,5,848,659,848,0,2,420,Attchd,Fin,2003.0,1,0,3,Gd,Gd,Gd,Av,0,Npfireplace,4435,36.0,120,RM,1Story,0,131500
8,1456,Blmngtn,2003,2003,5,1273,0,1456,0,2,400,Attchd,Fin,2003.0,2,0,7,Gd,Gd,Gd,Gd,1,TA,3196,43.0,120,RL,1Story,20,215000
7,1646,Crawfor,1941,1950,5,918,364,918,728,1,240,Detchd,Unf,1941.0,2,0,7,TA,TA,TA,No,2,Gd,7128,53.0,75,RL,2.5Unf,0,164000
6,1445,NAmes,1964,1964,6,1127,564,1445,0,2,645,Attchd,RFn,1964.0,1,1,7,TA,TA,TA,Gd,1,Fa,12095,73.0,80,RL,SLvl,0,158000
5,1779,Sawyer,1955,1974,4,1763,306,1779,0,2,454,Attchd,Unf,1955.0,1,1,6,TA,TA,TA,Mn,1,Gd,17920,102.0,20,RL,1Story,418,170000
5,1040,Sawyer,1962,2010,8,1040,659,1040,0,1,260,Detchd,Unf,1962.0,1,1,6,TA,TA,TA,No,0,Npfireplace,6897,70.0,20,RL,1Story,104,127000
6,1026,CollgCr,1978,1978,6,940,505,1026,0,2,576,Detchd,Unf,1981.0,1,0,5,TA,TA,Gd,Gd,0,Npfireplace,10970,69.0,80,RL,SLvl,0,147000
6,1481,Gilbert,1994,1995,5,702,0,702,779,2,343,Attchd,Fin,1994.0,2,1,6,TA,TA,Gd,No,1,TA,8125,65.0,60,RL,2Story,36,174000
7,1370,NWAmes,1976,1976,5,1090,0,1370,0,2,479,Attchd,RFn,1976.0,2,0,6,TA,TA,Gd,No,1,TA,10400,80.0,20,RL,1Story,0,152000
6,2654,NWAmes,1968,1984,7,1054,619,1512,1142,2,619,Attchd,Unf,1968.0,2,1,9,Gd,TA,TA,Mn,1,Gd,11029,80.0,60,RL,2Story,65,250000
7,1426,Crawfor,1918,1998,8,912,0,912,514,1,216,Detchd,Unf,1925.0,1,1,7,Gd,Gd,TA,No,1,Gd,7642,55.0,50,RL,1.5Fin,240,189950
5,1039,Sawyer,1965,1965,4,1039,841,1039,0,2,504,Attchd,Unf,1965.0,1,1,6,TA,TA,TA,Mn,0,Npfireplace,11625,75.0,190,RL,1Story,0,131500
6,1097,SawyerW,1984,1985,5,1040,338,1097,0,2,480,Attchd,Unf,1986.0,2,0,6,TA,TA,Gd,No,0,Npfireplace,9672,81.0,20,RL,1Story,0,152000
5,1148,NAmes,1959,1959,5,1148,1148,1148,0,1,672,Attchd,Unf,1959.0,1,0,6,TA,TA,TA,No,0,Npfireplace,7931,70.0,20,RL,1Story,0,132500
7,1372,Somerst,2007,2008,5,1372,0,1372,0,2,529,Attchd,Fin,2008.0,2,0,6,Gd,Gd,Ex,No,0,Npfireplace,8640,72.0,20,FV,1Story,140,250580
5,1002,NAmes,1970,1970,6,1002,828,1002,0,2,902,Detchd,Unf,1973.0,1,0,5,TA,TA,TA,No,0,Npfireplace,8750,73.0,20,RL,1Story,0,148500
8,1646,Timber,2006,2007,5,1638,0,1646,0,3,870,Attchd,RFn,2007.0,2,0,6,Gd,Gd,Gd,Av,1,Gd,10656,67.0,20,RL,1Story,80,248900
4,1120,Sawyer,1961,1961,5,1040,932,1120,0,2,544,Attchd,RFn,1961.0,1,1,5,Fa,TA,TA,No,0,Npfireplace,6970,85.0,20,RL,1Story,0,129000
5,2320,Gilbert,1948,1950,6,0,0,1547,720,2,672,Attchd,Unf,1979.0,2,0,7,TA,TA,NoBasement,NoBasement,1,TA,14762,65.0,60,RL,2Story,144,169000
7,1949,SawyerW,1993,1994,5,1050,750,1062,887,2,574,Attchd,Fin,1993.0,2,1,8,Gd,Gd,Gd,No,1,TA,9938,80.0,60,RL,2Story,90,236000
5,894,NAmes,1962,1962,5,894,0,894,0,1,308,Detchd,Unf,1962.0,1,0,5,TA,TA,TA,No,0,Npfireplace,6600,60.0,20,RL,1Story,0,109500
6,1682,CollgCr,1998,1998,5,804,505,804,878,2,523,Attchd,RFn,1998.0,2,1,7,Gd,TA,Gd,No,0,Npfireplace,8750,70.0,60,RL,2Story,77,200500
5,910,NAmes,1953,1996,7,105,0,910,0,2,414,Attchd,Unf,1953.0,1,0,5,Gd,Gd,TA,Av,0,Npfireplace,8892,74.0,20,RL,1Story,0,116000
5,1268,NAmes,1949,1950,7,832,375,1036,0,1,288,Attchd,Unf,1949.0,1,0,6,TA,Gd,TA,No,1,Gd,12144,60.0,40,RL,1Story,28,133000
5,1131,OldTown,1941,1950,6,676,0,676,455,1,200,Detchd,Unf,1941.0,1,1,5,TA,TA,TA,No,0,Npfireplace,5720,52.0,50,RM,1.5Fin,0,66500
8,2610,Somerst,2007,2007,5,1184,64,1184,1426,2,550,BuiltIn,Fin,2007.0,2,1,11,Ex,Gd,Gd,Av,1,Gd,9000,75.0,60,FV,2Story,364,303477
4,1040,Mitchel,1963,1963,5,1064,633,1040,0,2,648,Attchd,Unf,1963.0,1,0,5,TA,TA,TA,Gd,0,Npfireplace,25286,94.0,20,RL,1Story,0,132250
9,2224,NridgHt,2004,2005,5,1462,1170,1462,762,3,738,Attchd,Fin,2004.0,2,1,10,Ex,Gd,Ex,No,1,Gd,8834,74.0,60,RL,2Story,0,350000
5,1155,Sawyer,1961,1995,7,1109,899,1155,0,2,576,Detchd,Unf,1987.0,1,0,6,Gd,TA,TA,Av,0,Npfireplace,11782,88.0,85,RL,SFoyer,0,148000
5,864,CollgCr,1978,2005,8,864,646,864,0,1,336,Attchd,Unf,1978.0,1,0,6,TA,Gd,TA,No,0,Npfireplace,7000,69.0,20,RL,1Story,0,136500
5,1090,Edwards,2005,2006,5,1090,980,1090,0,2,450,Attchd,Fin,2005.0,1,1,5,TA,TA,Ex,No,0,Npfireplace,7024,60.0,20,RL,1Story,49,157000
7,1717,Timber,1990,1991,5,1156,902,1187,530,2,400,Attchd,RFn,1990.0,2,1,7,Gd,Gd,Gd,Mn,1,TA,13758,44.0,50,RL,1.5Fin,36,187500
6,1593,Gilbert,1992,1993,5,808,0,808,785,2,389,BuiltIn,RFn,1993.0,2,1,7,TA,TA,Gd,No,1,TA,9636,65.0,60,RL,2Story,40,178000
4,2230,SWISU,1912,1950,5,795,0,954,795,1,440,Detchd,Unf,1997.0,1,0,10,TA,Gd,TA,No,0,Npfireplace,6204,60.0,75,RL,2.5Fin,188,118500
5,892,NAmes,1967,1967,5,892,432,892,0,1,288,Attchd,RFn,1967.0,1,0,5,TA,TA,TA,No,0,Npfireplace,7150,65.0,20,RL,1Story,0,100000
9,1709,Somerst,1999,2000,5,1698,1238,1709,0,2,506,Attchd,Fin,1999.0,2,0,5,Gd,Gd,Ex,Av,1,TA,5119,50.0,120,FV,1Story,65,328900
5,1712,NAmes,1959,2005,5,1626,528,1712,0,2,588,Attchd,Fin,2005.0,2,0,8,TA,TA,TA,No,0,Npfireplace,8393,70.0,90,RL,1Story,54,145000
5,1393,Edwards,1955,1955,7,816,0,872,521,1,300,Attchd,Unf,1955.0,1,1,8,TA,TA,TA,No,0,Npfireplace,16466,59.0,50,RL,1.5Fin,0,135500
8,2217,NAmes,1970,1970,6,2217,351,2217,0,2,621,Attchd,Unf,1970.0,2,0,8,Gd,Gd,TA,Gd,1,TA,15865,95.0,20,RL,1Story,207,268000
6,1505,NAmes,1953,1953,4,1505,1024,1505,0,2,505,Attchd,RFn,1953.0,1,0,6,TA,TA,TA,No,1,TA,12160,128.0,20,RL,1Story,0,149500
5,924,NAmes,1949,2006,7,672,0,672,252,2,576,Detchd,Unf,2003.0,1,0,6,TA,TA,TA,Mn,1,Po,8064,60.0,50,RL,1.5Fin,0,122900
6,1683,Sawyer,1978,1978,5,918,226,918,765,2,440,Attchd,RFn,1978.0,2,1,7,TA,TA,TA,No,1,TA,11184,70.0,60,RL,2Story,0,172500
6,1068,Sawyer,1963,2003,8,1059,663,1068,0,1,264,Attchd,RFn,1963.0,1,0,6,TA,TA,TA,No,0,Npfireplace,8414,70.0,20,RL,1Story,0,154500
5,1383,Sawyer,1954,1954,5,1383,1064,1383,0,1,354,Attchd,Unf,1954.0,1,0,6,TA,TA,Gd,Mn,1,Gd,13284,70.0,20,RL,1Story,116,165000
5,1535,SawyerW,1979,1979,5,0,0,1535,0,2,400,Attchd,Unf,1979.0,2,0,8,TA,TA,NoBasement,NoBasement,0,Npfireplace,7018,64.0,90,RL,1Story,0,118858
6,1796,NAmes,1963,1963,5,780,400,983,813,2,483,Attchd,RFn,1963.0,1,1,8,TA,TA,TA,No,1,TA,7056,71.0,60,RL,2Story,50,140000
4,951,IDOTRR,1936,1950,6,951,285,951,0,1,327,Detchd,Unf,1936.0,1,0,6,TA,TA,TA,No,0,Npfireplace,8765,50.0,30,RM,1Story,28,106500
5,2240,SawyerW,1979,1979,5,0,0,1120,1120,2,528,Detchd,Unf,1979.0,2,0,12,TA,TA,NoBasement,NoBasement,0,Npfireplace,7018,64.0,90,RL,2Story,0,142953
9,2364,NridgHt,2009,2010,5,2330,2188,2364,0,3,820,Attchd,Fin,2009.0,2,1,11,Ex,Ex,Ex,Gd,2,Gd,12919,100.0,20,RL,1Story,67,611657
5,1236,Sawyer,1961,1994,7,912,465,1236,0,1,288,Attchd,Unf,1961.0,1,0,6,TA,TA,TA,No,1,TA,6993,65.0,20,RL,1Story,0,135000
4,858,NAmes,1971,1971,6,858,322,858,0,1,684,Detchd,Unf,1979.0,1,0,4,TA,TA,TA,No,0,Npfireplace,7340,73.0,20,RL,1Story,0,110000
5,1306,NAmes,1957,2000,7,992,860,1306,0,1,756,Detchd,Unf,1968.0,1,0,5,TA,TA,TA,Mn,0,Npfireplace,8712,64.0,20,RL,1Story,0,153000
7,1509,Gilbert,2003,2003,5,783,0,807,702,2,393,Attchd,Fin,2003.0,2,1,8,Gd,Gd,Gd,No,1,Gd,7875,63.0,60,RL,2Story,75,180000
7,1670,Gilbert,2006,2006,5,1670,0,1670,0,3,690,Attchd,RFn,2006.0,2,0,7,Gd,Gd,Gd,No,1,Gd,14859,50.0,20,RL,1Story,60,240000
5,902,Sawyer,1967,1967,6,876,599,902,0,1,288,Attchd,Unf,1967.0,1,0,6,TA,TA,TA,No,0,Npfireplace,6173,70.0,20,RL,1Story,0,125500
5,1063,NAmes,1954,1954,5,1056,354,1063,0,1,280,Attchd,RFn,1954.0,1,0,6,TA,TA,TA,No,0,Npfireplace,9920,80.0,20,RL,1Story,0,128000
8,1636,Somerst,2006,2006,5,1623,63,1636,0,3,865,Attchd,RFn,2006.0,2,0,8,Gd,Gd,Gd,No,1,Gd,13501,116.0,20,RL,1Story,60,255000
7,2057,Crawfor,1936,1987,7,1017,223,1020,1037,1,180,Attchd,Fin,1936.0,1,1,6,Gd,Gd,Gd,No,1,Gd,11500,86.0,50,RL,1.5Fin,0,250000
5,902,Mitchel,1983,1983,5,864,301,902,0,2,484,Attchd,Unf,1983.0,1,0,5,TA,TA,Gd,Av,0,Npfireplace,8885,75.5,20,RL,1Story,0,131000
6,1484,Gilbert,2005,2005,5,742,0,742,742,2,390,Attchd,Fin,2005.0,2,1,8,Gd,Gd,Gd,No,1,Gd,12589,149.0,60,RL,2Story,24,174000
5,2274,NAmes,1960,1960,5,1105,443,1105,1169,2,480,Detchd,Unf,1960.0,2,0,12,TA,TA,TA,No,0,Npfireplace,11600,80.0,90,RL,2Story,0,154300
5,1268,CollgCr,1977,1989,7,1268,196,1268,0,1,252,Detchd,Unf,1978.0,1,1,5,Gd,TA,Gd,Av,0,Npfireplace,9286,69.0,20,RL,1Story,0,143500
5,1015,BrkSide,1925,1950,7,768,489,1015,0,1,450,Detchd,Unf,1925.0,1,0,6,TA,TA,TA,No,0,Npfireplace,6120,51.0,30,RM,1Story,0,88000
5,2002,Crawfor,1949,1950,6,1001,284,1001,1001,3,871,2Types,Unf,1949.0,2,0,8,TA,TA,TA,No,0,Npfireplace,6270,82.0,90,RH,2Story,0,145000
6,1224,Somerst,2009,2009,5,612,294,612,612,2,528,Detchd,RFn,2009.0,2,1,4,Gd,Gd,Gd,Av,0,Npfireplace,3000,30.0,160,FV,2Story,234,173733
4,1092,MeadowV,1970,1970,5,546,0,546,546,1,286,Attchd,Unf,1970.0,1,1,6,TA,TA,TA,No,0,Npfireplace,2001,21.0,160,RM,2Story,0,75000
2,480,IDOTRR,1949,1950,3,480,50,480,0,1,308,Detchd,Unf,1958.0,0,0,4,TA,TA,TA,Av,0,Npfireplace,9000,50.0,20,C (all),1Story,0,35311
4,1229,Edwards,1956,1956,6,1134,1059,1229,0,1,284,Attchd,RFn,1956.0,1,0,6,TA,TA,TA,No,0,Npfireplace,17140,67.0,20,RL,1Story,0,135000
7,2127,SawyerW,1991,1991,5,1104,48,912,1215,3,833,Attchd,RFn,1991.0,2,1,8,Gd,Gd,Ex,Mn,1,TA,13125,103.0,60,RL,2Story,192,238000
6,1414,NAmes,1958,2002,8,1184,528,1414,0,2,601,Attchd,Unf,1990.0,1,0,6,TA,Ex,Gd,No,1,TA,11029,87.0,20,RL,1Story,51,176500
6,1721,SawyerW,1994,1994,5,928,814,936,785,2,471,Attchd,RFn,1994.0,2,1,7,Gd,Gd,Gd,No,0,Npfireplace,8462,70.0,60,RL,2Story,87,201000
5,2200,Edwards,1900,2003,7,1272,1084,1272,928,0,0,NoGarage,NoGarage,0.0,2,2,9,TA,TA,TA,No,0,Npfireplace,8777,67.0,90,RL,1.5Fin,70,145900
6,1316,Gilbert,2005,2006,5,1316,28,1316,0,2,397,Attchd,Fin,2005.0,2,0,6,Gd,Gd,Gd,No,1,Gd,10237,65.0,20,RL,1Story,0,169990
6,1617,SawyerW,1993,1994,5,1604,165,1617,0,2,533,Attchd,RFn,1993.0,2,0,5,Gd,Gd,Gd,No,1,Fa,8012,50.0,120,RL,1Story,69,193000
6,1686,NWAmes,1980,1980,6,1686,625,1686,0,2,612,Attchd,Unf,1980.0,2,0,7,TA,TA,Gd,No,1,TA,10240,79.0,20,RL,1Story,131,207500
5,1126,NWAmes,1977,1977,6,1126,767,1126,0,2,540,Attchd,RFn,1977.0,2,0,6,Ex,TA,Gd,Av,0,Npfireplace,15611,80.0,20,RL,1Story,0,175000
8,2374,NridgHt,2003,2004,5,1181,0,1234,1140,3,656,BuiltIn,Fin,2003.0,2,1,10,Ex,Gd,Gd,No,1,Gd,11999,93.0,60,RL,2Story,100,285000
7,1978,NWAmes,1968,1968,5,832,552,1098,880,2,486,Attchd,RFn,1968.0,2,1,9,TA,TA,TA,No,1,Gd,9900,80.0,60,RL,2Story,43,176000
8,1788,CollgCr,2001,2001,5,1753,0,1788,0,2,522,Attchd,RFn,2001.0,2,0,7,Ex,Gd,Gd,Av,1,TA,11838,69.0,20,RL,1Story,151,236500
7,2236,Gilbert,1997,1997,5,964,0,993,1243,2,642,BuiltIn,Fin,1997.0,2,1,8,Gd,TA,Gd,No,1,TA,13006,65.0,60,RL,2Story,0,222000
8,1466,Timber,2007,2007,5,1466,16,1466,0,3,610,Attchd,Fin,2007.0,2,0,7,Gd,Gd,Gd,Av,0,Npfireplace,8925,73.0,20,RL,1Story,18,201000
5,925,NAmes,1965,1965,6,925,338,925,0,1,429,Detchd,Unf,1965.0,1,0,5,TA,TA,TA,No,0,Npfireplace,9100,70.0,20,RL,1Story,0,117500
9,1905,Somerst,2006,2006,5,1905,0,1905,0,3,788,Attchd,Fin,2006.0,2,0,8,Ex,Ex,Ex,No,1,Gd,11670,84.0,20,RL,1Story,191,320000
7,1500,CollgCr,2004,2004,5,1500,20,1500,0,2,570,Attchd,RFn,2004.0,2,0,6,Gd,Gd,Gd,Av,0,Npfireplace,8487,63.0,20,RL,1Story,36,190000
7,2069,NAmes,1960,2007,7,585,425,2069,0,2,505,Attchd,RFn,1960.0,2,0,9,Gd,TA,Gd,Gd,1,Gd,27650,313.0,20,RL,1Story,0,242000
4,747,BrkSide,1926,1953,5,600,0,747,0,2,528,Detchd,Unf,1953.0,1,0,5,TA,TA,Fa,Mn,0,Npfireplace,5825,52.0,30,RL,1Story,0,79900
7,1971,Somerst,2005,2005,5,1113,341,1113,858,2,689,Attchd,RFn,2005.0,2,1,8,Gd,Gd,Gd,Mn,1,Gd,9675,75.0,60,RL,2Story,48,253000
7,1962,CollgCr,2006,2006,5,1391,464,1391,571,3,868,Attchd,RFn,2006.0,2,1,7,Gd,Gd,Gd,Mn,0,Npfireplace,8760,73.0,60,RL,2Story,90,239799
7,2403,ClearCr,1940,1950,7,1032,0,1207,1196,1,349,Attchd,Unf,1940.0,2,0,10,TA,TA,TA,Mn,2,TA,24090,80.0,70,RL,2Story,0,244400
6,1728,Mitchel,1976,1976,5,1728,936,1728,0,2,574,Attchd,Unf,1976.0,2,0,8,TA,TA,TA,Gd,0,Npfireplace,12640,55.0,90,RL,1Story,0,150900
7,2060,Gilbert,1999,1999,5,992,772,1022,1038,2,390,BuiltIn,RFn,1999.0,2,1,8,Gd,Gd,Gd,No,1,TA,8755,65.0,60,RL,2Story,0,214000
4,1440,Edwards,1977,1977,3,1440,1440,1440,0,0,0,NoGarage,NoGarage,0.0,2,0,8,TA,TA,Gd,Gd,0,Npfireplace,7711,42.0,90,RL,1Story,0,150000
5,1632,Mitchel,1967,1967,4,1632,0,1632,0,2,576,Attchd,Unf,1967.0,2,0,8,TA,TA,TA,Av,0,Npfireplace,25000,100.0,90,RL,1Story,0,143000
6,1344,Timber,1958,1958,6,819,111,1344,0,2,525,Basment,RFn,1958.0,1,0,7,Gd,TA,TA,No,1,Gd,14375,72.0,20,RL,SLvl,118,137500
5,1869,OldTown,1890,1996,6,1088,1088,1188,561,2,456,Detchd,Unf,1963.0,1,0,7,TA,TA,TA,No,0,Npfireplace,8820,98.0,50,RM,1.5Fin,0,124900
5,1144,NAmes,1959,1959,6,1144,748,1144,0,1,796,Attchd,RFn,1959.0,1,0,6,TA,TA,TA,Av,1,TA,8163,70.0,80,RL,SLvl,0,143000
8,1629,Timber,2002,2003,5,1616,1300,1629,0,3,808,Attchd,Fin,2002.0,2,0,9,Gd,Gd,Gd,Av,1,Gd,14536,85.0,20,RL,1Story,252,270000
7,1776,CollgCr,2002,2002,5,936,0,936,840,2,474,Attchd,RFn,2002.0,2,1,7,Gd,Gd,Gd,NoBasement,1,TA,14006,65.0,60,RL,2Story,96,192500
6,1381,NWAmes,1972,2006,7,1161,982,1381,0,2,676,Attchd,RFn,1972.0,1,1,5,Gd,TA,TA,No,1,TA,9360,78.0,20,RL,1Story,0,197500
5,864,NAmes,1950,2002,8,864,398,864,0,2,720,Detchd,RFn,1980.0,1,0,5,Gd,TA,TA,No,0,Npfireplace,7200,60.0,20,RL,1Story,0,129000
5,965,SawyerW,1965,1965,5,828,641,965,0,1,300,Detchd,Unf,1979.0,1,0,6,TA,TA,TA,No,0,Npfireplace,7800,60.0,20,RH,1Story,0,119900
5,768,CollgCr,1972,2003,8,768,660,768,0,1,396,Detchd,Fin,1974.0,1,0,5,TA,TA,Gd,Av,0,Npfireplace,7200,60.0,85,RL,SFoyer,0,133900
5,1968,Mitchel,1969,1969,4,784,562,1168,800,2,530,Attchd,RFn,1969.0,2,1,7,TA,TA,TA,Av,1,Po,11075,75.5,60,RL,2Story,189,172000
6,980,Edwards,1975,1975,5,945,945,980,0,0,0,NoGarage,NoGarage,0.0,2,0,4,TA,TA,Gd,Gd,0,Npfireplace,9400,35.0,90,RL,SFoyer,0,127500
6,1958,Crawfor,1946,1950,6,979,484,979,979,2,492,Attchd,Unf,1946.0,2,0,8,TA,TA,Gd,No,0,Npfireplace,7136,82.0,90,RH,2Story,0,145000
6,1229,Blueste,1980,1980,6,561,285,561,668,2,462,Attchd,Fin,1980.0,1,1,5,TA,TA,Gd,No,1,TA,1300,24.0,160,RM,2Story,0,124000
5,1057,Sawyer,1962,1962,5,1057,417,1057,0,2,576,Detchd,Fin,1977.0,1,0,6,TA,TA,TA,No,0,Npfireplace,7420,70.0,20,RL,1Story,0,132000
7,1337,CollgCr,2003,2003,5,1337,699,1337,0,2,531,Attchd,RFn,2003.0,2,0,6,Gd,Gd,Gd,Mn,0,Npfireplace,8450,65.0,20,RL,1Story,39,185000
7,1416,Somerst,1999,1999,5,696,604,696,720,2,484,Detchd,Unf,1999.0,2,1,6,Gd,Gd,Gd,No,0,Npfireplace,2572,24.0,160,FV,2Story,44,155000
5,858,BrkSide,1958,2008,7,858,696,858,0,0,0,NoGarage,NoGarage,0.0,1,0,4,TA,TA,TA,Gd,0,Npfireplace,7207,50.0,20,RL,1Story,0,116500
6,2872,NWAmes,1977,1995,7,1330,896,1542,1330,2,619,Attchd,Fin,1977.0,2,1,11,TA,TA,Gd,No,1,TA,12227,80.0,60,RL,2Story,282,272000
6,1548,NPkVill,1976,1976,6,804,556,804,744,2,440,Detchd,Unf,1976.0,2,1,7,Gd,TA,Gd,No,1,TA,2308,24.0,160,RL,2Story,0,155000
9,1800,CollgCr,2007,2007,5,1800,0,1800,0,2,702,Attchd,Fin,2007.0,2,0,7,Ex,Gd,Ex,No,0,Npfireplace,11923,122.0,20,RL,1Story,136,239000
7,1894,Timber,2002,2003,5,817,624,824,1070,2,510,BuiltIn,Fin,2002.0,2,1,8,Gd,Gd,Gd,No,1,Gd,11316,80.0,60,RL,2Story,40,214900
6,1484,Gilbert,2005,2007,5,783,0,783,701,2,393,Attchd,Fin,2005.0,2,1,8,Gd,Gd,Gd,No,1,Gd,10237,65.0,60,RL,2Story,72,178900
5,1308,Crawfor,1940,1950,7,728,428,976,332,1,256,Detchd,Unf,1940.0,1,1,7,TA,Gd,TA,No,2,TA,9600,130.0,50,RL,1.5Fin,70,160000
5,1098,NAmes,1955,1955,7,1098,902,1098,0,1,260,Attchd,Unf,1955.0,1,0,6,TA,TA,TA,No,0,Npfireplace,7390,73.0,20,RL,1Story,0,135000
3,968,OldTown,1910,1950,6,600,0,600,368,0,0,NoGarage,NoGarage,0.0,1,0,6,TA,TA,TA,No,0,Npfireplace,5925,50.0,50,RM,1.5Fin,0,37900
6,1095,NAmes,1958,1958,5,588,513,1095,0,1,264,Attchd,RFn,1958.0,1,0,6,TA,TA,TA,Gd,0,Npfireplace,10382,75.0,190,RL,SLvl,0,140000
4,1192,NAmes,1949,1950,4,720,0,720,472,0,0,NoGarage,NoGarage,0.0,1,1,6,TA,TA,TA,No,0,Npfireplace,10800,60.0,50,RL,1.5Fin,0,135000
7,1626,NridgHt,2003,2004,5,764,567,764,862,2,474,BuiltIn,RFn,2003.0,2,0,6,Gd,Gd,Gd,No,0,Npfireplace,2268,36.0,160,RL,2Story,27,173000
6,918,SawyerW,1979,1979,5,918,0,918,0,1,264,Attchd,Unf,1979.0,2,0,5,TA,TA,Gd,No,1,TA,7892,55.0,120,RL,1Story,0,99500
7,2019,BrkSide,1910,1993,8,728,0,1136,883,2,532,Detchd,Unf,1997.0,1,0,8,Gd,TA,Gd,No,0,Npfireplace,11414,60.0,70,RL,2Story,135,167500
7,1382,Somerst,2000,2000,5,673,641,673,709,2,490,Detchd,Unf,2000.0,2,1,6,Gd,Gd,Gd,No,0,Npfireplace,2651,72.0,160,FV,2Story,50,165000
4,869,BrkSide,1923,1958,7,440,0,869,0,0,0,NoGarage,NoGarage,0.0,1,0,4,Fa,TA,Gd,No,0,Npfireplace,5900,51.0,30,RL,1Story,0,85500
4,894,Edwards,1954,1954,5,894,552,894,0,2,400,Detchd,Unf,1999.0,1,0,5,TA,TA,TA,No,0,Npfireplace,9450,68.0,20,RL,1Story,0,110000
5,1121,Sawyer,1963,1963,6,1121,651,1121,0,2,480,Detchd,Unf,1963.0,1,0,5,TA,TA,TA,No,0,Npfireplace,8816,80.0,20,RL,1Story,80,139000
7,999,NAmes,1961,2007,9,944,867,999,0,2,588,Attchd,RFn,1961.0,1,0,6,Ex,Ex,TA,Av,0,Npfireplace,12122,73.0,85,RL,SFoyer,76,178400
8,2612,NoRidge,1998,1999,5,1225,854,1276,1336,3,676,Attchd,Fin,1998.0,2,1,8,Gd,Gd,Gd,No,1,TA,12203,98.0,60,RL,2Story,0,336000
7,1266,Blmngtn,2007,2007,5,1266,0,1266,0,2,388,Attchd,Fin,2007.0,2,0,6,Gd,Gd,Gd,Av,1,Gd,3182,43.0,20,RL,1Story,16,159895
8,2290,CollgCr,2002,2002,5,1128,0,1149,1141,2,779,Attchd,Unf,2002.0,2,1,9,Gd,Gd,Gd,Mn,1,Gd,11250,69.0,60,RL,2Story,0,255900
5,1734,Mitchel,1977,1977,5,0,0,1302,432,2,539,Attchd,Unf,1977.0,2,0,8,Gd,TA,NoBasement,NoBasement,0,Npfireplace,10125,75.0,90,RL,1.5Fin,0,126000
5,1164,Edwards,1950,1950,5,1164,1040,1164,0,1,240,Detchd,Unf,1950.0,1,0,5,TA,TA,TA,No,0,Npfireplace,10880,68.0,190,RL,1Story,48,125000
6,1635,OldTown,1910,2003,8,485,0,1001,634,1,255,Attchd,Unf,1950.0,1,0,5,Gd,TA,TA,No,0,Npfireplace,5310,59.0,50,RM,1.5Fin,0,117000
9,1940,NridgHt,2009,2010,5,1930,1646,1940,0,3,606,Attchd,Fin,2010.0,2,1,8,Ex,Ex,Ex,Av,1,Gd,10159,83.0,20,RL,1Story,95,395192
6,2030,NWAmes,1976,1976,6,848,156,1118,912,2,551,Attchd,Fin,1976.0,2,1,8,Gd,TA,TA,No,1,TA,12046,80.0,60,RL,2Story,224,195000
7,1576,Somerst,2006,2006,5,770,0,778,798,2,614,Attchd,RFn,2006.0,2,1,6,Gd,Gd,Gd,No,0,Npfireplace,8125,65.0,60,FV,2Story,50,197000
8,2392,NoRidge,1997,1998,5,1396,1074,1407,985,3,870,Attchd,Fin,1997.0,2,1,7,Gd,Gd,Gd,No,1,TA,9452,82.0,60,RL,2Story,70,348000
8,1742,OldTown,1882,1986,9,916,216,916,826,2,424,Attchd,Unf,1925.0,1,1,8,Gd,Gd,TA,No,1,Gd,17671,121.0,70,RM,2Story,169,168000
6,1851,NAmes,1964,1993,8,822,536,1020,831,2,440,Attchd,RFn,1964.0,2,1,7,Gd,TA,TA,Gd,1,Fa,9760,80.0,60,RL,2Story,42,187000
6,1500,CollgCr,2005,2006,5,750,0,750,750,2,564,Attchd,RFn,2005.0,2,1,6,Gd,TA,Gd,No,0,Npfireplace,8846,68.0,60,RL,2Story,35,173900
10,1718,NridgHt,2006,2007,5,1700,1172,1718,0,3,786,Attchd,Fin,2008.0,2,0,7,Ex,Ex,Ex,Gd,1,Gd,12456,96.0,20,RL,1Story,48,337500
4,1230,BrkSide,1946,1950,7,747,384,774,456,1,305,Detchd,Unf,1946.0,1,1,5,TA,TA,TA,No,0,Npfireplace,4712,51.0,50,RL,1.5Fin,57,121600
5,1050,NAmes,1961,1961,6,1050,915,1050,0,1,368,Attchd,Unf,1961.0,1,0,6,TA,TA,TA,No,0,Npfireplace,10659,73.0,20,RL,1Story,319,136500
6,1442,NWAmes,1970,1970,6,1442,0,1442,0,2,615,Attchd,RFn,1970.0,2,0,6,TA,TA,TA,No,1,TA,11717,80.0,20,RL,1Story,0,185000
3,1077,IDOTRR,1922,1950,4,1007,0,1077,0,1,210,Detchd,Unf,1922.0,1,0,6,TA,TA,TA,No,1,Gd,9786,60.0,30,RM,1Story,100,91000
7,1208,CollgCr,2006,2006,5,1187,686,1208,0,2,632,Attchd,RFn,2006.0,2,0,6,Gd,Gd,Gd,Av,0,Npfireplace,6762,64.0,20,RL,1Story,61,206000
3,944,Edwards,1952,1952,3,0,0,944,0,2,528,Detchd,Unf,1956.0,1,0,4,Fa,TA,NoBasement,NoBasement,0,Npfireplace,10206,74.0,20,RL,1Story,0,82000
5,691,OldTown,1920,1950,6,691,0,691,0,1,216,Detchd,Unf,1920.0,1,0,4,Ex,TA,Fa,No,0,Npfireplace,5400,60.0,30,RL,1Story,20,86000
8,1574,Somerst,2006,2006,5,1574,24,1574,0,3,824,Attchd,RFn,2006.0,2,0,7,Gd,Gd,Gd,No,1,Gd,11957,75.0,20,RL,1Story,104,232000
5,1680,NWAmes,1976,1976,6,1680,0,1680,0,2,528,Detchd,Unf,1976.0,2,0,8,TA,TA,TA,No,0,Npfireplace,11500,80.0,90,RL,1Story,0,136905
7,1504,Blmngtn,2005,2006,5,1346,16,1504,0,2,457,Attchd,Fin,2005.0,2,0,7,Gd,Gd,Gd,No,1,Gd,3182,43.0,120,RL,1Story,0,181000
5,985,CollgCr,1977,1977,8,985,595,985,0,1,328,Attchd,Unf,1977.0,2,0,6,TA,Gd,Gd,Av,0,Npfireplace,8385,65.0,80,RL,SLvl,0,149900
6,1657,NAmes,1970,1970,3,1657,1237,1657,0,2,484,Attchd,Unf,1970.0,2,0,7,TA,TA,Gd,No,1,TA,12155,73.0,20,RL,1Story,0,163500
4,1092,MeadowV,1970,1970,4,546,273,546,546,1,286,Attchd,RFn,1970.0,1,1,6,TA,TA,TA,No,0,Npfireplace,2217,21.0,160,RM,2Story,0,88000
7,1710,Mitchel,2004,2005,5,1710,0,1710,0,2,550,Attchd,Fin,2004.0,2,0,7,Gd,Gd,Ex,Mn,1,Gd,12118,43.0,20,RL,1Story,48,240000
5,1522,SWISU,1926,1950,5,1008,0,1008,0,0,0,NoGarage,NoGarage,0.0,2,0,7,TA,TA,TA,No,0,Npfireplace,6000,60.0,50,RL,1.5Fin,0,102000
5,1271,Sawyer,1948,1950,5,720,0,720,551,1,312,Attchd,Unf,1948.0,2,0,7,TA,TA,TA,No,1,Gd,21286,115.0,50,RL,1.5Fin,0,135000
5,1664,Edwards,1965,1965,5,0,0,1664,0,0,0,NoGarage,NoGarage,0.0,2,0,8,TA,TA,NoBasement,NoBasement,0,Npfireplace,9825,75.0,90,RL,1Story,0,100000
6,1502,Crawfor,1923,1996,7,602,0,900,602,1,180,Detchd,Unf,1923.0,1,1,7,Gd,TA,TA,No,2,TA,10592,55.0,70,RL,2Story,0,165000
5,1022,OldTown,1910,2006,4,1022,247,1022,0,1,280,Detchd,Unf,1956.0,1,0,4,TA,TA,TA,No,0,Npfireplace,7200,60.0,30,RM,1Story,30,85000
6,1082,NAmes,1948,1950,5,1082,336,1082,0,1,240,Detchd,Unf,1948.0,1,0,5,TA,TA,TA,No,1,Gd,11664,60.0,20,RL,1Story,130,119200
8,1665,NWAmes,2001,2001,6,810,643,810,855,2,528,Attchd,Fin,2001.0,2,1,6,Gd,Gd,Gd,No,0,Npfireplace,8400,70.0,60,RL,2Story,45,227000
7,1504,CollgCr,1996,1996,5,1504,690,1504,0,2,478,Attchd,Fin,1996.0,2,0,6,Gd,Gd,Gd,Gd,1,TA,11883,73.0,20,RL,1Story,66,203000
8,1360,StoneBr,1984,1984,5,1220,1036,1360,0,2,565,Attchd,RFn,1984.0,1,0,4,Gd,Gd,Gd,Av,1,Ex,5814,63.0,120,RL,1Story,0,187500
7,1472,Gilbert,1991,1992,5,384,0,802,670,2,402,Attchd,RFn,1991.0,2,1,7,Gd,Gd,Gd,No,1,TA,10784,65.0,80,RL,SLvl,0,160000
7,1506,Blmngtn,2005,2005,5,1362,16,1506,0,2,440,Attchd,Fin,2005.0,2,0,6,Gd,Gd,Gd,Gd,1,Gd,3013,43.0,120,RL,1Story,20,213490
4,1132,Edwards,2005,2005,5,1132,1024,1132,0,2,451,Attchd,Fin,2005.0,1,1,5,Gd,TA,Gd,No,0,Npfireplace,7024,60.0,20,RL,1Story,64,176000
7,1220,CollgCr,2006,2006,5,1199,684,1220,0,2,632,Attchd,RFn,2006.0,2,0,6,Gd,Gd,Gd,Av,0,Npfireplace,7406,64.0,20,RL,1Story,54,194000
5,1248,OldTown,1930,1950,5,912,324,912,336,1,160,Detchd,Unf,1957.0,1,0,6,TA,TA,TA,No,0,Npfireplace,9439,52.0,50,RM,1.5Fin,0,87000
7,1504,Blmngtn,2005,2006,5,1346,16,1504,0,2,437,Attchd,Fin,2005.0,2,0,7,Gd,Gd,Gd,No,1,Gd,3182,43.0,120,RL,1Story,20,191000
8,2898,Timber,1976,1976,6,1565,1165,2898,0,2,665,Attchd,Fin,1976.0,2,0,10,Gd,Gd,Gd,Av,1,Gd,15498,72.0,20,RL,1Story,72,287000
5,882,CollgCr,1972,1972,5,882,138,882,0,2,461,Detchd,Unf,1980.0,1,0,5,TA,TA,TA,No,0,Npfireplace,7700,70.0,20,RL,1Story,0,112500
5,1264,NAmes,1960,1960,5,1268,697,1264,0,2,461,Attchd,Unf,1960.0,1,0,6,TA,TA,TA,No,2,Gd,9300,73.0,20,RL,1Story,0,167500
8,1646,Timber,2007,2008,5,1638,1513,1646,0,3,800,Attchd,RFn,2008.0,2,0,7,Gd,Gd,Gd,Gd,1,Gd,9520,71.0,20,RL,1Story,44,293077
5,1376,NAmes,1941,1950,5,768,368,968,408,1,240,Attchd,Unf,1941.0,1,0,6,TA,TA,TA,No,1,Gd,9492,79.0,50,RL,1.5Fin,0,105000
6,1218,BrDale,1972,1972,7,672,317,672,546,1,264,Detchd,Unf,1972.0,1,1,7,TA,TA,TA,No,0,Npfireplace,1680,21.0,160,RM,2Story,28,118000
5,1928,SWISU,1916,1995,8,686,0,948,980,0,0,NoGarage,NoGarage,0.0,2,0,10,TA,TA,TA,Mn,0,Npfireplace,7082,60.0,190,RH,2Story,0,160000
7,3082,SWISU,1920,1970,3,824,523,1687,998,2,672,Basment,Fin,1970.0,2,1,12,TA,TA,TA,No,2,TA,15863,102.0,75,RL,2.5Fin,63,197000
8,2520,NoRidge,1993,1993,7,1338,1012,1352,1168,3,796,Attchd,RFn,1993.0,2,1,10,Gd,Gd,Gd,No,1,TA,14541,91.0,60,RL,2Story,55,310000
7,1654,CollgCr,2002,2002,5,1654,986,1654,0,3,900,Attchd,Unf,2002.0,2,0,6,Gd,Gd,Gd,No,0,Npfireplace,8125,69.0,20,RL,1Story,136,230000
5,954,Crawfor,1938,1950,7,920,0,954,0,1,240,Basment,Unf,1938.0,1,0,5,Fa,TA,Fa,No,1,Gd,6305,50.0,30,RL,1Story,0,119750
4,845,Edwards,1957,1957,3,0,0,845,0,1,290,Detchd,Unf,1957.0,1,0,5,TA,TA,NoBasement,NoBasement,0,Npfireplace,11500,67.0,20,RL,1Story,0,84000
9,1620,Timber,2007,2008,5,1620,1022,1620,0,3,912,Attchd,Fin,2008.0,2,0,6,Ex,Gd,Ex,Gd,1,Ex,12898,89.0,20,RL,1Story,0,315500
8,2263,CollgCr,2001,2002,5,1055,0,1055,1208,2,905,BuiltIn,Fin,2001.0,2,1,7,Gd,Gd,Gd,No,1,TA,9240,69.0,60,RL,2Story,45,287000
4,1344,MeadowV,1970,2008,6,546,0,798,546,0,0,NoGarage,NoGarage,0.0,1,1,6,TA,TA,TA,No,1,TA,1533,21.0,160,RM,2Story,0,97000
4,630,MeadowV,1970,1970,4,630,509,630,0,1,286,Attchd,Unf,1970.0,1,0,3,TA,TA,Gd,Av,0,Npfireplace,1477,21.0,180,RM,SFoyer,0,80000
5,1803,Sawyer,1957,2000,4,1134,168,1803,0,2,484,Attchd,RFn,1957.0,2,0,8,TA,TA,TA,No,1,TA,13125,88.0,20,RL,1Story,0,155000
6,1632,NWAmes,1966,2000,8,800,400,800,832,2,484,Attchd,Unf,1966.0,1,1,7,Gd,TA,TA,No,0,Npfireplace,9130,80.0,60,RL,2Story,40,173000
6,1306,NridgHt,2005,2005,5,1306,900,1306,0,2,624,Attchd,RFn,2005.0,2,0,5,Gd,Gd,Gd,Av,1,Gd,5381,34.0,120,RL,1Story,63,196000
7,2329,SawyerW,1990,1990,5,1475,1085,1532,797,2,514,Attchd,Unf,1990.0,2,1,10,Gd,TA,Gd,No,1,Ex,11839,86.0,60,RL,2Story,121,262280
8,2524,NWAmes,1981,1981,5,2524,1104,2524,0,2,542,Attchd,Fin,1981.0,2,1,9,Gd,Gd,Gd,No,1,Gd,9600,80.0,20,RL,1Story,120,278000
3,1733,Edwards,1955,1955,5,0,0,1733,0,2,452,Attchd,Unf,1955.0,2,0,8,TA,TA,NoBasement,NoBasement,1,Gd,13680,67.0,20,RL,1Story,0,139600
9,2868,StoneBr,2005,2006,5,1992,240,1992,876,3,716,BuiltIn,Fin,2005.0,3,1,11,Ex,Gd,Ex,Av,1,Gd,16056,85.0,60,RL,2Story,108,556581
5,990,CollgCr,1994,1995,5,990,686,990,0,2,672,Detchd,Unf,1996.0,1,0,5,TA,TA,Gd,No,0,Npfireplace,9245,57.0,20,RL,1Story,0,145000
5,1771,Mitchel,1960,2006,4,0,0,1771,0,2,336,Attchd,Unf,1960.0,1,0,9,TA,TA,NoBasement,NoBasement,1,TA,21750,100.0,20,RL,1Story,0,115000
4,930,Edwards,1946,2006,7,0,0,930,0,1,308,Detchd,Unf,1946.0,1,0,6,Gd,TA,NoBasement,NoBasement,0,Npfireplace,11100,60.0,20,RL,1Story,0,84900
7,1302,Gilbert,2007,2007,5,1302,0,1302,0,2,436,Attchd,Fin,2007.0,2,0,6,Gd,Gd,Gd,Av,0,Npfireplace,8993,73.0,20,RL,1Story,22,176485
7,1316,CollgCr,2007,2007,5,1316,0,1316,0,2,440,Attchd,Fin,2007.0,2,0,6,Gd,Gd,Gd,Av,1,Gd,11175,103.0,20,RL,1Story,20,200141
6,1977,NAmes,1964,1978,6,816,442,1127,850,2,540,Attchd,RFn,1964.0,1,1,9,TA,TA,TA,No,1,TA,9500,100.0,60,RL,2Story,52,165000
5,1526,Edwards,1957,2002,6,1216,383,1526,0,1,364,Basment,Unf,1957.0,1,0,7,TA,TA,TA,Av,1,Gd,8562,68.0,20,RL,1Story,78,144500
8,1989,CollgCr,2002,2002,5,1065,932,1091,898,2,586,Attchd,Fin,2002.0,2,1,7,Gd,Gd,Gd,Mn,1,Gd,11367,90.0,60,RL,2Story,60,255000
6,1523,NWAmes,1976,1976,5,1193,644,1523,0,2,478,Attchd,Fin,1976.0,2,0,7,TA,TA,Gd,No,1,TA,11361,104.0,20,RL,1Story,0,180000
7,1364,NridgHt,2005,2005,5,1364,659,1364,0,2,484,Attchd,RFn,2005.0,2,0,6,Gd,Gd,Gd,Av,1,Gd,7052,43.0,120,RL,1Story,36,185850
7,1850,NoRidge,1994,1994,6,973,595,979,871,2,467,BuiltIn,Fin,1994.0,2,1,7,Gd,Gd,Gd,No,1,Gd,29959,91.0,60,RL,2Story,98,248000
9,2184,NridgHt,2008,2008,5,1104,936,1130,1054,3,836,Attchd,Fin,2008.0,2,1,10,Ex,Ex,Ex,Av,1,Gd,11308,96.0,60,RL,2Story,102,335000
6,1991,Crawfor,1932,1950,7,854,297,1096,895,2,432,Detchd,Unf,1977.0,1,1,7,TA,TA,TA,Mn,1,Gd,11275,66.0,50,RL,1.5Fin,0,220000
8,1338,StoneBr,2001,2001,5,1338,616,1338,0,2,582,Attchd,Fin,2001.0,2,0,6,Gd,Gd,Gd,Mn,0,Npfireplace,4920,41.0,120,RL,1Story,0,213500
3,894,IDOTRR,1935,1950,4,894,0,894,0,3,1248,Detchd,RFn,1994.0,1,0,6,TA,Fa,TA,No,0,Npfireplace,18000,120.0,30,C (all),1Story,20,81000
5,2337,OldTown,1900,1950,5,662,0,1422,915,2,560,Detchd,Unf,1945.0,2,0,10,TA,TA,TA,No,0,Npfireplace,13600,85.0,190,RM,2Story,57,90000
6,1103,OldTown,1925,1980,6,1103,397,1103,0,2,440,Detchd,Unf,1976.0,1,0,5,Gd,TA,TA,No,1,Gd,6000,50.0,30,RM,1Story,120,110500
5,1154,NAmes,1966,1966,6,1154,740,1154,0,2,480,Attchd,RFn,1966.0,1,1,6,TA,TA,TA,Mn,1,Po,11000,73.0,20,RL,1Story,58,154000
7,2260,ClearCr,1996,1997,5,1306,1201,1306,954,2,533,Attchd,RFn,1996.0,2,1,7,Gd,Gd,Ex,Gd,0,Npfireplace,14000,80.0,60,RL,2Story,44,328000
6,1571,Gilbert,1993,1994,7,799,0,799,772,2,380,Attchd,RFn,1993.0,2,1,7,TA,Gd,Gd,No,1,TA,7837,59.0,60,RL,2Story,40,178000
6,1611,NAmes,1964,1964,6,780,674,798,813,2,442,Attchd,RFn,1964.0,1,1,7,TA,TA,TA,Gd,0,Npfireplace,9760,80.0,60,RL,2Story,128,167900
6,2521,MeadowV,1973,1973,4,942,837,1291,1230,2,576,Attchd,Fin,1973.0,2,1,10,TA,TA,Gd,No,1,Gd,3964,42.0,160,RM,2Story,20,151400
5,893,NAmes,1949,2003,7,845,220,893,0,2,576,Detchd,Unf,1985.0,1,0,4,Gd,TA,TA,No,0,Npfireplace,9600,60.0,45,RL,1.5Unf,0,135000
5,1048,NAmes,1956,1956,5,1048,586,1048,0,1,286,Attchd,Unf,1956.0,1,0,6,TA,TA,TA,No,0,Npfireplace,10152,72.0,20,RL,1Story,20,135000
6,1556,NWAmes,1968,1968,6,727,298,829,727,2,441,Attchd,Unf,1968.0,1,1,8,TA,TA,TA,No,0,Npfireplace,11700,78.0,60,RL,2Story,0,154000
5,1456,Edwards,1948,1950,3,810,0,1002,454,1,280,Detchd,Unf,1954.0,1,0,7,TA,TA,Fa,Mn,1,TA,7585,50.0,50,RL,1.5Fin,0,91500
6,1426,Edwards,1977,1977,6,690,535,698,728,2,440,Attchd,Fin,1977.0,1,1,6,TA,TA,TA,No,0,Npfireplace,7950,75.0,60,RL,2Story,0,159500
7,1240,CollgCr,2006,2006,5,1240,0,1240,0,3,826,Attchd,RFn,2006.0,2,0,5,Gd,Gd,Gd,Av,0,Npfireplace,8556,74.0,20,RL,1Story,93,194000
7,1740,Crawfor,1940,1984,6,800,410,960,780,1,240,Attchd,Unf,1940.0,1,1,6,TA,TA,TA,No,2,Gd,13125,75.0,70,RL,2Story,0,219500
5,1466,OldTown,1936,1989,8,796,626,1096,370,2,566,Attchd,Unf,1950.0,2,0,7,Gd,TA,Fa,No,1,TA,10800,60.0,50,RL,1.5Fin,21,170000
5,1096,NAmes,1969,1969,5,1096,75,1096,0,1,299,Attchd,Fin,1969.0,1,0,6,TA,TA,TA,Mn,0,Npfireplace,15870,73.0,20,RL,1Story,32,138800
6,848,CollgCr,2004,2004,5,848,662,848,0,2,420,Attchd,RFn,2004.0,1,0,3,Gd,Gd,Gd,Mn,1,Gd,4435,37.0,120,RM,1Story,0,155900
5,990,CollgCr,1994,1994,5,990,495,990,0,1,299,Attchd,Unf,1996.0,1,0,5,TA,TA,Gd,No,0,Npfireplace,8775,65.0,20,RL,1Story,64,126000
6,1258,NWAmes,1971,2004,7,1258,656,1258,0,2,528,Attchd,RFn,1971.0,2,0,5,Gd,Gd,TA,No,0,Npfireplace,11040,80.0,20,RL,1Story,0,145000
5,1040,Sawyer,1963,1963,5,1040,824,1040,0,1,308,Attchd,Fin,1963.0,1,1,5,TA,TA,TA,No,0,Npfireplace,7500,75.0,20,RL,1Story,0,133000
7,1459,CollgCr,2002,2002,5,1459,0,1459,0,2,527,Attchd,RFn,2002.0,2,0,6,Gd,Gd,Gd,No,1,Gd,8749,70.0,20,RL,1Story,39,192000
6,1251,NAmes,1964,1964,6,1251,553,1251,0,1,461,Attchd,RFn,1964.0,1,0,6,TA,TA,TA,No,2,Gd,8800,80.0,20,RL,1Story,116,160000
6,1498,Gilbert,1995,1996,5,691,592,691,807,2,409,Attchd,Fin,1995.0,2,1,6,TA,TA,Gd,No,1,TA,13031,65.0,60,RL,2Story,44,187500
6,996,SawyerW,1992,1992,6,936,747,996,0,2,564,Attchd,Unf,1992.0,1,0,5,Gd,TA,Gd,Av,0,Npfireplace,9069,73.0,85,RL,SFoyer,0,147000
4,1092,MeadowV,1973,1973,5,546,334,546,546,1,286,Attchd,RFn,1973.0,1,1,6,TA,TA,TA,No,0,Npfireplace,1974,21.0,160,RM,2Story,96,83500
8,1953,Somerst,2005,2006,5,1082,0,1082,871,3,1043,Attchd,RFn,2005.0,2,1,9,Gd,Gd,Gd,Mn,1,Gd,10574,85.0,60,FV,2Story,50,252000
7,1709,Edwards,2004,2004,5,970,0,970,739,2,380,Detchd,Unf,2004.0,2,0,7,Gd,Gd,Gd,No,0,Npfireplace,2522,24.0,160,RM,2Story,40,137500
8,1247,Somerst,2005,2005,5,1247,1039,1247,0,2,550,Attchd,Fin,2005.0,1,1,4,Gd,Gd,Gd,No,1,Gd,3316,37.0,120,FV,1Story,84,197000
3,1040,NAmes,1950,1950,4,0,0,1040,0,2,400,Detchd,Unf,1987.0,2,0,6,TA,TA,NoBasement,NoBasement,0,Npfireplace,8544,60.0,90,RL,1Story,0,92900
7,1252,Somerst,1999,2000,5,600,510,624,628,2,462,Detchd,Unf,1999.0,2,1,4,Gd,Gd,Gd,No,0,Npfireplace,2160,24.0,160,FV,2Story,48,160000
6,1694,SWISU,1925,1950,5,1181,423,1390,304,2,576,Detchd,Unf,1925.0,2,0,7,TA,TA,TA,No,1,Gd,8400,60.0,50,RL,1.5Fin,0,136500
5,1200,NAmes,1965,1998,8,864,661,1200,0,2,884,Detchd,Unf,1977.0,1,1,6,Gd,TA,TA,Mn,0,Npfireplace,9230,71.0,20,RL,1Story,64,146000
5,936,NAmes,1956,2000,7,936,248,936,0,1,308,Attchd,Fin,1956.0,1,0,4,TA,TA,TA,No,0,Npfireplace,5868,74.0,20,RL,1Story,0,129000
6,1314,CollgCr,2006,2006,5,1314,24,1314,0,2,440,Attchd,RFn,2006.0,2,0,6,Gd,Gd,Gd,No,1,Gd,9317,78.0,20,RL,1Story,22,176432
6,1355,IDOTRR,1914,2006,7,684,0,773,582,0,0,NoGarage,NoGarage,0.0,1,1,7,Gd,TA,TA,No,0,Npfireplace,6882,60.0,70,RM,2Story,0,127000
8,1088,StoneBr,1986,1986,5,1074,0,1088,0,2,461,Attchd,RFn,1987.0,1,1,5,Gd,Gd,Gd,No,0,Npfireplace,3696,63.0,120,RL,1Story,74,170000
4,1324,BrkSide,1936,1950,6,672,672,757,567,1,240,Detchd,Unf,1936.0,1,0,6,TA,TA,TA,No,0,Npfireplace,6000,50.0,50,RM,1.5Fin,0,128000
7,1601,NWAmes,1978,1978,5,1271,704,1601,0,2,478,Attchd,RFn,1978.0,2,0,7,TA,TA,Gd,No,1,TA,11880,82.0,20,RL,1Story,0,157000
2,438,SWISU,1920,1950,5,290,290,438,0,1,246,Detchd,Unf,1930.0,1,0,3,Fa,TA,TA,No,0,Npfireplace,8400,60.0,30,RL,1Story,0,60000
5,950,NAmes,1971,1971,5,950,412,950,0,1,280,Detchd,Unf,1981.0,1,0,5,TA,TA,TA,No,0,Npfireplace,9758,61.0,20,RL,1Story,0,119500
5,1134,NAmes,1960,2002,7,1010,588,1134,0,1,254,Attchd,RFn,1960.0,1,0,6,TA,TA,TA,No,0,Npfireplace,7000,70.0,20,RL,1Story,16,135000
6,1194,NAmes,1959,1959,6,655,655,1194,0,2,539,BuiltIn,Fin,1954.0,1,0,6,TA,TA,TA,Mn,1,Fa,8910,79.0,20,RL,1Story,0,159500
5,1302,BrDale,1970,1970,5,630,0,630,672,2,440,Detchd,Unf,1970.0,2,1,6,TA,TA,TA,No,0,Npfireplace,2016,24.0,160,RM,2Story,0,106000
8,2622,NoRidge,1994,1995,5,1463,1032,1500,1122,2,712,Attchd,RFn,1994.0,2,1,9,Gd,Gd,Ex,Av,2,TA,12256,98.0,60,RL,2Story,32,325000
7,1442,SawyerW,1990,1991,5,910,738,1442,0,2,719,Attchd,Fin,1990.0,2,0,6,Gd,Gd,Gd,Mn,1,TA,10357,114.0,20,RL,1Story,244,179900
7,2021,Gilbert,2006,2006,5,868,0,887,1134,2,422,BuiltIn,RFn,2006.0,2,1,9,Gd,Gd,Ex,No,1,Gd,23257,168.0,60,RL,2Story,100,274725
6,1690,Gilbert,2000,2000,5,924,0,948,742,2,463,Attchd,RFn,2000.0,2,1,7,TA,TA,Gd,No,1,TA,8063,65.0,60,RL,2Story,48,181000
8,1836,NridgHt,2004,2005,5,1836,1039,1836,0,3,862,Attchd,Fin,2004.0,2,0,7,Gd,Gd,Ex,Mn,1,Gd,11362,107.0,20,RL,1Story,185,280000
6,1658,Gilbert,1995,1996,5,773,219,773,885,2,431,Attchd,Fin,1995.0,2,1,8,TA,TA,Gd,No,1,TA,8000,65.0,60,RL,2Story,84,188000
7,1964,NWAmes,1976,1976,6,803,403,1098,866,2,483,Attchd,RFn,1976.0,2,1,8,TA,TA,TA,No,1,Gd,10480,80.0,60,RL,2Story,69,205000
5,816,NAmes,1957,1957,7,816,708,816,0,1,308,Detchd,Unf,1957.0,1,0,5,TA,TA,TA,No,0,Npfireplace,7100,73.0,20,RL,1Story,0,129900
5,1008,NAmes,1953,2006,7,1008,643,1008,0,1,240,Attchd,Unf,1953.0,1,0,6,Gd,TA,TA,No,0,Npfireplace,8923,66.0,20,RL,1Story,18,134500
5,833,OldTown,1954,2000,7,833,415,833,0,1,326,Detchd,Unf,1955.0,1,0,4,Gd,TA,TA,No,0,Npfireplace,5400,90.0,20,RL,1Story,0,117000
8,1734,NridgHt,2007,2007,5,1734,1004,1734,0,3,928,Attchd,RFn,2007.0,2,0,7,Ex,Gd,Ex,No,1,Gd,12085,93.0,20,RL,1Story,0,318000
8,1419,Gilbert,2002,2002,5,408,353,779,640,2,527,BuiltIn,Fin,2002.0,2,1,7,Gd,Gd,Gd,No,1,TA,7750,65.0,80,RL,SLvl,0,184100
5,894,Sawyer,1967,2003,7,894,702,894,0,2,450,Attchd,RFn,1967.0,1,0,5,Gd,TA,TA,No,0,Npfireplace,9764,57.0,20,RL,1Story,0,130000
5,1601,Sawyer,1958,1987,6,533,0,1021,580,1,300,BuiltIn,RFn,1958.0,1,0,6,TA,TA,TA,No,0,Npfireplace,13825,85.0,80,RL,SLvl,34,140000
5,1040,NAmes,1959,1959,5,1040,369,1040,0,1,286,Attchd,RFn,1959.0,1,0,6,TA,TA,TA,No,0,Npfireplace,7560,70.0,20,RL,1Story,0,133700
6,1012,IDOTRR,1920,1950,5,1012,0,1012,0,1,308,Detchd,Unf,1920.0,1,0,6,TA,TA,TA,No,1,Gd,8263,59.0,30,RM,1Story,22,118400
7,1552,CollgCr,2005,2006,5,1552,24,1552,0,3,782,Attchd,RFn,2005.0,2,0,7,Gd,Gd,Gd,Av,0,Npfireplace,10084,84.0,20,RL,1Story,20,212900
4,960,Edwards,1956,1956,3,672,0,960,0,1,288,Basment,Unf,1956.0,1,0,5,TA,TA,TA,No,0,Npfireplace,8926,67.0,20,RL,1Story,0,112000
5,698,Edwards,1947,2008,9,698,0,698,0,0,0,NoGarage,NoGarage,0.0,1,0,4,TA,TA,TA,No,0,Npfireplace,9405,50.0,20,RL,1Story,200,118000
7,1482,Gilbert,1992,1992,5,384,0,812,670,2,392,Attchd,Fin,1992.0,2,1,7,Gd,TA,Gd,No,1,TA,9125,65.0,80,RL,SLvl,25,163900
4,1005,NAmes,1955,1955,5,1005,0,1005,0,2,672,Detchd,Unf,1977.0,1,0,5,Fa,TA,TA,No,1,TA,10434,60.0,20,RL,1Story,0,115000
7,1555,Blmngtn,2007,2007,5,1373,0,1555,0,3,660,Attchd,Fin,2007.0,2,0,7,Gd,Gd,Gd,No,1,TA,3684,53.0,120,RL,1Story,20,174000
7,1530,Gilbert,2004,2004,5,1530,1300,1530,0,3,630,Attchd,Fin,2004.0,2,0,7,Gd,Gd,Gd,Av,1,Gd,14572,182.0,20,RL,1Story,36,259000
7,1959,Gilbert,2004,2005,5,847,0,847,1112,2,434,BuiltIn,Fin,2004.0,2,1,8,Gd,Gd,Gd,Av,1,Gd,11796,59.0,60,RL,2Story,48,215000
5,936,OldTown,1980,1980,5,936,936,936,0,2,672,Detchd,Unf,1980.0,1,0,4,TA,TA,Gd,Gd,0,Npfireplace,7200,60.0,90,RM,SFoyer,0,140000
4,1981,SWISU,1928,1950,3,1122,622,1328,653,2,576,Detchd,Unf,1981.0,2,0,7,Gd,TA,TA,No,2,TA,7804,65.0,50,RL,1.5Fin,44,135000
5,974,Mitchel,1991,1992,5,974,212,974,0,0,0,NoGarage,NoGarage,0.0,1,0,5,TA,TA,Gd,Mn,0,Npfireplace,10712,63.0,20,RL,1Story,28,93500
6,2210,OldTown,1880,1950,4,1008,0,1178,1032,1,205,Detchd,Unf,1930.0,2,0,8,Fa,TA,TA,Mn,0,Npfireplace,9900,90.0,70,RM,2Story,48,117500
8,2020,SawyerW,1995,1995,5,1128,584,1142,878,2,466,Attchd,RFn,1995.0,2,1,8,Gd,Gd,Gd,No,1,TA,9828,80.0,60,RL,2Story,155,239500
6,1600,Gilbert,1997,1997,5,916,0,916,684,2,460,Attchd,Fin,1997.0,2,1,7,TA,TA,Gd,Av,1,TA,8773,57.0,60,RL,2Story,38,169000
6,986,BrkSide,1926,1950,5,960,0,986,0,1,180,Detchd,Unf,1926.0,1,0,5,TA,TA,TA,No,1,Gd,6180,60.0,30,RM,1Story,128,102000
6,1252,NAmes,1950,1950,5,1032,280,1032,220,1,288,Attchd,Unf,1950.0,1,0,6,TA,TA,TA,No,0,Npfireplace,9600,80.0,50,RL,1.5Fin,0,119000
5,1020,Sawyer,1875,1996,8,780,0,780,240,0,0,NoGarage,NoGarage,0.0,1,0,6,TA,TA,TA,No,0,Npfireplace,6342,54.0,50,RL,1.5Fin,0,94000
6,1567,Mitchel,1977,1977,5,1567,1567,1567,0,2,714,Attchd,RFn,1977.0,2,0,5,Gd,TA,TA,Gd,2,TA,9819,75.5,20,RL,1Story,32,196000
5,1167,BrkSide,1920,1950,5,915,645,1167,0,2,495,Detchd,Unf,1972.0,1,0,6,TA,TA,TA,No,1,Gd,8731,98.0,30,RL,1Story,0,144000
5,952,NAmes,1951,1951,7,952,852,952,0,2,840,Detchd,Unf,1988.0,1,0,4,TA,TA,TA,Mn,0,Npfireplace,7350,60.0,20,RL,1Story,0,139000
5,1868,NWAmes,1976,1976,7,780,381,1088,780,2,484,Attchd,Unf,1976.0,2,1,9,Gd,TA,TA,No,1,TA,10304,80.0,60,RL,2Story,96,197500
8,2828,CollgCr,2006,2007,5,1466,1150,1466,1362,3,1052,BuiltIn,RFn,2006.0,3,0,11,Gd,Gd,Ex,Gd,1,TA,9965,77.0,60,RL,2Story,144,424870
5,1006,Sawyer,1959,1959,3,1006,288,1006,0,0,0,NoGarage,NoGarage,0.0,1,0,5,TA,TA,TA,No,0,Npfireplace,9000,70.0,20,RL,1Story,24,80000
4,924,Edwards,1941,1950,4,672,348,672,252,1,280,Detchd,Unf,1941.0,1,0,5,Fa,TA,Gd,No,0,Npfireplace,12180,60.0,190,RL,1.5Fin,0,80000
5,1576,BrkSide,1928,1950,6,1042,0,1042,534,1,225,Detchd,Unf,1928.0,1,0,8,TA,TA,TA,No,1,Gd,6240,52.0,50,RM,1.5Fin,0,149000
6,1298,SawyerW,1985,1985,5,1298,1258,1298,0,2,403,Attchd,Unf,1985.0,2,0,5,Gd,Gd,Gd,No,1,TA,11200,68.0,20,RL,1Story,26,180000
7,1564,Crawfor,1941,1950,7,704,275,860,704,1,234,Attchd,Unf,1941.0,1,1,7,Fa,TA,TA,No,1,Gd,12000,75.0,70,RL,2Story,0,174500
7,1111,OldTown,1926,1950,7,572,0,572,539,1,288,Detchd,Unf,1982.0,1,0,5,TA,TA,TA,No,1,Gd,5700,60.0,50,RM,1.5Fin,0,116900
7,1482,OldTown,1920,1988,9,650,624,832,650,2,324,Detchd,Unf,1930.0,1,0,7,TA,TA,TA,No,0,Npfireplace,9000,50.0,70,RM,2Story,0,143000
6,932,NAmes,1950,1950,5,932,0,932,0,1,306,Attchd,Unf,1950.0,1,0,4,Gd,TA,TA,No,1,Gd,8280,57.0,20,RL,1Story,0,124000
5,1466,Edwards,1959,1959,4,1466,176,1466,0,2,528,Attchd,Fin,1959.0,1,1,6,Fa,TA,TA,No,2,Gd,17755,134.0,20,RL,1Story,140,149900
6,1811,Crawfor,1956,2004,7,1073,296,1811,0,2,470,Attchd,Fin,1956.0,1,0,6,Ex,TA,TA,No,1,Gd,14115,90.0,20,RL,1Story,0,230000
6,816,IDOTRR,1930,2007,8,816,538,816,0,1,432,Detchd,Unf,2002.0,1,0,5,TA,Gd,TA,Av,0,Npfireplace,5890,60.0,30,RM,1Story,0,120500
7,1820,NAmes,1965,1988,6,864,454,902,918,2,492,Attchd,Unf,1965.0,1,2,8,Gd,TA,TA,Gd,2,Gd,13700,73.0,60,RL,2Story,84,201800
5,1437,Veenker,1976,2004,8,1437,1157,1437,0,2,528,Attchd,RFn,1976.0,2,0,6,Gd,Gd,Gd,Gd,1,Fa,10768,90.0,20,RL,1Story,21,218000
5,1265,NAmes,1965,1999,8,1219,633,1265,0,2,502,Attchd,RFn,1965.0,2,0,6,Gd,TA,TA,Gd,1,Gd,9350,85.0,80,RL,SLvl,92,179900
7,1314,NridgHt,2007,2008,5,1314,904,1314,0,2,626,Attchd,RFn,2008.0,2,0,6,Gd,Gd,Gd,No,1,Gd,5001,34.0,120,RL,1Story,62,230000
8,1580,Somerst,2007,2008,5,1580,0,1580,0,3,830,Attchd,RFn,2008.0,2,0,7,Gd,Gd,Gd,No,0,Npfireplace,11932,92.0,20,RL,1Story,24,235128
6,1876,NWAmes,1974,1974,6,901,442,943,933,2,540,Attchd,RFn,1974.0,2,1,8,Gd,Gd,TA,No,1,TA,9120,76.0,60,RL,2Story,69,185000
6,1456,NPkVill,1978,1978,5,855,311,855,601,2,440,Attchd,Unf,1978.0,2,1,7,TA,TA,Gd,No,1,TA,2280,24.0,160,RL,2Story,0,146000
6,1640,Crawfor,1954,2006,7,1296,728,1640,0,2,924,Detchd,Unf,1993.0,1,0,7,Gd,Gd,TA,No,1,Gd,14778,66.0,20,RL,1Story,0,224000
5,894,Sawyer,1968,1968,5,894,492,894,0,2,450,Attchd,Fin,1968.0,1,0,5,TA,TA,Gd,No,1,Po,8724,109.0,20,RL,1Story,0,129000
4,1258,Sawyer,1969,1969,4,1198,1198,1258,0,2,400,CarPort,Unf,1969.0,0,2,6,TA,TA,Gd,Av,0,Npfireplace,12900,60.0,90,RL,SFoyer,0,108959
5,1432,Veenker,1978,1978,7,1360,680,1432,0,2,588,Attchd,Unf,1978.0,1,1,5,Gd,TA,Gd,Gd,1,TA,16157,68.0,80,RL,SLvl,180,194000
7,1502,NridgHt,2009,2009,5,1502,0,1502,0,2,644,Attchd,RFn,2009.0,2,0,7,Gd,Gd,Gd,No,0,Npfireplace,9541,79.0,20,RL,1Story,114,233170
8,1694,CollgCr,2008,2008,5,1694,0,1694,0,3,776,Attchd,RFn,2008.0,2,0,7,Gd,Gd,Gd,Av,0,Npfireplace,10475,64.0,20,RL,1Story,33,245350
6,1671,Gilbert,2000,2000,5,959,786,959,712,2,472,Attchd,Fin,2000.0,2,1,7,TA,TA,Gd,No,1,TA,10852,58.0,60,RL,2Story,38,173000
6,2108,Edwards,1935,1986,7,1127,626,1236,872,2,540,Basment,Unf,1935.0,2,0,7,Gd,TA,TA,No,2,TA,13728,120.0,70,RL,2Story,0,235000
10,3627,NoRidge,1995,1996,5,1930,1387,1831,1796,3,807,Attchd,Fin,1995.0,3,1,10,Gd,Gd,Ex,Gd,1,TA,35760,118.0,60,RL,2Story,76,625000
6,1118,Mitchel,1977,1977,6,1096,522,1118,0,1,358,Attchd,Fin,1977.0,1,0,6,TA,TA,TA,Av,1,Po,9880,76.0,80,RL,SLvl,0,171000
6,1261,NAmes,1958,1958,6,1261,662,1261,0,2,433,Attchd,RFn,1958.0,1,0,6,TA,TA,TA,No,1,TA,9120,76.0,20,RL,1Story,0,163000
7,1250,Somerst,2006,2007,5,625,0,625,625,2,625,Detchd,Fin,2006.0,2,1,5,Gd,Gd,Gd,No,0,Npfireplace,4017,35.0,160,FV,2Story,54,171900
5,3086,ClearCr,1946,1994,6,1598,152,1636,971,0,0,NoGarage,NoGarage,0.0,3,0,12,Ex,TA,TA,No,1,Gd,18030,138.0,50,RL,1.5Fin,0,200500
6,2345,Crawfor,1932,1950,8,952,503,1170,1175,2,360,Detchd,Unf,1932.0,2,1,9,TA,TA,Gd,No,1,Gd,16560,80.0,70,RL,2Story,0,239000
8,2872,NoRidge,1992,2000,5,1683,700,2129,743,2,541,Attchd,Fin,1992.0,2,1,9,Gd,Gd,Gd,No,1,TA,10678,85.0,50,RL,1.5Fin,33,285000
5,923,Mitchel,1984,1985,5,876,658,923,0,1,264,Attchd,Unf,1984.0,1,0,5,TA,TA,TA,No,0,Npfireplace,6951,37.0,20,RL,1Story,0,119500
6,1224,OldTown,1926,2004,8,818,468,818,406,1,210,Detchd,Unf,1926.0,1,0,5,TA,TA,TA,No,0,Npfireplace,3950,60.0,50,RM,1.5Fin,0,115000
5,1343,Crawfor,1921,1950,6,731,0,820,523,1,186,Detchd,Unf,1921.0,1,1,7,TA,TA,TA,No,1,Gd,7681,54.0,50,RL,1.5Fin,0,154900
5,1124,Edwards,1954,1954,5,0,0,1124,0,0,0,NoGarage,NoGarage,0.0,1,0,5,TA,TA,NoBasement,NoBasement,1,Gd,8335,77.0,20,RL,1Story,36,93000
7,2514,Timber,1990,1991,5,1216,1216,1298,1216,2,693,Attchd,Fin,1990.0,2,1,8,TA,TA,Gd,No,0,Npfireplace,11170,72.0,60,RL,2Story,0,250000
8,1652,Crawfor,2008,2008,5,1600,1480,1652,0,2,482,Attchd,Fin,2008.0,2,0,5,Gd,Ex,Ex,Gd,1,Gd,5587,64.0,120,RM,1Story,53,392500
10,4476,NoRidge,1996,1996,5,2396,2096,2411,2065,3,813,Attchd,Fin,1996.0,3,1,10,Ex,Gd,Ex,Av,2,TA,15623,160.0,60,RL,2Story,78,745000
5,1130,OldTown,1920,1950,6,1120,821,1130,0,2,720,Detchd,Unf,1970.0,1,0,5,TA,TA,TA,No,1,Gd,10800,60.0,30,RL,1Story,0,120000
5,1572,Timber,1963,1963,4,1572,1159,1572,0,3,995,2Types,RFn,1963.0,1,1,5,TA,TA,TA,Gd,2,TA,35133,50.0,20,RL,1Story,263,186700
5,1221,Edwards,1924,1950,7,784,392,949,272,1,392,Attchd,Unf,1965.0,1,0,7,TA,TA,TA,No,0,Npfireplace,9738,60.0,50,RL,1.5Fin,0,104900
3,1699,OldTown,1900,1970,5,978,440,1014,685,2,420,CarPort,Unf,1920.0,2,0,7,TA,TA,Fa,Mn,0,Npfireplace,10615,107.0,190,RL,2Story,74,95000
8,1624,NoRidge,1994,1995,5,1624,1456,1624,0,3,757,Attchd,RFn,1994.0,2,0,5,Gd,Gd,Gd,No,1,Fa,12461,89.0,20,RL,1Story,114,262000
7,1660,CollgCr,2002,2002,5,831,0,831,829,2,493,Attchd,RFn,2002.0,2,1,7,Gd,Gd,Gd,No,0,Npfireplace,8935,68.0,60,RL,2Story,68,195000
7,1804,Gilbert,1999,1999,5,994,0,1028,776,2,442,Attchd,Fin,1999.0,2,1,7,Gd,TA,TA,No,1,TA,7500,60.0,60,RL,2Story,60,189000
4,1622,Mitchel,1961,1975,4,1249,1159,1622,0,4,1356,2Types,Fin,1975.0,1,0,7,TA,TA,TA,Av,1,TA,32463,75.5,190,RL,1Story,0,168000
8,1441,Somerst,1999,2000,5,776,0,764,677,2,492,Detchd,Unf,1999.0,2,1,5,Gd,Gd,Gd,No,0,Npfireplace,2645,24.0,160,FV,2Story,0,174000
5,1472,OldTown,1925,1994,8,702,0,842,630,1,250,Detchd,Unf,1925.0,1,0,6,Gd,TA,TA,Mn,0,Npfireplace,9600,60.0,50,RM,1.5Fin,0,125000
6,1224,Mitchel,1999,1999,5,1224,883,1224,0,2,402,Attchd,Fin,1999.0,2,0,5,TA,TA,Ex,No,0,Npfireplace,4500,75.5,120,RM,1Story,304,165000
6,1352,Sawyer,1969,1969,7,663,371,663,689,1,299,Attchd,Fin,1969.0,1,1,7,TA,TA,TA,No,0,Npfireplace,9364,80.0,60,RL,2Story,36,158000
6,1456,Gilbert,2005,2005,5,728,0,728,728,2,400,Attchd,Fin,2005.0,2,1,8,Gd,TA,Gd,No,0,Npfireplace,8029,51.0,60,RL,2Story,24,176000
7,1863,Gilbert,2006,2006,5,879,0,879,984,3,660,BuiltIn,Fin,2006.0,2,1,9,Gd,Gd,Gd,Av,1,Gd,14054,58.0,60,RL,2Story,17,219210
7,1690,OldTown,1916,1950,6,815,0,815,875,1,225,Detchd,Unf,1916.0,1,0,7,TA,TA,TA,No,1,Gd,8850,65.0,75,RM,2.5Unf,0,144000
7,1212,CollgCr,2001,2001,5,1212,0,1212,0,2,573,Attchd,RFn,2001.0,2,0,6,Gd,Gd,Gd,No,0,Npfireplace,9100,70.0,20,RL,1Story,0,178000
4,1382,Sawyer,1963,1979,5,1051,547,1382,0,2,459,Attchd,Unf,1974.0,1,1,6,TA,TA,TA,No,1,Po,11235,75.0,20,RL,1Story,82,148000
4,864,NAmes,1970,1970,5,864,0,864,0,1,280,Attchd,Unf,1972.0,1,0,5,TA,TA,TA,No,0,Npfireplace,9353,71.0,20,RL,1Story,0,116050
7,1779,CollgCr,1998,1998,5,866,0,866,913,2,546,Attchd,RFn,1998.0,2,1,6,Gd,TA,Gd,Av,0,Npfireplace,10400,80.0,60,RL,2Story,36,197900
5,1348,BrkSide,1925,1997,8,884,0,884,464,1,216,Detchd,Unf,1960.0,1,0,5,TA,TA,TA,No,1,Fa,6000,50.0,50,RM,1.5Fin,0,117000
7,1630,CollgCr,2000,2001,5,1630,0,1630,0,2,451,Attchd,Unf,2000.0,2,0,6,Gd,Gd,Gd,No,1,TA,9750,75.0,20,RL,1Story,234,213000
5,1074,NWAmes,1975,1975,6,1056,788,1074,0,2,495,Attchd,RFn,1975.0,1,1,6,TA,TA,Gd,No,0,Npfireplace,10140,78.0,20,RL,1Story,88,153500
7,2196,SawyerW,1990,1991,7,2158,485,2196,0,3,701,Attchd,RFn,1990.0,2,0,7,Gd,Gd,Gd,Mn,1,TA,14684,90.0,20,RL,1Story,70,271900
4,1056,SawyerW,1966,1966,4,1056,1056,1056,0,1,384,Detchd,Unf,1966.0,1,0,5,TA,TA,TA,No,0,Npfireplace,8900,68.0,20,RH,1Story,42,107000
6,1700,CollgCr,2003,2003,5,1682,340,1700,0,2,544,Attchd,RFn,2003.0,2,0,7,Gd,Gd,Gd,Av,0,Npfireplace,9135,70.0,20,RL,1Story,23,200000
5,1283,NAmes,1962,1980,7,931,504,1283,0,2,506,Detchd,Unf,1980.0,1,0,6,TA,TA,TA,No,0,Npfireplace,7763,70.0,20,RL,1Story,0,140000
8,1660,Somerst,2006,2006,5,1660,1220,1660,0,2,500,Attchd,RFn,2006.0,2,0,8,Gd,Gd,Ex,Mn,1,Gd,10182,85.0,20,RL,1Story,50,290000
6,1845,SawyerW,1992,1992,5,1055,0,1055,790,2,462,Attchd,RFn,1992.0,2,1,8,Gd,Gd,Gd,No,1,TA,11218,70.0,60,RL,2Story,104,189000
8,1752,Gilbert,1988,2005,7,559,427,1080,672,2,492,Basment,RFn,1988.0,2,0,8,TA,Gd,Gd,Av,0,Npfireplace,12134,152.0,50,RL,1.5Fin,12,164000
4,672,Edwards,1941,1950,6,672,344,672,0,1,234,Attchd,Unf,1941.0,1,0,4,TA,TA,TA,No,0,Npfireplace,9340,50.0,30,RL,1Story,113,113000
4,960,Sawyer,1965,2001,9,648,648,960,0,1,364,Attchd,Unf,1965.0,0,0,3,TA,TA,TA,Av,0,Npfireplace,10246,70.0,80,RL,SLvl,0,145000
5,999,NAmes,1962,1962,5,925,784,999,0,1,300,Attchd,Unf,1962.0,1,0,6,TA,TA,TA,Av,0,Npfireplace,10205,69.0,85,RL,SFoyer,72,134500
5,894,Sawyer,1966,1966,5,894,180,894,0,1,384,Detchd,RFn,1966.0,1,0,5,TA,TA,TA,No,0,Npfireplace,7094,99.0,20,RL,1Story,0,125000
6,1902,Sawyer,1978,1978,5,0,0,1318,584,2,539,Attchd,Unf,1978.0,2,0,8,TA,TA,NoBasement,NoBasement,0,Npfireplace,8930,68.0,90,RM,1.5Fin,0,112000
8,1314,Somerst,2009,2009,5,1300,936,1314,0,2,552,Attchd,RFn,2009.0,2,0,6,Gd,Gd,Gd,Mn,0,Npfireplace,8640,72.0,20,FV,1Story,112,229456
4,912,BrkSide,1947,1950,5,0,0,672,240,0,0,NoGarage,NoGarage,0.0,1,0,3,TA,TA,NoBasement,NoBasement,0,Npfireplace,6240,52.0,50,RM,1.5Fin,0,80500
6,1218,BrDale,1971,1971,5,672,0,672,546,0,0,NoGarage,NoGarage,0.0,1,1,7,TA,TA,TA,No,0,Npfireplace,1680,21.0,160,RM,2Story,0,91500
5,912,NAmes,1964,1964,5,912,312,912,0,1,288,Attchd,Unf,1964.0,1,0,5,TA,TA,TA,No,0,Npfireplace,7800,66.0,20,RL,1Story,0,115000
5,1211,Sawyer,1968,1968,5,952,250,1211,0,1,322,Attchd,Unf,1968.0,1,0,5,TA,TA,TA,No,1,TA,8250,55.0,20,RL,1Story,63,134000
6,1846,NAmes,1949,1950,6,1040,196,1168,678,1,315,Attchd,Unf,1949.0,2,0,7,TA,TA,TA,Mn,1,Gd,10496,78.0,50,RL,1.5Fin,0,143000
5,2136,NAmes,1951,1951,3,2136,756,2136,0,2,528,Detchd,Unf,1951.0,2,0,7,TA,TA,TA,No,0,Npfireplace,10680,89.0,20,RL,1Story,30,137900
7,1490,Gilbert,2004,2005,5,788,724,788,702,2,388,Attchd,Fin,2004.0,2,1,8,Gd,Gd,Gd,Av,1,Gd,15384,60.0,60,RL,2Story,75,184000
6,1138,NAmes,1958,1958,8,588,507,1138,0,1,264,Attchd,RFn,1958.0,1,0,6,TA,TA,TA,Av,0,Npfireplace,10482,65.0,80,RL,SLvl,0,145000
6,1933,Somerst,2007,2007,5,894,0,894,1039,3,668,BuiltIn,Fin,2007.0,2,1,9,Gd,Gd,Gd,Mn,1,Gd,14598,86.0,60,RL,2Story,18,214000
5,912,NAmes,1965,2008,8,912,595,912,0,2,576,Detchd,Unf,1992.0,1,0,5,Gd,TA,TA,No,0,Npfireplace,8872,72.0,20,RL,1Story,240,147000
9,1702,NridgHt,2008,2008,5,1702,1540,1702,0,3,1052,Attchd,Fin,2008.0,1,1,7,Ex,Ex,Ex,No,1,Gd,8769,65.0,120,RL,1Story,72,367294
5,1507,NAmes,1960,1960,5,1075,666,1507,0,1,404,Basment,Unf,1960.0,2,0,7,TA,TA,TA,No,0,Npfireplace,7910,70.0,80,RL,SLvl,0,127000
5,2620,Sawyer,1977,1977,5,1361,498,1361,1259,2,600,BuiltIn,RFn,1977.0,2,2,12,TA,TA,Gd,No,1,TA,18890,70.0,90,RL,1.5Fin,24,190000
5,1190,NAmes,1962,1962,6,1106,803,1190,0,2,540,Attchd,Unf,1962.0,1,0,6,TA,TA,TA,Av,0,Npfireplace,7728,70.0,90,RL,SLvl,18,132500
4,1224,NAmes,1962,1962,5,0,0,1224,0,2,462,CarPort,Unf,1962.0,2,0,6,TA,TA,NoBasement,NoBasement,0,Npfireplace,9842,70.0,90,RL,1Story,0,101800
5,1188,NAmes,1959,1959,5,1188,1000,1188,0,2,531,Attchd,RFn,1959.0,1,0,6,TA,TA,TA,No,0,Npfireplace,12160,73.0,20,RL,1Story,0,142000
5,1964,SWISU,1911,1950,6,940,0,1024,940,0,0,NoGarage,NoGarage,0.0,1,1,7,TA,TA,TA,Av,0,Npfireplace,8525,55.0,70,RH,2Story,192,130000
5,1784,Crawfor,1914,1950,5,747,0,892,892,1,180,Detchd,Unf,1914.0,1,1,9,TA,TA,Gd,Mn,0,Npfireplace,13132,96.0,70,RL,2Story,40,138887
7,1626,NridgHt,2003,2003,5,764,0,764,862,2,474,BuiltIn,RFn,2003.0,2,1,6,Gd,Gd,Gd,No,0,Npfireplace,2628,36.0,160,RL,2Story,27,175500
7,1948,CollgCr,2004,2005,5,847,0,847,1101,2,434,BuiltIn,Fin,2004.0,2,1,8,Gd,Gd,Gd,No,1,Gd,12393,41.0,60,RL,2Story,48,195000
6,1141,SawyerW,2005,2005,5,1141,0,1141,0,2,484,Detchd,Unf,2005.0,1,1,6,TA,Gd,Gd,No,0,Npfireplace,13072,63.0,20,RL,1Story,0,142500
8,1484,Timber,2006,2006,5,1476,428,1484,0,2,472,Attchd,RFn,2006.0,2,0,6,Ex,Gd,Gd,Av,1,Gd,9037,64.0,20,RL,1Story,33,265900
7,1768,CollgCr,2003,2003,5,884,550,884,884,2,543,Attchd,RFn,2003.0,2,1,8,Gd,Gd,Gd,No,0,Npfireplace,8158,65.0,60,RL,2Story,63,224900
7,1689,Somerst,2007,2007,6,1689,0,1689,0,3,954,Attchd,RFn,2007.0,2,0,7,Gd,Gd,Gd,Av,0,Npfireplace,9849,83.0,20,RL,1Story,56,248328
7,1173,NWAmes,1974,1974,6,1053,885,1173,0,2,528,Attchd,RFn,1974.0,2,0,6,Gd,TA,Gd,Gd,2,TA,10625,85.0,85,RL,SFoyer,120,170000
8,1517,Crawfor,1929,1950,7,792,0,792,725,2,400,Detchd,Unf,1931.0,1,0,7,Gd,TA,Gd,No,2,Gd,11435,66.0,70,RL,2Story,0,230000
6,1868,NWAmes,1984,2003,7,585,0,1140,728,2,477,BuiltIn,Fin,1984.0,3,1,7,TA,TA,Gd,No,1,TA,12090,78.0,80,RL,SLvl,112,178000
7,1553,Somerst,2005,2006,5,756,0,756,797,2,615,Attchd,RFn,2005.0,2,1,6,Gd,Gd,Gd,No,0,Npfireplace,8125,65.0,60,FV,2Story,45,186500
6,1034,Mitchel,1976,1976,5,1012,539,1034,0,3,888,Attchd,Unf,1976.0,1,0,6,TA,TA,TA,Av,0,Npfireplace,12328,75.5,80,RL,SLvl,0,169900
6,2058,OldTown,1917,1950,5,735,319,1134,924,2,396,Detchd,Unf,1950.0,1,1,8,TA,TA,Gd,No,1,Gd,9600,60.0,75,RM,2.5Unf,0,129500
5,988,NAmes,1950,1950,7,876,534,988,0,1,276,Attchd,Unf,1950.0,1,0,6,TA,TA,TA,No,0,Npfireplace,7200,60.0,20,RL,1Story,80,119000
7,2110,NAmes,1968,1968,5,2110,1065,2110,0,2,522,Attchd,Fin,1968.0,2,1,8,Ex,Gd,TA,No,2,TA,11160,93.0,20,RL,1Story,0,244000
7,1405,NridgHt,2003,2003,5,1405,0,1405,0,2,478,Attchd,RFn,2003.0,2,0,6,Gd,Gd,Gd,No,1,Gd,3136,90.0,120,RL,1Story,36,171750
5,874,Mitchel,1968,1968,6,864,510,874,0,1,288,Attchd,RFn,1968.0,1,0,5,TA,TA,TA,No,0,Npfireplace,9858,62.0,20,RL,1Story,0,130000
7,2167,Veenker,1974,2003,7,1192,125,1516,651,2,518,Attchd,RFn,1974.0,2,1,9,Gd,Gd,TA,Gd,2,Gd,17542,68.0,60,RL,2Story,47,294000
7,1656,Edwards,2003,2004,5,746,0,760,896,2,397,BuiltIn,Fin,2003.0,2,1,7,Gd,Gd,Gd,No,1,Gd,6931,60.0,60,RL,2Story,128,165400
6,1367,BrkSide,1931,1950,6,884,425,959,408,1,560,Detchd,Unf,1978.0,1,0,6,TA,TA,TA,No,1,Gd,6240,52.0,50,RM,1.5Fin,0,127500
8,1987,NoRidge,1994,1994,5,1986,1314,1987,0,2,691,Attchd,Fin,1994.0,2,0,7,Gd,Gd,Gd,Gd,1,TA,14303,91.0,20,RL,1Story,36,301500
5,864,Edwards,1922,1950,8,864,0,864,0,0,0,NoGarage,NoGarage,0.0,1,0,4,TA,TA,Fa,No,0,Npfireplace,4060,56.0,30,RL,1Story,96,99900
7,1166,Gilbert,2005,2005,5,856,655,1166,0,2,400,Attchd,Fin,2005.0,2,0,5,Gd,Gd,Gd,Gd,0,Npfireplace,9587,59.0,80,RL,SLvl,0,190000
6,1054,NAmes,1969,1969,8,1054,602,1054,0,2,460,Attchd,Unf,1969.0,1,1,6,TA,TA,Gd,No,0,Npfireplace,9750,65.0,20,RL,1Story,0,151000
6,1675,Gilbert,1999,1999,5,841,0,892,783,2,502,BuiltIn,Fin,1999.0,2,1,7,TA,TA,Gd,No,1,TA,24682,65.0,60,RL,2Story,103,181000
5,1050,NAmes,1956,1956,6,1050,504,1050,0,1,338,Attchd,Unf,1956.0,1,0,5,TA,TA,TA,No,0,Npfireplace,9600,80.0,20,RL,1Story,0,128900
4,1788,ClearCr,1957,1989,5,1104,0,1104,684,1,304,Attchd,Unf,1957.0,1,0,8,TA,TA,TA,Av,2,TA,11250,80.0,50,RL,1.5Fin,0,161500
6,1824,BrkSide,1919,1950,6,764,0,1060,764,2,520,Detchd,Unf,1940.0,1,0,8,TA,TA,TA,No,1,Gd,13515,60.0,70,RL,2Story,0,180500
6,1337,NAmes,1998,1999,5,1405,266,1337,0,2,511,Attchd,Fin,1998.0,2,0,5,Gd,Gd,Gd,No,0,Npfireplace,4060,34.0,120,RH,1Story,68,181000
7,1452,Somerst,1999,1999,5,691,450,713,739,2,506,Detchd,Unf,1999.0,2,1,6,Gd,Gd,Gd,No,0,Npfireplace,3735,35.0,160,FV,2Story,34,183900
7,1889,OldTown,1910,1950,4,925,0,964,925,1,308,Detchd,Unf,1960.0,1,1,9,TA,Fa,TA,No,1,Gd,10120,60.0,190,RM,2.5Unf,0,122000
9,2018,Timber,2008,2009,5,2002,0,2018,0,3,746,Attchd,Fin,2009.0,2,0,10,Ex,Ex,Ex,Gd,1,Gd,13214,89.0,20,RL,1Story,76,378500
8,3447,Crawfor,1935,1997,9,728,192,1968,1479,3,1014,BuiltIn,Unf,1982.0,3,1,11,Gd,TA,TA,Mn,2,Gd,14100,66.0,50,RL,1.5Fin,12,381000
5,1524,NAmes,1958,1958,5,874,460,874,650,1,315,Attchd,Unf,1958.0,1,1,7,TA,TA,TA,No,0,Npfireplace,11344,78.0,50,RL,1.5Fin,0,144000
7,1524,ClearCr,1979,1979,6,1332,1258,1332,192,2,586,Attchd,Fin,1979.0,0,1,4,Gd,Gd,Gd,Gd,1,TA,23595,80.0,40,RL,1Story,0,260000
6,1489,NWAmes,1968,1968,7,1489,0,1489,0,2,462,Attchd,RFn,1968.0,2,0,7,Gd,TA,TA,No,1,Gd,9156,80.0,20,RL,1Story,0,185750
5,935,Sawyer,1965,1965,6,935,560,935,0,1,288,Attchd,Unf,1965.0,1,0,5,TA,TA,TA,No,0,Npfireplace,13526,70.0,20,RL,1Story,0,137000
6,1357,Edwards,1959,2006,7,1019,719,1357,0,1,312,Basment,RFn,1959.0,1,0,5,Ex,TA,TA,Av,1,Gd,11512,124.0,80,RL,SLvl,0,177000
5,1250,Crawfor,1910,2003,6,661,0,661,589,2,552,Detchd,Unf,1985.0,2,0,8,TA,TA,TA,No,1,Gd,5362,53.0,50,RL,1.5Fin,0,139000
5,1920,NAmes,1948,1950,5,928,220,928,992,2,400,Detchd,Unf,1948.0,2,0,10,TA,TA,TA,No,0,Npfireplace,11345,95.0,90,RL,2Story,0,137000
6,1395,NWAmes,1972,1972,6,723,593,735,660,2,497,Attchd,Unf,1972.0,1,1,6,TA,TA,TA,No,1,TA,12936,80.0,60,RL,2Story,116,162000
6,1724,NWAmes,1967,1976,5,1680,528,1724,0,2,480,Attchd,RFn,1967.0,1,1,7,TA,TA,Gd,Av,1,Gd,17871,80.0,80,RL,SLvl,0,197900
4,1128,IDOTRR,1920,1950,4,698,0,698,430,2,528,Detchd,RFn,1980.0,1,0,6,TA,TA,TA,No,0,Npfireplace,7500,60.0,50,C (all),1.5Fin,0,68400
7,1573,CollgCr,2002,2002,5,1573,788,1573,0,2,544,Attchd,RFn,2002.0,2,0,6,Gd,Gd,Gd,No,0,Npfireplace,9808,67.0,20,RL,1Story,72,227000
7,1339,Timber,1990,1990,5,1309,1053,1339,0,2,484,Attchd,Fin,1990.0,2,0,6,TA,TA,Gd,No,1,TA,8049,50.0,20,RL,1Story,58,180000
5,1040,CollgCr,1977,2008,7,1040,532,1040,0,2,484,Detchd,Unf,1977.0,2,0,5,Gd,TA,Gd,Mn,0,Npfireplace,8800,61.0,20,RL,1Story,0,150500
6,1824,Mitchel,1971,1971,5,912,0,912,912,0,0,NoGarage,NoGarage,0.0,2,2,8,TA,TA,TA,Av,0,Npfireplace,9400,94.0,90,RL,2Story,0,139000
6,2447,SWISU,1919,1990,7,804,0,1699,748,1,336,Detchd,Unf,1969.0,2,0,10,Gd,TA,TA,No,1,Gd,9638,50.0,50,RL,1.5Fin,0,169000
6,1412,BrkSide,1939,1950,6,780,0,825,587,1,280,Detchd,Unf,1939.0,1,0,6,TA,TA,TA,No,1,Gd,6000,50.0,50,RM,1.5Fin,0,132500
6,1328,NWAmes,1963,1963,5,1328,569,1328,0,2,528,Attchd,Unf,1963.0,1,1,6,TA,TA,TA,No,2,Gd,9790,80.0,20,RL,1Story,26,143000
5,1582,ClearCr,1964,1964,5,1624,812,1582,0,2,390,Attchd,Unf,1964.0,2,0,7,TA,TA,TA,Av,0,Npfireplace,36500,80.0,20,RL,1Story,198,190000
8,1659,StoneBr,2000,2000,5,1501,1158,1659,0,2,499,Attchd,Fin,2000.0,2,0,5,Ex,Gd,Gd,No,1,Ex,5664,40.0,120,RL,1Story,59,278000
8,1970,NridgHt,2006,2006,5,1085,0,1120,850,3,753,BuiltIn,Fin,2006.0,2,1,8,Ex,Gd,Gd,Mn,1,Gd,11065,86.0,60,RL,2Story,74,281000
5,1152,NAmes,1964,1964,7,1152,1014,1152,0,2,484,Attchd,RFn,1964.0,1,0,6,TA,TA,TA,Av,1,Gd,14112,73.0,80,RL,SLvl,0,180500
5,1302,BrDale,1972,1972,7,630,231,630,672,1,264,Detchd,Unf,1972.0,2,1,6,TA,TA,TA,No,0,Npfireplace,1680,21.0,160,RM,2Story,0,119500
5,2372,OldTown,1892,1965,4,994,0,1378,994,1,432,Attchd,RFn,1985.0,2,0,11,TA,TA,TA,No,0,Npfireplace,6600,60.0,70,RM,2Story,287,107500
7,1664,NWAmes,1976,1976,5,832,194,832,832,2,528,Attchd,RFn,1976.0,2,1,8,TA,TA,Gd,No,1,TA,10140,78.0,60,RL,2Story,28,162900
5,864,Edwards,1955,1990,7,864,167,864,0,2,572,Detchd,Unf,1957.0,1,0,5,TA,TA,TA,No,0,Npfireplace,8172,60.0,20,RL,1Story,0,115000
5,1052,NAmes,1968,1968,5,1052,1016,1052,0,1,288,Attchd,RFn,1968.0,1,1,5,TA,TA,TA,Av,0,Npfireplace,8400,70.0,20,RL,1Story,0,138500
5,1128,NAmes,1963,1963,6,1120,776,1128,0,2,525,Attchd,RFn,1963.0,2,0,6,TA,TA,TA,Mn,0,Npfireplace,8700,80.0,20,RL,1Story,20,155000
6,1072,Edwards,2005,2006,5,547,547,1072,0,2,525,Basment,Fin,2005.0,2,0,5,TA,TA,Gd,Gd,0,Npfireplace,3675,35.0,180,RM,SFoyer,44,140000
10,5642,Edwards,2008,2008,5,6110,5644,4692,950,2,1418,Attchd,Fin,2008.0,2,1,12,Ex,Ex,Ex,Gd,3,Gd,63887,313.0,60,RL,2Story,292,160000
5,1246,NAmes,1959,1994,7,1246,340,1246,0,1,305,Attchd,RFn,1959.0,1,1,6,Gd,TA,TA,No,0,Npfireplace,7500,75.0,20,RL,1Story,0,154000
7,1983,Gilbert,1999,1999,5,978,694,1005,978,2,490,Attchd,Fin,1999.0,2,1,9,Gd,Gd,Gd,No,1,TA,10762,65.0,60,RL,2Story,0,225000
6,1494,Crawfor,1942,1950,7,771,547,753,741,1,213,Attchd,Unf,1942.0,1,0,7,Gd,TA,TA,No,2,Gd,7500,66.0,70,RL,2Story,0,177500
8,2526,NoRidge,1994,1994,5,1165,740,1203,1323,3,844,Attchd,RFn,1994.0,2,1,8,Gd,Gd,Gd,No,1,TA,10120,92.0,60,RL,2Story,78,290000
7,1616,Somerst,2005,2005,5,1616,0,1616,0,3,834,Attchd,RFn,2005.0,2,0,7,Gd,Gd,Gd,Av,0,Npfireplace,8688,73.0,20,RL,1Story,59,232000
7,1708,Edwards,2004,2004,5,976,0,976,732,2,380,Detchd,Unf,2004.0,2,0,7,Gd,Gd,Gd,No,0,Npfireplace,3363,32.0,160,RM,2Story,40,130000
9,1652,NridgHt,2006,2007,5,1652,1572,1652,0,2,840,Attchd,Fin,2006.0,2,0,6,Ex,Gd,Ex,No,2,Ex,13173,108.0,20,RL,1Story,102,325000
7,1368,NridgHt,2005,2006,5,1368,0,1368,0,2,474,Attchd,RFn,2005.0,2,0,6,Gd,Gd,Gd,No,1,Gd,6955,48.0,120,RL,1Story,35,202500
5,990,CollgCr,1994,1995,5,990,746,990,0,2,480,Detchd,Unf,2000.0,1,0,5,TA,TA,Gd,No,0,Npfireplace,8072,60.0,20,RL,1Story,64,138000
5,1122,OldTown,1948,2005,7,924,144,1122,0,2,528,Attchd,Unf,1948.0,1,0,6,Gd,TA,TA,No,0,Npfireplace,12000,100.0,20,RM,1Story,36,147000
6,1294,SawyerW,1991,1991,5,1278,1200,1294,0,2,496,Attchd,RFn,1991.0,2,0,6,Gd,TA,Gd,No,0,Npfireplace,7153,68.0,20,RL,1Story,51,179200
7,1902,Crawfor,1959,2002,8,1902,1406,1902,0,2,567,Attchd,Fin,1959.0,2,0,7,Ex,Gd,Gd,Av,2,TA,17500,100.0,20,RL,1Story,207,335000
7,1274,CollgCr,2005,2007,5,1274,925,1274,0,2,508,Attchd,RFn,2005.0,2,0,6,Gd,Gd,Gd,No,0,Npfireplace,8814,68.0,20,RL,1Story,98,203000
8,2810,NoRidge,1990,1990,5,1453,482,1453,1357,2,750,Attchd,RFn,1990.0,2,1,9,Gd,Gd,Ex,No,1,Ex,9572,91.0,60,RL,2Story,0,302000
9,2599,NoRidge,1999,1999,5,1393,0,1422,1177,3,779,BuiltIn,Fin,1999.0,2,1,10,Gd,Gd,Gd,No,1,TA,14774,108.0,60,RL,2Story,30,333168
4,948,Edwards,1954,1954,6,948,732,948,0,1,280,Detchd,Unf,1956.0,1,0,5,TA,TA,TA,No,1,TA,8190,60.0,20,RL,1Story,36,119000
6,2112,NAmes,1969,1969,5,952,500,1092,1020,2,576,Attchd,Unf,1969.0,2,1,9,TA,TA,Fa,Mn,2,Gd,11075,85.0,60,RL,2Story,0,206900
8,1630,CollgCr,2008,2008,5,1622,0,1630,0,3,860,Attchd,RFn,2008.0,2,0,8,Ex,Gd,Ex,Gd,1,Gd,10226,61.0,20,RL,1Story,42,295493
7,1352,Somerst,2006,2007,5,1352,0,1352,0,2,466,Attchd,RFn,2006.0,2,0,5,Gd,Gd,Ex,No,1,Gd,4230,47.0,120,FV,1Story,241,208900
8,1787,CollgCr,2001,2002,5,1753,0,1787,0,3,748,Attchd,RFn,2001.0,2,0,7,Gd,Gd,Gd,Gd,1,TA,14781,69.0,20,RL,1Story,150,275000
4,948,Edwards,1954,1954,5,864,492,948,0,1,248,Attchd,Unf,1954.0,1,0,5,TA,TA,TA,No,0,Npfireplace,10215,75.0,20,RL,1Story,0,111000
6,1478,NAmes,1957,1957,3,1478,189,1478,0,2,442,Attchd,RFn,1957.0,1,1,6,TA,TA,TA,No,2,Gd,8400,70.0,20,RL,1Story,0,156500
3,720,BrkSide,1949,1950,6,0,0,720,0,1,287,Detchd,Unf,1955.0,1,0,4,TA,TA,NoBasement,NoBasement,0,Npfireplace,6627,51.0,20,RL,1Story,0,72500
7,1923,NoRidge,1992,1992,5,750,674,1061,862,2,564,Attchd,RFn,1992.0,2,1,8,Gd,Gd,Gd,No,1,TA,10186,107.0,60,RL,2Story,39,190000
4,708,BrkSide,1940,1950,7,420,280,708,0,0,0,NoGarage,NoGarage,0.0,1,0,5,Fa,Fa,TA,No,0,Npfireplace,5330,50.0,30,RL,1Story,0,82500
8,1795,Somerst,2006,2007,5,1795,0,1795,0,3,895,Attchd,RFn,2007.0,2,0,7,Gd,Gd,Ex,Av,1,Gd,9986,75.0,20,RL,1Story,49,147000
4,796,IDOTRR,1922,1950,4,796,0,796,0,0,0,NoGarage,NoGarage,0.0,1,0,5,TA,TA,TA,No,0,Npfireplace,3636,40.0,30,RM,1Story,0,55000
3,774,Edwards,1931,2006,6,544,544,774,0,0,0,NoGarage,NoGarage,0.0,1,0,6,Gd,TA,TA,No,0,Npfireplace,4270,70.0,30,RH,1Story,0,79000
5,816,Mitchel,1982,2008,9,816,641,816,0,1,264,Attchd,Unf,1982.0,1,0,5,Gd,Gd,TA,No,1,Ex,6600,60.0,20,RL,1Story,0,130500
6,2792,OldTown,1920,1950,7,1510,493,1584,1208,2,520,Detchd,Unf,1920.0,2,0,8,TA,Gd,Gd,No,2,TA,10440,60.0,50,RM,1.5Fin,547,256000
7,1632,Gilbert,1998,1998,5,935,0,955,677,2,462,Attchd,Fin,1998.0,2,1,8,TA,TA,Gd,No,1,TA,9084,63.0,60,RL,2Story,28,176500
8,1588,Somerst,2006,2006,5,1588,0,1588,0,3,825,Attchd,RFn,2006.0,2,0,7,Gd,Gd,Gd,Av,1,Gd,10000,85.0,20,RL,1Story,45,227000
5,954,CollgCr,1976,1976,5,911,483,954,0,2,576,Detchd,Unf,1976.0,1,0,6,TA,TA,TA,Av,0,Npfireplace,10780,55.0,80,RL,SLvl,0,132500
4,816,Edwards,1938,1958,6,816,690,816,0,1,288,Detchd,Unf,1958.0,1,0,3,TA,TA,TA,Mn,1,Gd,8877,67.0,20,RL,1Story,0,100000
5,1360,IDOTRR,1938,1995,6,803,0,803,557,1,297,Detchd,Unf,1951.0,1,1,6,Gd,TA,TA,No,0,Npfireplace,7200,60.0,50,RM,1.5Fin,65,125500
5,1365,BrDale,1970,1970,6,765,765,765,600,2,440,Attchd,Unf,1970.0,1,1,7,TA,TA,TA,No,0,Npfireplace,2368,24.0,160,RM,2Story,36,125000
6,1334,NWAmes,1977,1977,5,1350,686,1334,0,2,630,Attchd,RFn,1977.0,2,0,6,TA,TA,Gd,No,1,TA,9650,80.0,20,RL,1Story,16,167900
5,1656,NWAmes,1973,1973,5,1656,0,1656,0,2,506,Detchd,Unf,1973.0,2,0,8,TA,TA,TA,No,0,Npfireplace,9246,87.0,90,RL,1Story,211,135000
4,693,OldTown,1941,1950,4,693,0,693,0,0,0,NoGarage,NoGarage,0.0,1,0,4,Fa,TA,TA,No,0,Npfireplace,4118,153.0,30,RM,1Story,20,52500
7,1861,CollgCr,2002,2002,5,916,700,920,941,2,492,BuiltIn,RFn,2002.0,2,1,8,Gd,Gd,Gd,No,0,Npfireplace,13450,95.0,60,RL,2Story,91,200000
5,864,CollgCr,1972,1972,7,864,360,864,0,1,288,Attchd,RFn,1972.0,1,0,5,TA,TA,TA,Mn,0,Npfireplace,9560,120.0,20,RL,1Story,0,128500
4,872,NAmes,1971,1971,5,858,0,872,0,4,480,Detchd,Unf,1974.0,1,0,5,TA,TA,TA,No,0,Npfireplace,8294,70.0,20,RL,1Story,0,123000
6,1114,SawyerW,2003,2004,5,1114,814,1114,0,2,576,Detchd,Unf,2004.0,1,0,6,Gd,TA,Gd,No,0,Npfireplace,13695,66.0,20,RL,1Story,78,155000
8,2169,CollgCr,2002,2002,5,1284,0,1284,885,2,647,Attchd,RFn,2002.0,2,1,7,Gd,Gd,Gd,No,1,Gd,9375,69.0,60,RL,2Story,87,228500
6,1913,Crawfor,1928,1950,6,896,0,1172,741,2,342,Detchd,Unf,1929.0,1,1,9,TA,TA,TA,No,1,TA,7558,57.0,50,RL,1.5Fin,0,177000
7,1456,CollgCr,2006,2006,5,728,0,728,728,2,440,Attchd,Fin,2006.0,2,1,8,Gd,Gd,Gd,No,1,TA,11103,85.0,60,RL,2Story,0,155835
4,960,OldTown,1920,1950,4,960,250,960,0,1,308,Detchd,Unf,1997.0,1,0,5,Fa,TA,TA,No,0,Npfireplace,6000,50.0,30,RM,1Story,0,108500
7,2156,NWAmes,1968,2003,7,1568,297,2156,0,2,508,Attchd,RFn,1968.0,2,0,9,TA,TA,TA,No,1,Gd,20781,80.0,20,RL,1Story,80,262500
8,1776,Timber,2006,2007,5,1732,80,1776,0,3,712,Attchd,Fin,2006.0,2,0,7,Gd,Gd,Ex,Gd,1,Gd,15306,93.0,20,RL,1Story,0,283463
7,1494,SawyerW,1998,1998,5,1482,1443,1494,0,2,514,Attchd,RFn,1998.0,2,0,5,Gd,Gd,Gd,Gd,1,Fa,16196,68.0,20,RL,1Story,25,215000
8,2358,OldTown,1872,1987,5,684,259,938,1215,0,0,NoGarage,NoGarage,0.0,2,0,8,TA,TA,TA,No,0,Npfireplace,5250,50.0,70,RM,2Story,54,122000
5,2634,NAmes,1969,1969,5,1248,500,1338,1296,4,968,Detchd,Unf,1969.0,2,2,12,TA,TA,TA,No,0,Npfireplace,11643,91.0,90,RL,2Story,0,200000
6,1716,NAmes,1962,1962,6,858,319,858,858,2,490,Attchd,Fin,1962.0,1,1,8,TA,TA,TA,No,1,Gd,9247,70.0,60,RL,2Story,84,171000
6,1176,BrkSide,1937,2000,9,698,0,786,390,2,624,Detchd,Unf,1999.0,1,0,4,TA,Gd,TA,No,0,Npfireplace,6000,50.0,50,RM,1.5Fin,0,134900
8,3238,NoRidge,1995,1996,5,2033,816,2053,1185,3,666,Attchd,Fin,1996.0,2,1,9,Gd,Gd,Gd,Av,1,Ex,14720,56.0,50,RL,1.5Fin,86,410000
7,1865,CollgCr,2000,2000,5,992,735,992,873,3,839,Attchd,RFn,2000.0,2,1,7,Gd,Gd,Gd,No,1,TA,10316,69.0,60,RL,2Story,184,235000
7,1920,NWAmes,1968,1992,6,570,0,1222,698,2,487,Attchd,RFn,1968.0,3,0,8,Gd,TA,TA,No,1,TA,10192,102.0,80,RL,SLvl,98,170000
5,892,NAmes,1966,1966,5,864,340,892,0,1,264,Attchd,RFn,1966.0,1,0,5,TA,TA,TA,No,0,Npfireplace,9477,73.0,20,RL,1Story,0,110000
5,1078,NAmes,1971,2008,6,1078,734,1078,0,2,500,Attchd,Fin,1971.0,1,1,6,TA,TA,TA,No,1,Fa,12537,73.0,20,RL,1Story,0,149900
6,1573,Somerst,2000,2000,5,756,378,769,804,2,440,Detchd,Unf,2000.0,2,1,5,Gd,Gd,Gd,No,0,Npfireplace,2117,72.0,160,FV,2Story,32,177500
9,1980,NridgHt,2004,2005,5,1980,1447,1980,0,3,770,Attchd,Fin,2004.0,2,0,8,Ex,Gd,Ex,Av,1,Gd,16737,129.0,20,RL,1Story,45,315000
5,2601,SWISU,1921,1998,6,612,0,990,1611,2,621,BuiltIn,RFn,1998.0,3,1,8,TA,TA,TA,No,0,Npfireplace,9842,51.0,70,RL,2Story,0,189000
7,1530,StoneBr,2005,2005,5,1530,1274,1530,0,2,430,Attchd,Fin,2005.0,2,0,7,Gd,Gd,Ex,Av,1,Gd,16158,124.0,20,RL,1Story,36,260000
4,1738,NAmes,1920,2007,4,715,0,1281,457,1,368,Attchd,Unf,1920.0,2,0,7,TA,TA,TA,No,1,Gd,12513,73.0,50,RL,1.5Fin,0,104900
6,1412,Gilbert,2006,2007,5,616,0,616,796,2,432,BuiltIn,Fin,2007.0,2,1,6,Gd,TA,Gd,No,1,Gd,8499,73.0,60,RL,2Story,36,156932
7,1200,Somerst,2005,2005,5,600,0,520,600,2,480,Detchd,RFn,2005.0,2,1,4,Gd,Gd,Gd,No,0,Npfireplace,3180,30.0,160,FV,2Story,166,144152
7,1674,Somerst,2000,2000,5,814,533,814,860,2,663,Attchd,RFn,2000.0,2,1,7,Gd,Gd,Gd,No,0,Npfireplace,7500,72.0,60,FV,2Story,96,216000
7,1790,CollgCr,1999,1999,5,873,633,882,908,2,588,Attchd,RFn,1999.0,2,1,7,Gd,Gd,Gd,No,0,Npfireplace,9179,68.0,60,RL,2Story,88,193000
5,1475,MeadowV,1977,1977,6,757,548,925,550,1,336,Attchd,RFn,1977.0,2,0,6,TA,TA,TA,No,1,TA,2665,41.0,160,RM,2Story,26,127000
6,848,CollgCr,2003,2004,5,848,685,848,0,2,420,Attchd,Fin,2003.0,1,0,4,Gd,Gd,Gd,Av,0,Npfireplace,4435,69.0,120,RM,1Story,0,144000
8,1668,CollgCr,2003,2003,5,1657,370,1668,0,2,502,Attchd,Fin,2003.0,2,0,8,Gd,Gd,Gd,Av,1,TA,10635,48.0,20,RL,1Story,262,232000
4,1374,OldTown,1920,1950,6,840,315,840,534,1,338,Detchd,Fin,1967.0,1,0,6,TA,Fa,TA,No,0,Npfireplace,5400,90.0,50,RL,1.5Fin,0,105000
6,1661,NAmes,1955,1996,6,992,831,1661,0,1,377,BuiltIn,RFn,1955.0,1,0,8,Gd,TA,TA,Av,1,TA,9600,80.0,80,RL,SLvl,28,165500
7,2097,CollgCr,1998,1998,6,1108,975,1108,989,2,583,Detchd,RFn,1998.0,2,1,8,Gd,TA,Gd,Av,1,TA,9750,75.0,60,RL,2Story,170,274300
10,2633,NoRidge,2001,2002,5,2633,1282,2633,0,3,804,Attchd,RFn,2001.0,2,1,8,Ex,Ex,Ex,Gd,2,Gd,11400,91.0,20,RL,1Story,140,466500
7,1958,Somerst,2005,2005,5,1026,0,1026,932,3,936,Attchd,Fin,2005.0,2,1,9,Gd,Gd,Gd,No,1,Gd,10625,85.0,60,FV,2Story,210,250000
8,1571,Timber,2007,2007,5,1571,0,1571,0,3,722,Attchd,Fin,2007.0,2,0,7,Gd,Gd,Gd,Gd,1,Gd,10991,89.0,20,RL,1Story,36,239000
6,790,SWISU,1930,1950,5,768,384,790,0,1,160,Detchd,Unf,1925.0,1,0,4,TA,TA,Gd,Mn,0,Npfireplace,6292,52.0,30,RL,1Story,141,91000
5,1604,Edwards,1941,1960,5,984,408,984,620,2,660,Detchd,Unf,1977.0,2,0,6,TA,TA,TA,No,0,Npfireplace,10998,60.0,50,RL,1.5Fin,68,117000
6,987,BrDale,1973,1973,5,483,309,483,504,1,264,Detchd,Unf,1973.0,1,1,5,TA,TA,TA,No,0,Npfireplace,1953,21.0,160,RM,2Story,0,83000
3,864,Edwards,1914,1950,3,864,203,864,0,1,200,Detchd,Unf,1938.0,1,0,5,TA,TA,TA,No,0,Npfireplace,8212,45.0,30,RL,1Story,0,58500
6,2117,NAmes,1970,1970,7,1205,865,2117,0,2,550,Attchd,Fin,1970.0,2,1,7,TA,TA,TA,Mn,2,Gd,12925,73.0,20,RL,1Story,42,237500
7,1762,OldTown,1920,1950,7,596,0,998,764,2,576,Detchd,Unf,1989.0,1,1,8,Gd,TA,Fa,No,0,Npfireplace,7200,60.0,70,RM,2Story,0,157000
5,1416,Sawyer,1918,2007,7,816,0,1416,0,2,576,Attchd,Unf,2007.0,2,0,7,Gd,TA,TA,No,0,Npfireplace,25339,70.0,30,RL,1Story,0,112000
6,1258,Edwards,1939,1950,5,560,204,698,560,1,280,Detchd,Unf,1939.0,1,0,6,TA,TA,TA,Mn,0,Npfireplace,9060,60.0,50,RL,1.5Fin,0,105000
4,1154,IDOTRR,1922,2007,8,796,735,796,358,1,240,Detchd,Unf,1922.0,1,0,7,Gd,TA,TA,No,0,Npfireplace,5436,40.0,50,RM,1.5Fin,96,125500
7,2784,NWAmes,1978,1978,5,1392,790,1392,1392,2,564,Attchd,RFn,1978.0,3,1,12,Gd,TA,Gd,No,2,TA,16692,80.0,60,RL,2Story,112,250000
6,2526,OldTown,1916,1950,7,714,168,1664,862,1,216,Detchd,Unf,1916.0,2,0,10,Gd,TA,TA,No,1,Gd,8520,60.0,50,RM,1.5Fin,15,136000
9,1746,Gilbert,2006,2007,5,1746,1320,1746,0,3,758,Attchd,Fin,2006.0,2,0,7,Ex,Ex,Ex,Gd,2,Gd,14892,42.0,20,RL,1Story,39,377500
6,1218,BrkSide,1941,1950,6,735,375,869,349,2,440,Detchd,Unf,2003.0,1,0,6,TA,TA,TA,No,1,Gd,6000,60.0,50,RM,1.5Fin,0,131000
7,1525,CollgCr,2000,2000,5,1525,1400,1525,0,2,541,Attchd,RFn,2000.0,2,0,6,Gd,Gd,Gd,Av,0,Npfireplace,9100,70.0,20,RL,1Story,36,235000
5,1584,NAmes,1967,1967,5,1584,0,1584,0,3,792,Detchd,Unf,1967.0,2,0,8,TA,TA,TA,No,0,Npfireplace,8944,65.0,90,RL,1Story,152,124000
5,900,NAmes,1967,1967,5,864,769,900,0,1,288,Attchd,RFn,1967.0,1,0,6,TA,TA,TA,Av,1,Po,7838,68.0,85,RL,SFoyer,144,123000
6,1912,OldTown,1905,2000,7,482,0,1221,691,2,672,Detchd,Unf,2003.0,2,0,7,TA,TA,Fa,No,1,TA,10800,60.0,190,RM,1.5Fin,25,163000
7,1500,Blmngtn,2006,2006,5,1356,1070,1500,0,3,648,Attchd,Fin,2006.0,2,0,6,Gd,Gd,Gd,Av,1,Gd,4045,53.0,120,RL,1Story,20,246578
8,2482,Timber,2005,2006,5,1094,0,1133,1349,3,642,BuiltIn,Fin,2005.0,2,1,9,Gd,Gd,Gd,Gd,1,Gd,12665,88.0,60,RL,2Story,39,281213
5,1687,Timber,1948,1950,5,747,353,1687,0,2,572,Detchd,Unf,1966.0,1,0,7,TA,TA,TA,Av,2,TA,57200,72.0,20,RL,1Story,0,160000
5,1513,BrkSide,1920,2004,8,939,0,939,574,1,180,Detchd,Unf,1933.0,1,1,8,TA,TA,TA,Mn,0,Npfireplace,6120,51.0,70,RM,2Story,0,137500
5,1904,NAmes,1950,1982,4,1208,180,1136,768,1,240,Attchd,Unf,1950.0,1,1,7,TA,TA,TA,No,0,Npfireplace,7200,60.0,50,RL,1.5Fin,0,138000
6,1608,SWISU,1925,1990,6,976,264,1160,448,1,216,Detchd,Unf,1925.0,2,1,7,Gd,TA,TA,No,1,Gd,6171,51.0,50,RL,1.5Fin,16,137450
6,1158,BrkSide,1929,1950,7,862,0,950,208,1,208,BuiltIn,RFn,1929.0,1,0,5,TA,TA,TA,No,1,Gd,6000,50.0,50,RM,1.5Fin,0,120000
6,1593,Gilbert,2004,2004,5,839,759,864,729,2,398,Attchd,Fin,2004.0,2,1,8,TA,TA,TA,No,1,TA,7415,62.0,60,RL,2Story,75,193000
7,1294,CollgCr,2006,2006,5,1286,0,1294,0,2,662,Attchd,RFn,2006.0,2,0,6,Gd,Gd,Gd,Av,1,Gd,6762,64.0,20,RL,1Story,55,193879
8,1464,Somerst,2007,2007,5,1485,929,1464,0,3,754,Attchd,Unf,2007.0,2,0,6,Gd,Gd,Gd,Gd,0,Npfireplace,15256,49.0,20,RL,1Story,160,282922
3,1214,OldTown,1915,1950,4,672,0,694,520,3,936,Detchd,Unf,1998.0,1,0,6,TA,TA,TA,No,0,Npfireplace,10410,60.0,50,RL,1.5Fin,0,105000
8,1646,Crawfor,2004,2005,5,1594,1373,1646,0,2,482,Attchd,Fin,2004.0,2,0,5,Gd,Gd,Ex,Gd,1,Gd,3842,44.0,120,RM,1Story,53,275000
5,768,CollgCr,1972,2007,7,768,656,768,0,2,396,Detchd,Unf,1988.0,1,0,5,TA,TA,Gd,Av,0,Npfireplace,8445,70.0,85,RL,SFoyer,0,133000
5,833,Mitchel,1985,1985,5,833,625,833,0,0,0,NoGarage,NoGarage,0.0,1,0,5,TA,TA,TA,No,0,Npfireplace,8780,75.5,20,RL,1Story,0,112000
4,1363,OldTown,1910,1950,7,622,0,741,622,2,528,Detchd,Unf,1966.0,1,0,6,TA,TA,Fa,No,0,Npfireplace,7740,60.0,70,RM,2Story,0,125500
7,2093,NWAmes,1986,1991,6,791,0,1236,857,2,542,Attchd,Fin,1986.0,2,1,7,TA,TA,Gd,No,1,TA,20544,46.0,60,RL,2Story,63,215000
7,1840,CollgCr,2001,2001,5,944,666,944,896,2,622,Attchd,RFn,2001.0,2,1,6,Gd,Gd,Gd,No,0,Npfireplace,12420,79.0,60,RL,2Story,45,230000
6,1668,NAmes,1950,2005,8,856,120,1112,556,1,271,Attchd,Unf,1950.0,1,1,6,TA,TA,TA,No,0,Npfireplace,9600,80.0,50,RL,1.5Fin,0,140000
4,1040,NAmes,1949,1950,5,0,0,1040,0,2,420,Detchd,Unf,1956.0,2,0,6,TA,TA,NoBasement,NoBasement,0,Npfireplace,7200,60.0,90,RL,1Story,0,90000
8,1844,SawyerW,2005,2006,5,1844,976,1844,0,2,620,Attchd,Fin,2005.0,2,0,7,Gd,Gd,Gd,No,1,Gd,10994,88.0,20,RL,1Story,44,257000
6,1848,BrkSide,1923,2000,7,833,0,1053,795,2,370,Detchd,Unf,1922.0,1,1,8,Gd,TA,TA,No,1,Gd,13053,64.0,50,RL,1.5Fin,0,207000
7,1569,Blmngtn,2007,2007,5,1386,988,1569,0,3,660,Attchd,RFn,2007.0,2,0,7,Gd,Gd,Gd,No,1,TA,3635,51.0,120,RL,1Story,20,175900
4,2290,OldTown,1885,1950,6,777,0,1246,1044,2,560,Detchd,Unf,1971.0,2,0,11,TA,TA,TA,No,0,Npfireplace,11340,60.0,190,RM,2Story,0,122500
8,2450,NoRidge,1998,1998,5,1284,781,1310,1140,3,1069,Attchd,Fin,1998.0,2,1,7,Gd,Gd,Gd,Mn,1,TA,16545,91.0,60,RL,2Story,126,340000
5,1144,NAmes,1963,1963,5,1144,25,1144,0,1,336,Detchd,Unf,1962.0,1,1,6,TA,TA,TA,No,0,Npfireplace,9204,71.0,20,RL,1Story,88,124000
6,1844,Crawfor,1969,1969,5,1844,1110,1844,0,2,540,Attchd,RFn,1969.0,2,0,7,Gd,Gd,TA,Av,1,TA,16381,66.0,20,RL,1Story,73,223000
6,1416,NWAmes,1968,1968,6,708,404,708,708,2,776,Attchd,RFn,1968.0,2,1,7,TA,TA,TA,No,1,TA,11700,90.0,60,RL,2Story,169,179900
6,1069,NPkVill,1977,1977,5,1069,360,1069,0,2,440,Attchd,RFn,1977.0,2,0,4,TA,TA,Gd,No,1,Fa,4043,53.0,120,RL,1Story,55,127500
6,848,CollgCr,2003,2003,5,848,686,848,0,2,420,Attchd,Fin,2003.0,1,0,3,Gd,Gd,Gd,Av,0,Npfireplace,4435,37.0,120,RM,1Story,0,136500
6,2201,Edwards,1966,1966,7,697,0,1575,626,2,432,Attchd,Unf,1966.0,2,0,8,Gd,Gd,Gd,Av,1,Gd,19690,67.0,80,RL,SLvl,236,274970
5,1344,NAmes,1958,1983,5,1024,457,1344,0,1,484,Detchd,Unf,1970.0,1,0,6,TA,TA,TA,No,1,TA,9503,73.0,20,RL,1Story,28,144000
6,1252,NAmes,1959,1959,6,1252,0,1252,0,2,528,Detchd,Unf,1960.0,1,0,7,Gd,Gd,TA,No,0,Npfireplace,10721,80.0,20,RL,1Story,39,142000
7,2127,NoRidge,1994,1994,5,1223,1000,1223,904,2,525,Attchd,RFn,1994.0,2,1,5,Gd,Gd,Gd,No,2,TA,10944,81.0,60,RL,2Story,132,271000
5,1558,NAmes,1945,1950,6,913,580,1048,510,1,288,Attchd,Unf,1962.0,1,1,6,TA,TA,TA,No,1,TA,10930,60.0,50,RL,1.5Fin,0,140000
5,804,OldTown,1940,1992,7,788,510,804,0,1,240,Attchd,Unf,1940.0,1,0,4,Gd,TA,TA,No,2,Gd,7200,60.0,30,RM,1Story,0,119000
6,1440,NWAmes,1981,1981,7,1440,678,1440,0,2,467,Attchd,Fin,1981.0,2,0,7,Gd,Gd,Gd,No,1,TA,12546,80.0,20,RL,1Story,0,182900
5,1838,Gilbert,2005,2005,5,732,0,734,1104,2,372,BuiltIn,Fin,2005.0,2,1,7,TA,Gd,Gd,Av,1,Gd,21930,60.0,60,RL,2Story,40,192140
6,958,NPkVill,1976,1976,6,958,958,958,0,2,440,Attchd,RFn,1976.0,2,0,5,TA,TA,Gd,No,0,Npfireplace,4928,24.0,120,RL,1Story,60,143750
4,968,OldTown,1927,2007,6,656,0,968,0,1,216,Detchd,Unf,1928.0,2,0,5,TA,TA,TA,No,0,Npfireplace,10800,60.0,30,RL,1Story,0,64500
6,1792,Gilbert,2000,2000,5,936,0,962,830,2,451,Attchd,Fin,2000.0,2,1,8,TA,TA,Gd,No,1,TA,10261,93.0,60,RL,2Story,0,186500
5,1126,Mitchel,1977,1977,5,1126,936,1126,0,2,484,Attchd,RFn,1977.0,2,0,5,TA,TA,TA,No,1,Gd,17400,80.0,20,RL,1Story,41,160000
6,1537,NAmes,1962,2005,9,1319,0,1537,0,2,462,Attchd,RFn,1962.0,1,1,7,Gd,Gd,TA,No,1,Gd,8400,80.0,20,RL,1Story,36,174000
4,864,NAmes,1971,1971,6,864,616,864,0,2,528,Detchd,Unf,1974.0,1,0,5,TA,TA,TA,No,0,Npfireplace,9000,60.0,20,RL,1Story,0,120500
8,1932,NridgHt,2008,2008,5,1932,1336,1932,0,3,774,Attchd,Fin,2008.0,2,0,7,Ex,Ex,Ex,Av,1,Gd,12444,96.0,20,RL,1Story,66,394617
6,1236,OldTown,1957,1996,7,912,600,1236,0,2,923,Attchd,Unf,1957.0,1,0,6,TA,TA,TA,No,0,Npfireplace,7407,90.0,20,RM,1Story,158,149700
7,1725,NWAmes,1979,1979,6,539,315,1040,685,2,550,Attchd,RFn,1979.0,2,1,6,TA,TA,TA,No,1,TA,11584,80.0,60,RL,SLvl,88,197000
6,2555,Crawfor,1922,1994,7,588,0,1423,748,2,672,Detchd,Fin,1993.0,2,0,11,TA,TA,Ex,No,1,Gd,11526,79.0,70,RL,2.5Fin,0,191000
6,848,CollgCr,2004,2004,5,848,697,848,0,2,420,Attchd,RFn,2004.0,1,0,3,Gd,Gd,Gd,Av,1,TA,4426,69.0,120,RM,1Story,0,149300
10,2007,Somerst,2008,2008,5,1017,765,1026,981,3,812,Attchd,Fin,2008.0,2,1,10,Ex,Ex,Ex,Av,1,Ex,11003,85.0,60,FV,2Story,52,310000
6,952,BrkSide,1916,1950,6,952,0,952,0,1,192,Detchd,Unf,1916.0,1,0,4,Fa,TA,TA,No,1,Gd,8854,51.0,30,RL,1.5Unf,98,121000
7,1422,CollgCr,2004,2004,5,1422,0,1422,0,2,626,Attchd,RFn,2004.0,2,0,7,Gd,Gd,Gd,Av,0,Npfireplace,8500,63.0,20,RL,1Story,60,179600
6,913,Sawyer,1966,1966,5,814,187,913,0,1,240,Detchd,Unf,1990.0,1,0,6,TA,TA,TA,Gd,0,Npfireplace,8400,70.0,85,RL,SFoyer,0,129000
5,1188,Mitchel,1962,1962,7,1188,593,1188,0,1,312,Attchd,Unf,1962.0,1,0,6,TA,TA,TA,No,0,Npfireplace,26142,75.5,20,RL,1Story,39,157900
8,2090,CollgCr,1995,1996,5,1220,1079,1220,870,2,556,Attchd,RFn,1995.0,2,1,8,Gd,Gd,Gd,No,1,TA,10000,80.0,60,RL,2Story,65,240000
4,1346,Edwards,1910,2000,7,560,0,796,550,1,384,Detchd,Unf,1950.0,1,1,6,TA,TA,Fa,No,0,Npfireplace,11767,70.0,50,RL,2Story,24,112000
5,630,MeadowV,1970,1970,7,630,553,630,0,0,0,NoGarage,NoGarage,0.0,1,0,3,Ex,TA,Gd,Av,0,Npfireplace,1533,21.0,180,RM,SFoyer,0,92000
5,1792,NAmes,1974,1974,5,896,0,896,896,0,0,NoGarage,NoGarage,0.0,2,2,8,TA,TA,Gd,No,0,Npfireplace,9000,60.0,90,RL,2Story,45,136000
8,1578,Somerst,2008,2009,5,1573,0,1578,0,3,840,Attchd,Fin,2008.0,2,0,7,Ex,Gd,Gd,No,1,Gd,9262,78.0,20,RL,1Story,36,287090
5,1072,Edwards,2005,2005,5,547,547,1072,0,2,525,Basment,Fin,2005.0,1,0,5,TA,TA,Gd,Gd,0,Npfireplace,3675,35.0,180,RM,SLvl,28,145000
5,1140,Mitchel,2006,2006,5,1140,0,1140,0,0,0,NoGarage,NoGarage,0.0,1,0,6,TA,TA,Gd,No,0,Npfireplace,17217,90.0,20,RL,1Story,56,84500
7,1221,Somerst,2004,2005,5,1221,410,1221,0,2,400,Attchd,RFn,2004.0,2,0,6,Gd,Gd,Gd,No,0,Npfireplace,7500,62.0,20,FV,1Story,113,185000
6,1647,Gilbert,1999,2000,5,953,0,953,694,2,460,Attchd,RFn,1999.0,2,1,7,TA,TA,Gd,No,1,TA,7917,62.0,60,RL,2Story,40,175000
6,2073,NWAmes,1978,1988,6,1542,790,2073,0,2,500,Attchd,Unf,1978.0,2,0,7,TA,TA,Gd,No,2,TA,13175,85.0,20,RL,1Story,0,210000
7,2340,Crawfor,1941,2006,9,1152,275,1188,1152,1,252,Attchd,RFn,1941.0,2,0,9,Gd,Ex,TA,No,2,Gd,9042,66.0,70,RL,2Story,60,266500
5,1078,NAmes,1950,1996,6,1078,49,1078,0,1,240,Attchd,Unf,1950.0,1,0,5,Gd,TA,TA,Mn,0,Npfireplace,9717,68.0,20,RL,1Story,0,142125
5,1256,Edwards,1965,1965,6,1256,830,1256,0,1,276,Attchd,Fin,1965.0,1,1,6,TA,Gd,TA,No,0,Npfireplace,9937,75.0,20,RL,1Story,68,147500
