OverallQual,GrLivArea,Neighborhood,YearBuilt,YearRemodAdd,OverallCond,TotalBsmtSF,BsmtFinSF1,1stFlrSF,2ndFlrSF,GarageCars,GarageArea,GarageType,GarageFinish,GarageYrBlt,FullBath,HalfBath,TotRmsAbvGrd,KitchenQual,ExterQual,BsmtQual,BsmtExposure,Fireplaces,FireplaceQu,LotArea,LotFrontage,MSSubClass,MSZoning,HouseStyle,OpenPorchSF,HasGarage,HasBasement,SalePrice
9,1838,Timber,2006,2006,5,1838,1260,1838,0,3,765,Attchd,Fin,2006.0,2,0,8,Ex,Ex,Ex,Av,1,Gd,14601,85.0,20,RL,1Story,68,1,1,315000
5,1140,Mitchel,2006,2006,5,1140,0,1140,0,0,0,NoGarage,NoGarage,0.0,1,0,6,TA,TA,Gd,No,0,Npfireplace,17217,90.0,20,RL,1Story,56,0,1,84500
7,2090,NWAmes,1973,1973,6,1107,859,1107,983,2,484,Attchd,RFn,1973.0,2,1,7,TA,TA,Gd,Mn,2,TA,10382,80.0,60,RL,2Story,204,1,1,200000
6,1386,Sawyer,1978,1978,5,672,438,672,714,2,440,Attchd,Fin,1978.0,2,1,6,TA,TA,TA,Mn,1,TA,11616,70.0,60,RL,2Story,0,1,1,158900
5,955,Sawyer,1966,1966,7,955,763,955,0,1,386,Attchd,Unf,1966.0,1,0,6,TA,TA,TA,No,0,Npfireplace,7742,66.0,20,RL,1Story,0,1,1,127000
7,1661,CollgCr,1998,1998,5,1649,0,1661,0,2,598,Attchd,RFn,1998.0,2,0,6,Gd,TA,Gd,No,0,Npfireplace,12137,48.0,20,RL,1Story,34,1,1,224900
6,2073,NWAmes,1978,1988,6,1542,790,2073,0,2,500,Attchd,Unf,1978.0,2,0,7,TA,TA,Gd,No,2,TA,13175,85.0,20,RL,1Story,0,1,1,210000
6,1476,CollgCr,2005,2005,5,738,193,738,738,2,540,Attchd,Fin,2005.0,2,1,7,Gd,Gd,Gd,No,0,Npfireplace,8633,64.0,60,RL,2Story,35,1,1,173500
7,1734,CollgCr,2005,2005,5,1734,1300,1734,0,2,660,Attchd,Fin,2005.0,2,0,7,Gd,Gd,Gd,Av,0,Npfireplace,11645,78.0,20,RL,1Story,24,1,1,260000
7,1530,Gilbert,2004,2004,5,1530,1300,1530,0,3,630,Attchd,Fin,2004.0,2,0,7,Gd,Gd,Gd,Av,1,Gd,14572,182.0,20,RL,1Story,36,1,1,259000
5,1352,ClearCr,1958,1958,4,1062,300,1352,0,1,288,BuiltIn,Unf,1958.0,1,0,6,Gd,TA,TA,Av,0,Npfireplace,6930,92.0,80,RL,SLvl,0,1,1,130000
6,1509,Gilbert,2002,2003,5,783,457,807,702,2,393,Attchd,Fin,2002.0,2,1,7,Gd,Gd,Gd,No,1,Gd,7861,65.0,60,RL,2Story,75,1,1,183200
5,1652,OldTown,1915,1950,6,686,686,966,686,1,416,Detchd,Unf,1961.0,2,0,7,TA,TA,Fa,No,0,Npfireplace,10800,60.0,50,RM,1.5Fin,0,1,1,139000
7,1364,NridgHt,2005,2005,5,1364,659,1364,0,2,484,Attchd,RFn,2005.0,2,0,6,Gd,Gd,Gd,Av,1,Gd,7052,43.0,120,RL,1Story,36,1,1,185850
6,1252,NAmes,1959,1959,6,1252,0,1252,0,2,528,Detchd,Unf,1960.0,1,0,7,Gd,Gd,TA,No,0,Npfireplace,10721,80.0,20,RL,1Story,39,1,1,142000
6,1285,Sawyer,1977,1977,5,660,0,1285,0,2,528,Attchd,RFn,1977.0,1,1,7,TA,TA,TA,No,1,TA,8197,71.0,20,RL,1Story,0,1,1,143500
5,1728,NAmes,1964,1964,4,1728,40,1728,0,1,352,Detchd,Unf,2002.0,2,0,10,TA,TA,TA,No,0,Npfireplace,10624,73.0,90,RL,1Story,0,1,1,119000
6,1502,Crawfor,1923,1996,7,602,0,900,602,1,180,Detchd,Unf,1923.0,1,1,7,Gd,TA,TA,No,2,TA,10592,55.0,70,RL,2Story,0,1,1,165000
5,1376,NAmes,1941,1950,5,768,368,968,408,1,240,Attchd,Unf,1941.0,1,0,6,TA,TA,TA,No,1,Gd,9492,79.0,50,RL,1.5Fin,0,1,1,105000
4,816,Edwards,1938,1958,6,816,690,816,0,1,288,Detchd,Unf,1958.0,1,0,3,TA,TA,TA,Mn,1,Gd,8877,67.0,20,RL,1Story,0,1,1,100000
7,1368,NridgHt,2005,2006,5,1368,0,1368,0,2,474,Attchd,RFn,2005.0,2,0,6,Gd,Gd,Gd,No,1,Gd,6955,48.0,120,RL,1Story,35,1,1,202500
9,2224,NridgHt,2004,2005,5,1462,1170,1462,762,3,738,Attchd,Fin,2004.0,2,1,10,Ex,Gd,Ex,No,1,Gd,8834,74.0,60,RL,2Story,0,1,1,350000
4,1092,MeadowV,1973,1973,5,546,334,546,546,1,286,Attchd,RFn,1973.0,1,1,6,TA,TA,TA,No,0,Npfireplace,1974,21.0,160,RM,2Story,96,1,1,83500
5,965,SawyerW,1965,1965,5,828,641,965,0,1,300,Detchd,Unf,1979.0,1,0,6,TA,TA,TA,No,0,Npfireplace,7800,60.0,20,RH,1Story,0,1,1,119900
7,1494,CollgCr,2002,2002,5,1494,922,1494,0,2,530,Attchd,RFn,2002.0,2,0,6,Gd,Gd,Gd,Mn,1,TA,12803,88.0,20,RL,1Story,36,1,1,221000
5,882,OldTown,1956,1956,5,0,0,882,0,1,308,Detchd,Unf,1956.0,1,0,4,TA,TA,NoBasement,NoBasement,0,Npfireplace,12702,70.0,20,RM,1Story,45,1,0,97000
5,1539,OldTown,1904,2002,8,650,0,958,581,2,686,Detchd,Unf,1983.0,2,0,8,Gd,TA,TA,No,1,Po,10440,60.0,70,RM,2Story,78,1,1,157500
7,1573,CollgCr,2002,2002,5,1573,788,1573,0,2,544,Attchd,RFn,2002.0,2,0,6,Gd,Gd,Gd,No,0,Npfireplace,9808,67.0,20,RL,1Story,72,1,1,227000
7,1720,Gilbert,2004,2004,5,840,0,840,880,2,440,Attchd,Fin,2004.0,2,1,7,Gd,Gd,Gd,No,1,Gd,8244,62.0,60,RL,2Story,48,1,1,183500
5,1319,NAmes,1953,1953,6,608,428,1319,0,1,270,Attchd,Unf,1953.0,1,0,5,TA,TA,TA,No,0,Npfireplace,10634,79.0,20,RL,1Story,0,1,1,123000
7,1240,CollgCr,2006,2006,5,1240,0,1240,0,3,826,Attchd,RFn,2006.0,2,0,5,Gd,Gd,Gd,Av,0,Npfireplace,8556,74.0,20,RL,1Story,93,1,1,194000
7,1797,CollgCr,2006,2006,5,939,0,939,858,2,639,Attchd,RFn,2006.0,2,1,8,Gd,Gd,Gd,Av,0,Npfireplace,9245,79.0,60,RL,2Story,53,1,1,213500
7,1820,NAmes,1965,1988,6,864,454,902,918,2,492,Attchd,Unf,1965.0,1,2,8,Gd,TA,TA,Gd,2,Gd,13700,73.0,60,RL,2Story,84,1,1,201800
4,1040,Mitchel,1963,1963,5,1064,633,1040,0,2,648,Attchd,Unf,1963.0,1,0,5,TA,TA,TA,Gd,0,Npfireplace,25286,94.0,20,RL,1Story,0,1,1,132250
7,1314,NridgHt,2007,2008,5,1314,904,1314,0,2,626,Attchd,RFn,2008.0,2,0,6,Gd,Gd,Gd,No,1,Gd,5001,34.0,120,RL,1Story,62,1,1,230000
5,1385,NAmes,1952,1952,4,910,507,910,475,2,720,Detchd,Unf,2000.0,2,0,6,TA,TA,TA,No,0,Npfireplace,8520,71.0,50,RL,1.5Fin,0,1,1,166000
7,1668,CollgCr,2003,2003,5,840,0,840,828,2,500,Attchd,RFn,2003.0,2,1,8,Gd,Gd,Gd,No,0,Npfireplace,11317,72.0,60,RL,2Story,68,1,1,180000
5,928,NAmes,1956,2000,7,928,377,928,0,1,252,Attchd,Unf,1956.0,1,0,4,TA,TA,Gd,No,0,Npfireplace,13300,70.0,20,RL,1Story,0,1,1,132000
10,1718,NridgHt,2006,2007,5,1700,1172,1718,0,3,786,Attchd,Fin,2008.0,2,0,7,Ex,Ex,Ex,Gd,1,Gd,12456,96.0,20,RL,1Story,48,1,1,337500
7,1442,SawyerW,1990,1991,5,910,738,1442,0,2,719,Attchd,Fin,1990.0,2,0,6,Gd,Gd,Gd,Mn,1,TA,10357,114.0,20,RL,1Story,244,1,1,179900
6,1458,Somerst,1999,1999,5,729,419,729,729,2,440,Detchd,Unf,1999.0,2,1,5,TA,TA,Gd,No,1,Fa,3230,34.0,160,FV,2Story,32,1,1,176000
6,980,Edwards,1975,1975,5,945,945,980,0,0,0,NoGarage,NoGarage,0.0,2,0,4,TA,TA,Gd,Gd,0,Npfireplace,9400,35.0,90,RL,SFoyer,0,0,1,127500
3,1040,NAmes,1950,1950,4,0,0,1040,0,2,400,Detchd,Unf,1987.0,2,0,6,TA,TA,NoBasement,NoBasement,0,Npfireplace,8544,60.0,90,RL,1Story,0,1,0,92900
8,2473,NridgHt,2004,2005,5,1143,0,1143,1330,3,852,BuiltIn,RFn,2004.0,2,1,9,Gd,Gd,Ex,Av,1,Gd,9591,76.0,60,RL,2Story,151,1,1,317000
6,981,NAmes,1971,1971,5,981,282,981,0,2,576,Detchd,Unf,1979.0,1,1,5,TA,TA,TA,No,0,Npfireplace,10530,73.0,20,RL,1Story,312,1,1,143250
9,1746,Gilbert,2006,2007,5,1746,1320,1746,0,3,758,Attchd,Fin,2006.0,2,0,7,Ex,Ex,Ex,Gd,2,Gd,14892,42.0,20,RL,1Story,39,1,1,377500
4,1440,Edwards,1955,1955,4,1440,133,1440,0,0,0,NoGarage,NoGarage,0.0,2,0,8,Fa,TA,TA,No,0,Npfireplace,12108,92.0,90,RL,1Story,0,0,1,118000
8,2113,NoRidge,1995,1995,6,2109,1696,2113,0,3,839,Attchd,Fin,1995.0,2,1,7,Gd,Gd,Gd,Gd,1,TA,10437,91.0,20,RL,1Story,46,1,1,350000
5,1044,IDOTRR,1952,1952,5,540,0,1044,0,2,504,Basment,Unf,1952.0,1,0,4,Fa,Fa,TA,Av,0,Npfireplace,8712,66.0,20,C (all),1Story,0,1,1,55993
1,334,BrkSide,1946,1950,3,0,0,334,0,0,0,NoGarage,NoGarage,0.0,1,0,2,Fa,Fa,NoBasement,NoBasement,0,Npfireplace,5000,50.0,20,RL,1Story,0,0,0,39300
7,1363,ClearCr,1954,2005,7,1385,226,1363,0,2,439,Attchd,Unf,1954.0,1,0,5,TA,TA,Gd,Gd,2,TA,39104,73.0,20,RL,1Story,0,1,1,241500
6,1671,Gilbert,2000,2000,5,959,786,959,712,2,472,Attchd,Fin,2000.0,2,1,7,TA,TA,Gd,No,1,TA,10852,58.0,60,RL,2Story,38,1,1,173000
6,1429,NAmes,1960,1987,6,1144,594,1429,0,2,572,Attchd,Unf,1960.0,1,0,7,Gd,TA,TA,No,2,Gd,14585,73.0,20,RL,1Story,110,1,1,181900
7,2520,NoRidge,1995,1995,5,1203,565,1214,1306,3,721,Attchd,RFn,1995.0,2,1,9,Gd,Gd,Gd,No,1,TA,9950,82.0,60,RL,2Story,114,1,1,290000
5,1050,NAmes,1961,1961,6,1050,915,1050,0,1,368,Attchd,Unf,1961.0,1,0,6,TA,TA,TA,No,0,Npfireplace,10659,73.0,20,RL,1Story,319,1,1,136500
6,1977,NAmes,1964,1978,6,816,442,1127,850,2,540,Attchd,RFn,1964.0,1,1,9,TA,TA,TA,No,1,TA,9500,100.0,60,RL,2Story,52,1,1,165000
5,912,Sawyer,1967,1967,5,912,842,912,0,1,336,Detchd,Unf,1974.0,1,0,5,TA,TA,TA,No,1,Fa,8521,70.0,20,RL,1Story,0,1,1,125000
7,1145,Blmngtn,2005,2006,5,1145,16,1145,0,2,397,Attchd,Fin,2005.0,2,0,5,Gd,Gd,Gd,No,1,Gd,3182,43.0,120,RL,1Story,16,1,1,160200
6,1176,BrkSide,1934,1950,6,816,0,816,0,2,528,Detchd,Unf,1985.0,1,0,6,TA,TA,TA,No,1,Gd,6240,52.0,50,RM,1.5Fin,0,1,1,114500
8,1578,Somerst,2008,2009,5,1573,0,1578,0,3,840,Attchd,Fin,2008.0,2,0,7,Ex,Gd,Gd,No,1,Gd,9262,78.0,20,RL,1Story,36,1,1,287090
6,2447,SWISU,1919,1990,7,804,0,1699,748,1,336,Detchd,Unf,1969.0,2,0,10,Gd,TA,TA,No,1,Gd,9638,50.0,50,RL,1.5Fin,0,1,1,169000
5,1057,Sawyer,1962,1962,5,1057,417,1057,0,2,576,Detchd,Fin,1977.0,1,0,6,TA,TA,TA,No,0,Npfireplace,7420,70.0,20,RL,1Story,0,1,1,132000
7,1852,Somerst,2009,2009,5,900,822,932,920,2,644,Attchd,RFn,2009.0,2,1,7,Gd,TA,Gd,No,1,TA,8640,72.0,60,FV,2Story,108,1,1,252678
6,1679,SawyerW,1994,1998,5,1408,1138,1679,0,2,575,Attchd,RFn,1994.0,2,0,7,Gd,TA,Gd,No,1,Fa,8125,65.0,20,RL,1Story,42,1,1,193500
8,1566,Somerst,2008,2008,5,1566,1078,1566,0,2,750,Attchd,RFn,2008.0,2,0,7,Gd,Gd,Gd,Av,0,Npfireplace,9000,75.0,20,FV,1Story,168,1,1,262500
5,1230,OldTown,1910,1981,6,440,0,682,548,2,440,Detchd,Unf,1966.0,1,1,5,TA,TA,TA,No,0,Npfireplace,10440,60.0,50,RM,2Story,0,1,1,110000
7,1080,SawyerW,2004,2005,5,1080,680,1080,0,0,0,NoGarage,NoGarage,0.0,1,0,6,Gd,TA,Gd,No,0,Npfireplace,7500,63.0,20,RL,1Story,0,0,1,141000
7,1422,CollgCr,2004,2004,5,1422,0,1422,0,2,626,Attchd,RFn,2004.0,2,0,7,Gd,Gd,Gd,Av,0,Npfireplace,8500,63.0,20,RL,1Story,60,1,1,179600
8,1689,Mitchel,2002,2002,5,1568,1218,1689,0,3,857,Attchd,RFn,2002.0,2,0,7,Gd,Gd,Gd,No,2,Gd,13265,75.5,20,RL,1Story,59,1,1,271000
4,1529,Edwards,1945,1950,3,0,0,1088,441,1,240,Detchd,Unf,1945.0,2,0,9,TA,TA,NoBasement,NoBasement,0,Npfireplace,8405,50.0,50,RL,1.5Fin,0,1,0,98000
5,1040,Sawyer,1962,2010,8,1040,659,1040,0,1,260,Detchd,Unf,1962.0,1,1,6,TA,TA,TA,No,0,Npfireplace,6897,70.0,20,RL,1Story,104,1,1,127000
5,1268,NAmes,1954,1954,6,1268,540,1268,0,1,244,Attchd,Fin,1954.0,1,0,7,TA,TA,TA,No,1,Gd,7800,78.0,20,RL,1Story,98,1,1,132000
7,1372,Somerst,2007,2008,5,1372,0,1372,0,2,529,Attchd,Fin,2008.0,2,0,6,Gd,Gd,Ex,No,0,Npfireplace,8640,72.0,20,FV,1Story,140,1,1,250580
5,936,NAmes,1956,2000,7,936,248,936,0,1,308,Attchd,Fin,1956.0,1,0,4,TA,TA,TA,No,0,Npfireplace,5868,74.0,20,RL,1Story,0,1,1,129000
6,1136,NAmes,1965,1965,6,1136,892,1136,0,1,384,Attchd,RFn,1965.0,1,0,5,TA,TA,TA,No,1,Gd,9200,80.0,20,RL,1Story,0,1,1,140000
6,972,NAmes,1948,2002,6,972,680,972,0,1,240,Detchd,Unf,1948.0,1,0,5,TA,TA,TA,No,1,Gd,8000,50.0,20,RL,1Story,0,1,1,132000
6,1595,SWISU,1940,2000,5,940,388,1192,403,1,240,Attchd,Unf,1940.0,1,0,6,TA,TA,TA,No,2,Gd,8400,60.0,50,RL,1.5Fin,0,1,1,140000
4,960,Edwards,1956,1956,3,672,0,960,0,1,288,Basment,Unf,1956.0,1,0,5,TA,TA,TA,No,0,Npfireplace,8926,67.0,20,RL,1Story,0,1,1,112000
4,1336,IDOTRR,1920,1950,6,637,637,897,439,1,570,CarPort,Unf,1994.0,1,1,7,TA,TA,TA,No,0,Npfireplace,11040,60.0,50,C (all),1.5Fin,47,1,1,108000
7,1479,CollgCr,2003,2003,5,1453,1013,1479,0,2,558,Attchd,RFn,2003.0,2,0,7,Gd,Gd,Gd,Av,0,Npfireplace,10665,72.0,20,RL,1Story,29,1,1,226000
5,1838,Gilbert,2005,2005,5,732,0,734,1104,2,372,BuiltIn,Fin,2005.0,2,1,7,TA,Gd,Gd,Av,1,Gd,21930,60.0,60,RL,2Story,40,1,1,192140
5,866,OldTown,1945,1997,9,686,329,866,0,0,0,NoGarage,NoGarage,0.0,1,0,4,Gd,TA,TA,No,0,Npfireplace,3880,40.0,30,RM,1Story,42,0,1,110500
7,1456,CollgCr,2006,2006,5,728,0,728,728,2,440,Attchd,Fin,2006.0,2,1,8,Gd,Gd,Gd,No,1,TA,11103,85.0,60,RL,2Story,0,1,1,155835
8,1296,Timber,2001,2002,5,1267,1005,1296,0,2,471,Attchd,Fin,2001.0,2,0,6,Gd,Gd,Ex,No,0,Npfireplace,6853,72.0,20,RL,1Story,25,1,1,220000
6,1750,Mitchel,1940,1985,7,983,660,983,767,1,423,Attchd,Unf,1989.0,2,0,7,TA,TA,Gd,Mn,0,Npfireplace,12508,75.0,50,RL,1.5Fin,0,1,1,160000
7,1502,NridgHt,2009,2009,5,1502,0,1502,0,2,644,Attchd,RFn,2009.0,2,0,7,Gd,Gd,Gd,No,0,Npfireplace,9541,79.0,20,RL,1Story,114,1,1,233170
6,1790,NWAmes,1972,1972,5,732,247,1012,778,2,484,Attchd,RFn,1972.0,1,2,8,TA,TA,TA,No,1,TA,10400,80.0,60,RL,2Story,0,1,1,165150
5,784,BrkSide,1924,1950,6,784,784,784,0,0,0,NoGarage,NoGarage,0.0,1,0,5,Gd,TA,TA,No,0,Npfireplace,6130,50.0,45,RM,1.5Unf,0,0,1,109500
6,1668,NAmes,1950,2005,8,856,120,1112,556,1,271,Attchd,Unf,1950.0,1,1,6,TA,TA,TA,No,0,Npfireplace,9600,80.0,50,RL,1.5Fin,0,1,1,140000
8,2078,Somerst,2007,2008,5,1034,789,1050,1028,3,836,Attchd,Fin,2008.0,2,1,8,Ex,Gd,Ex,No,1,Gd,10800,85.0,60,FV,2Story,102,1,1,339750
5,1039,Sawyer,1965,1965,4,1039,841,1039,0,2,504,Attchd,Unf,1965.0,1,1,6,TA,TA,TA,Mn,0,Npfireplace,11625,75.0,190,RL,1Story,0,1,1,131500
7,1664,NWAmes,1976,1976,5,832,194,832,832,2,528,Attchd,RFn,1976.0,2,1,8,TA,TA,Gd,No,1,TA,10140,78.0,60,RL,2Story,28,1,1,162900
7,1378,OldTown,1928,2005,9,689,141,689,689,2,360,Detchd,Unf,1928.0,2,0,7,Gd,TA,TA,No,1,Gd,9600,60.0,70,RM,2Story,0,1,1,161000
7,1548,BrkSide,1925,2007,7,952,0,952,596,2,672,Detchd,Unf,1978.0,2,1,5,Ex,Gd,TA,No,0,Npfireplace,7264,55.0,50,RL,1.5Fin,0,1,1,205000
7,1111,OldTown,1926,1950,7,572,0,572,539,1,288,Detchd,Unf,1982.0,1,0,5,TA,TA,TA,No,1,Gd,5700,60.0,50,RM,1.5Fin,0,1,1,116900
6,1509,Timber,1988,1989,5,1461,783,1509,0,2,600,Attchd,RFn,1988.0,2,0,5,Gd,Gd,Gd,Av,1,Fa,10200,85.0,80,RL,SLvl,0,1,1,175000
5,1960,OldTown,1952,1952,5,960,0,960,1000,2,400,Detchd,Unf,1952.0,2,0,10,TA,TA,TA,No,0,Npfireplace,7596,60.0,90,RM,2Story,0,1,1,124500
6,1199,SawyerW,1993,1993,5,1199,300,1199,0,2,530,Attchd,RFn,1993.0,2,0,5,Gd,Gd,Gd,No,0,Npfireplace,7892,55.0,120,RL,1Story,63,1,1,153900
7,1266,Blmngtn,2007,2007,5,1266,0,1266,0,2,388,Attchd,Fin,2007.0,2,0,6,Gd,Gd,Gd,Av,1,Gd,3182,43.0,20,RL,1Story,16,1,1,159895
5,1792,NAmes,1974,1974,5,896,0,896,896,0,0,NoGarage,NoGarage,0.0,2,2,8,TA,TA,Gd,No,0,Npfireplace,9000,60.0,90,RL,2Story,45,0,1,136000
7,2418,NoRidge,1993,1994,5,1311,1173,1325,1093,3,983,Attchd,RFn,1993.0,2,1,9,Gd,Gd,Gd,Gd,1,TA,10542,96.0,60,RL,2Story,154,1,1,341000
7,1626,NridgHt,2003,2004,5,764,573,764,862,2,474,BuiltIn,RFn,2003.0,2,1,6,Gd,Gd,Gd,No,0,Npfireplace,2448,36.0,160,RL,2Story,27,1,1,154000
4,907,NAmes,1957,1957,6,907,288,907,0,1,352,Detchd,Unf,1964.0,1,0,5,TA,TA,TA,No,0,Npfireplace,8593,77.0,20,RL,1Story,0,1,1,109008
6,1125,Edwards,1976,1976,6,1041,631,1125,0,1,352,Detchd,Unf,1977.0,1,0,6,TA,TA,TA,Av,1,Fa,7200,72.0,80,RL,SLvl,0,1,1,125000
7,1710,CollgCr,2003,2003,5,856,706,856,854,2,548,Attchd,RFn,2003.0,2,1,8,Gd,Gd,Gd,No,0,Npfireplace,8450,65.0,60,RL,2Story,61,1,1,208500
5,833,OldTown,1954,2000,7,833,415,833,0,1,326,Detchd,Unf,1955.0,1,0,4,Gd,TA,TA,No,0,Npfireplace,5400,90.0,20,RL,1Story,0,1,1,117000
5,1505,BrkSide,1940,1982,5,883,399,988,517,1,240,Detchd,Unf,1940.0,1,0,8,TA,TA,TA,No,0,Npfireplace,9144,51.0,50,RL,1.5Fin,0,1,1,145000
8,1959,Somerst,2006,2006,5,1088,0,1088,871,3,1025,Attchd,RFn,2006.0,2,1,8,Gd,Gd,Gd,Av,1,Gd,9000,75.0,60,FV,2Story,46,1,1,270000
9,2121,NridgHt,2006,2007,5,2121,0,2121,0,3,732,Attchd,Fin,2007.0,2,1,8,Ex,Ex,Ex,Gd,1,Ex,14450,107.0,20,RL,1Story,98,1,1,415298
7,1200,Somerst,2005,2005,5,600,0,520,600,2,480,Detchd,RFn,2005.0,2,1,4,Gd,TA,Gd,No,0,Npfireplace,3180,30.0,160,FV,2Story,166,1,1,151000
4,520,BrkSide,1927,1950,6,520,0,520,0,1,240,Detchd,Unf,1920.0,1,0,4,Fa,TA,TA,No,0,Npfireplace,6324,60.0,30,RM,1Story,0,1,1,68500
3,864,Edwards,1914,1950,3,864,203,864,0,1,200,Detchd,Unf,1938.0,1,0,5,TA,TA,TA,No,0,Npfireplace,8212,45.0,30,RL,1Story,0,1,1,58500
6,1493,CollgCr,1997,1998,5,1478,994,1493,0,2,508,Attchd,Fin,1997.0,2,0,7,Gd,TA,Gd,Gd,1,TA,13125,75.0,20,RL,1Story,39,1,1,208900
6,923,SawyerW,1980,1980,5,923,543,923,0,1,264,Attchd,RFn,1980.0,2,0,5,TA,TA,Gd,No,1,TA,8012,50.0,120,RL,1Story,0,1,1,143000
7,1646,Crawfor,1941,1950,5,918,364,918,728,1,240,Detchd,Unf,1941.0,2,0,7,TA,TA,TA,No,2,Gd,7128,53.0,75,RL,2.5Unf,0,1,1,164000
7,1553,Somerst,2005,2006,5,756,0,756,797,2,615,Attchd,RFn,2005.0,2,1,6,Gd,Gd,Gd,No,0,Npfireplace,8125,65.0,60,FV,2Story,45,1,1,186500
8,1616,StoneBr,1995,1996,5,1595,1180,1616,0,2,608,Attchd,RFn,1995.0,2,0,5,Gd,Gd,Gd,No,1,TA,5389,39.0,120,RL,1Story,152,1,1,236500
7,1720,CollgCr,2004,2004,5,860,0,860,860,2,565,Attchd,RFn,2004.0,2,1,7,Gd,Gd,Gd,No,0,Npfireplace,11645,89.0,60,RL,2Story,70,1,1,196500
6,1350,NWAmes,1974,1974,5,1064,0,1350,0,2,478,Attchd,RFn,1974.0,2,0,7,TA,TA,Gd,No,1,TA,10140,78.0,20,RL,1Story,0,1,1,165000
8,1567,Blmngtn,2006,2006,5,1520,1154,1567,0,3,648,Attchd,Fin,2006.0,2,0,7,Ex,Gd,Gd,Av,1,Gd,3982,53.0,120,RL,1Story,0,1,1,264561
8,2270,NoRidge,1999,2007,7,1152,524,1164,1106,3,671,Attchd,Fin,1999.0,2,1,9,Gd,Gd,Gd,No,1,Gd,11764,92.0,60,RL,2Story,57,1,1,290000
5,935,Sawyer,1965,1965,6,935,560,935,0,1,288,Attchd,Unf,1965.0,1,0,5,TA,TA,TA,No,0,Npfireplace,13526,70.0,20,RL,1Story,0,1,1,137000
8,1776,Timber,2006,2007,5,1732,80,1776,0,3,712,Attchd,Fin,2006.0,2,0,7,Gd,Gd,Ex,Gd,1,Gd,15306,93.0,20,RL,1Story,0,1,1,283463
6,1933,Somerst,2007,2007,5,894,0,894,1039,3,668,BuiltIn,Fin,2007.0,2,1,9,Gd,Gd,Gd,Mn,1,Gd,14598,86.0,60,RL,2Story,18,1,1,214000
6,1375,IDOTRR,1937,1950,6,780,0,780,595,1,544,Detchd,Unf,1979.0,1,1,6,Gd,TA,TA,No,1,Gd,9000,50.0,50,RM,1.5Fin,162,1,1,141000
7,1670,Gilbert,2006,2006,5,1670,0,1670,0,3,690,Attchd,RFn,2006.0,2,0,7,Gd,Gd,Gd,No,1,Gd,14859,50.0,20,RL,1Story,60,1,1,240000
4,952,NAmes,1956,1956,7,952,228,952,0,1,283,Detchd,Unf,1956.0,1,0,4,TA,TA,TA,No,0,Npfireplace,8475,73.0,20,RL,1Story,0,1,1,135750
7,1767,StoneBr,1987,1987,7,1064,495,1064,703,2,504,Attchd,RFn,1987.0,2,0,5,Gd,Gd,Gd,No,1,TA,5306,44.0,160,RL,2Story,35,1,1,239000
7,1533,ClearCr,1975,1975,5,1533,655,1533,0,2,576,Attchd,Unf,1975.0,2,0,5,Gd,TA,Gd,Gd,2,TA,70761,62.0,20,RL,1Story,54,1,1,280000
5,943,NAmes,1979,1979,5,943,943,943,0,2,600,Detchd,Unf,1979.0,1,0,4,TA,TA,Gd,Gd,2,TA,7032,73.0,90,RL,SFoyer,0,1,1,135960
6,987,BrDale,1971,1971,5,483,387,483,504,1,264,Detchd,Unf,1971.0,1,1,4,TA,TA,TA,No,0,Npfireplace,1680,21.0,160,RM,2Story,0,1,1,85400
6,754,IDOTRR,1935,1982,8,520,490,520,0,0,0,NoGarage,NoGarage,0.0,1,0,5,TA,TA,TA,Av,0,Npfireplace,6780,60.0,190,RM,1.5Fin,0,0,1,84500
8,1414,Gilbert,2004,2004,5,707,0,707,707,2,403,Attchd,Fin,2004.0,2,1,6,Gd,Gd,Ex,Av,1,Gd,9056,74.0,60,RL,2Story,35,1,1,178000
7,1978,NWAmes,1968,1968,5,832,552,1098,880,2,486,Attchd,RFn,1968.0,2,1,9,TA,TA,TA,No,1,Gd,9900,80.0,60,RL,2Story,43,1,1,176000
6,1368,OldTown,1910,1993,7,684,0,684,684,1,216,Detchd,Unf,1930.0,1,0,7,TA,TA,TA,No,0,Npfireplace,3600,60.0,70,RM,2Story,158,1,1,114504
5,827,NAmes,1955,2007,7,0,0,827,0,1,392,Detchd,Unf,1967.0,1,0,5,TA,TA,NoBasement,NoBasement,1,Po,7200,60.0,20,RL,1Story,0,1,0,107500
7,1411,NWAmes,1977,1977,5,1386,822,1411,0,2,544,Attchd,Fin,1977.0,2,0,6,TA,TA,TA,No,1,TA,11900,85.0,20,RL,1Story,0,1,1,82500
7,1426,Crawfor,1918,1998,8,912,0,912,514,1,216,Detchd,Unf,1925.0,1,1,7,Gd,Gd,TA,No,1,Gd,7642,55.0,50,RL,1.5Fin,240,1,1,189950
4,1588,ClearCr,1959,1959,4,0,0,1120,468,2,680,Detchd,Fin,1991.0,2,0,7,TA,TA,NoBasement,NoBasement,1,Gd,17120,80.0,50,RL,1.5Fin,59,1,0,134432
7,2554,OldTown,1890,1998,8,718,0,1576,978,2,704,Detchd,Unf,1996.0,1,1,8,TA,TA,TA,No,0,Npfireplace,10800,60.0,70,RM,2Story,48,1,1,159500
6,1400,Sawyer,1978,1978,7,672,209,672,728,2,440,Attchd,Fin,1978.0,1,1,6,TA,TA,TA,No,1,TA,7844,74.0,60,RL,2Story,0,1,1,149500
4,1040,NAmes,1950,1950,5,0,0,1040,0,2,420,Detchd,Unf,1950.0,1,0,4,TA,TA,NoBasement,NoBasement,0,Npfireplace,7200,60.0,20,RL,1Story,29,1,0,109900
6,1728,Mitchel,1976,1976,5,1728,936,1728,0,2,574,Attchd,Unf,1976.0,2,0,8,TA,TA,TA,Gd,0,Npfireplace,12640,55.0,90,RL,1Story,0,1,1,150900
8,1844,SawyerW,2005,2006,5,1844,976,1844,0,2,620,Attchd,Fin,2005.0,2,0,7,Gd,Gd,Gd,No,1,Gd,10994,88.0,20,RL,1Story,44,1,1,257000
10,2020,NridgHt,2009,2009,5,2006,1436,2020,0,3,900,Attchd,Fin,2009.0,2,1,9,Ex,Ex,Ex,No,1,Gd,12220,94.0,20,RL,1Story,54,1,1,402861
7,1802,Crawfor,1920,1950,6,793,352,901,901,1,216,Detchd,Unf,1920.0,1,1,9,TA,TA,Fa,No,1,Gd,7588,54.0,70,RL,2Story,0,1,1,200100
4,1128,IDOTRR,1920,1950,4,698,0,698,430,2,528,Detchd,RFn,1980.0,1,0,6,TA,TA,TA,No,0,Npfireplace,7500,60.0,50,C (all),1.5Fin,0,1,1,68400
5,1768,SWISU,1937,1950,7,731,569,981,787,1,240,Detchd,Unf,1939.0,1,1,7,Gd,TA,Gd,No,2,TA,7200,60.0,50,RL,1.5Fin,0,1,1,175000
7,1392,Somerst,2007,2007,5,689,0,703,689,2,540,Detchd,Unf,2007.0,2,0,5,Gd,Gd,Gd,No,0,Npfireplace,3604,34.0,160,FV,2Story,102,1,1,146000
6,2087,ClearCr,1966,2007,8,832,568,976,1111,2,444,Attchd,Fin,1966.0,2,1,9,Gd,TA,TA,Gd,0,Npfireplace,12205,80.0,60,RL,2Story,168,1,1,187500
8,2262,Timber,2003,2003,5,1482,871,1482,780,3,749,Attchd,Fin,2003.0,2,1,10,Gd,Gd,Gd,Gd,2,Gd,12244,85.0,60,RL,2Story,0,1,1,305000
7,1340,Gilbert,2007,2007,5,1340,24,1340,0,2,396,Attchd,Fin,2007.0,2,0,6,Gd,Gd,Gd,Av,0,Npfireplace,8899,73.0,20,RL,1Story,30,1,1,181134
6,1640,SawyerW,2004,2004,5,798,0,798,842,2,520,Attchd,RFn,2004.0,2,1,6,Gd,Gd,Gd,No,0,Npfireplace,8366,65.0,60,RL,2Story,45,1,1,173000
5,1150,NAmes,1959,1959,6,1150,179,1150,0,1,300,Attchd,RFn,1959.0,1,0,6,TA,TA,TA,No,0,Npfireplace,7945,70.0,20,RL,1Story,0,1,1,141000
5,780,CollgCr,1972,1972,7,780,632,780,0,1,352,Detchd,Unf,1973.0,1,0,4,TA,TA,TA,Av,0,Npfireplace,7200,60.0,20,RL,1Story,0,1,1,124900
7,2287,ClearCr,1953,1953,4,1304,603,1304,983,2,667,Attchd,Fin,1953.0,2,0,7,TA,Gd,TA,No,1,TA,15593,81.0,50,RL,1.5Fin,21,1,1,225000
5,1200,NAmes,1965,1998,8,864,661,1200,0,2,884,Detchd,Unf,1977.0,1,1,6,Gd,TA,TA,Mn,0,Npfireplace,9230,71.0,20,RL,1Story,64,1,1,146000
5,980,NAmes,1967,1967,5,980,400,980,0,1,384,Attchd,Fin,1967.0,2,0,6,TA,TA,TA,Av,0,Npfireplace,9750,75.0,80,RL,SLvl,0,1,1,135500
7,1431,CollgCr,1999,1999,5,1431,560,1431,0,2,666,Attchd,Fin,1999.0,2,0,6,Gd,Gd,Gd,Av,0,Npfireplace,9017,68.0,20,RL,1Story,35,1,1,192000
6,2054,Gilbert,2000,2000,5,992,695,1022,1032,2,390,BuiltIn,RFn,2000.0,2,1,7,Gd,Gd,Gd,No,1,TA,12224,65.0,60,RL,2Story,48,1,1,244000
8,1338,StoneBr,2001,2001,5,1338,616,1338,0,2,582,Attchd,Fin,2001.0,2,0,6,Gd,Gd,Gd,Mn,0,Npfireplace,4920,41.0,120,RL,1Story,0,1,1,213500
8,2452,CollgCr,1998,1999,5,1028,281,1210,1242,2,683,BuiltIn,Fin,1998.0,2,1,9,Gd,Gd,Gd,No,1,TA,16226,66.0,60,RL,2Story,50,1,1,267000
5,999,NAmes,1962,1962,5,925,784,999,0,1,300,Attchd,Unf,1962.0,1,0,6,TA,TA,TA,Av,0,Npfireplace,10205,69.0,85,RL,SFoyer,72,1,1,134500
6,918,SawyerW,1979,1979,5,918,0,918,0,1,264,Attchd,Unf,1979.0,2,0,5,TA,TA,Gd,No,1,TA,7892,55.0,120,RL,1Story,0,1,1,99500
6,1383,NAmes,1960,1960,5,1383,565,1383,0,1,292,Attchd,RFn,1960.0,1,1,7,TA,TA,TA,No,0,Npfireplace,11600,80.0,20,RL,1Story,45,1,1,145250
7,1504,Blmngtn,2005,2006,5,1346,16,1504,0,2,457,Attchd,Fin,2005.0,2,0,7,Gd,Gd,Gd,No,1,Gd,3182,43.0,120,RL,1Story,0,1,1,181000
6,2614,NWAmes,1974,1997,7,1522,956,1548,1066,2,624,Attchd,RFn,1974.0,2,1,9,TA,TA,TA,No,1,TA,10800,90.0,60,RL,2Story,243,1,1,240000
5,1558,NAmes,1945,1950,6,913,580,1048,510,1,288,Attchd,Unf,1962.0,1,1,6,TA,TA,TA,No,1,TA,10930,60.0,50,RL,1.5Fin,0,1,1,140000
6,1690,Gilbert,2000,2000,5,924,0,948,742,2,463,Attchd,RFn,2000.0,2,1,7,TA,TA,Gd,No,1,TA,8063,65.0,60,RL,2Story,48,1,1,181000
8,1088,StoneBr,1986,1986,5,1074,0,1088,0,2,461,Attchd,RFn,1987.0,1,1,5,Gd,Gd,Gd,No,0,Npfireplace,3696,63.0,120,RL,1Story,74,1,1,170000
5,910,NAmes,1953,1996,7,105,0,910,0,2,414,Attchd,Unf,1953.0,1,0,5,Gd,Gd,TA,Av,0,Npfireplace,8892,74.0,20,RL,1Story,0,1,1,116000
6,1218,BrDale,1973,1973,5,672,356,672,546,1,264,Detchd,Unf,1973.0,1,1,7,TA,TA,TA,No,0,Npfireplace,1890,21.0,160,RM,2Story,28,1,1,113000
6,1548,NPkVill,1976,1976,6,804,556,804,744,2,440,Detchd,Unf,1976.0,2,1,7,Gd,TA,Gd,No,1,TA,2308,24.0,160,RL,2Story,0,1,1,155000
4,630,MeadowV,1970,1970,4,630,509,630,0,1,286,Attchd,Unf,1970.0,1,0,3,TA,TA,Gd,Av,0,Npfireplace,1477,21.0,180,RM,SFoyer,0,1,1,80000
6,952,BrkSide,1916,1950,6,952,0,952,0,1,192,Detchd,Unf,1916.0,1,0,4,Fa,TA,TA,No,1,Gd,8854,51.0,30,RL,1.5Unf,98,1,1,121000
4,1067,Sawyer,1950,1995,7,1067,442,1067,0,2,436,Attchd,Unf,1996.0,2,0,4,Gd,TA,Gd,No,0,Npfireplace,9600,60.0,20,RL,1Story,0,1,1,128000
6,1574,NWAmes,1976,1976,5,796,712,790,784,2,566,Attchd,Fin,1976.0,2,1,6,TA,TA,Gd,Mn,1,TA,18800,80.0,60,RL,2Story,111,1,1,190000
5,1344,IDOTRR,1920,1997,7,672,456,672,672,1,468,Detchd,Unf,1964.0,1,0,6,TA,TA,TA,No,0,Npfireplace,10690,59.0,70,RM,2Story,128,1,1,147000
7,1626,NridgHt,2003,2004,5,764,567,764,862,2,474,BuiltIn,RFn,2003.0,2,0,6,Gd,Gd,Gd,No,0,Npfireplace,2268,36.0,160,RL,2Story,27,1,1,173000
8,3228,NoRidge,1992,1993,5,3200,1231,3228,0,2,546,Attchd,RFn,1992.0,3,0,10,Gd,Gd,Gd,No,1,Gd,12692,91.0,20,RL,1Story,75,1,1,430000
6,1556,Blueste,1980,1980,6,716,81,716,840,2,452,Attchd,Fin,1980.0,2,1,6,TA,TA,Gd,No,1,TA,1950,24.0,160,RM,2Story,0,1,1,151000
9,1980,NridgHt,2004,2005,5,1980,1447,1980,0,3,770,Attchd,Fin,2004.0,2,0,8,Ex,Gd,Ex,Av,1,Gd,16737,129.0,20,RL,1Story,45,1,1,315000
6,1215,NAmes,1958,1998,7,1215,585,1215,0,1,297,Attchd,Unf,1958.0,1,0,6,TA,TA,TA,No,0,Npfireplace,12400,66.0,20,RL,1Story,0,1,1,155000
6,1441,NPkVill,1978,1978,6,855,311,855,586,2,440,Attchd,Unf,1978.0,2,1,7,TA,TA,TA,No,1,TA,2289,24.0,160,RL,2Story,0,1,1,148500
5,988,Mitchel,1954,1954,5,988,0,988,0,2,520,Attchd,RFn,1954.0,1,0,4,TA,TA,TA,No,0,Npfireplace,21750,100.0,20,RL,1Story,0,1,1,113000
4,1768,Sawyer,1968,1968,5,1768,0,1768,0,0,0,NoGarage,NoGarage,0.0,2,0,8,TA,TA,TA,No,0,Npfireplace,10778,72.0,90,RL,1Story,0,0,1,136500
6,1616,OldTown,1926,2004,7,1149,370,1149,467,1,216,Detchd,Unf,1926.0,2,0,5,Gd,TA,TA,Mn,0,Npfireplace,5400,40.0,40,RM,1Story,0,1,1,152000
8,1636,Somerst,2006,2006,5,1623,63,1636,0,3,865,Attchd,RFn,2006.0,2,0,8,Gd,Gd,Gd,No,1,Gd,13501,116.0,20,RL,1Story,60,1,1,255000
4,1029,Sawyer,1961,1961,5,1029,903,1029,0,1,261,Attchd,Unf,1961.0,1,0,5,TA,TA,TA,Mn,0,Npfireplace,7943,61.0,20,RL,1Story,0,1,1,118500
5,1600,NAmes,1957,1997,6,1484,1277,1600,0,1,319,Attchd,RFn,1957.0,1,0,6,TA,TA,TA,Gd,2,Gd,16321,47.0,20,RL,1Story,258,1,1,207500
7,2344,NoRidge,1996,1997,5,1264,0,1277,1067,3,889,Attchd,RFn,1996.0,2,1,7,Gd,Gd,Gd,No,1,TA,10208,79.0,60,RL,2Story,0,1,1,265000
6,1756,Timber,1996,1997,5,872,742,888,868,2,422,Attchd,Fin,1996.0,2,1,7,TA,Gd,Ex,No,0,Npfireplace,9303,72.0,60,RL,2Story,122,1,1,204000
7,1709,Edwards,2004,2004,5,970,0,970,739,2,380,Detchd,Unf,2004.0,2,0,7,Gd,Gd,Gd,No,0,Npfireplace,2522,24.0,160,RM,2Story,40,1,1,130000
7,1453,ClearCr,1986,1986,5,1453,1082,1453,0,2,445,Attchd,RFn,1986.0,1,1,6,Gd,TA,Gd,Gd,1,TA,5271,80.0,120,RL,1Story,80,1,1,190000
6,1721,SawyerW,1994,1994,5,928,814,936,785,2,471,Attchd,RFn,1994.0,2,1,7,Gd,Gd,Gd,No,0,Npfireplace,8462,70.0,60,RL,2Story,87,1,1,201000
6,1212,Sawyer,1977,1995,7,506,506,1212,0,2,492,Attchd,Unf,1978.0,1,0,6,TA,TA,Gd,Av,1,TA,8471,88.0,80,RL,SLvl,12,1,1,151000
3,774,Edwards,1931,2006,6,544,544,774,0,0,0,NoGarage,NoGarage,0.0,1,0,6,Gd,TA,TA,No,0,Npfireplace,4270,70.0,30,RH,1Story,0,0,1,79000
6,1639,SWISU,1936,1950,5,1064,0,1166,0,1,240,Detchd,Unf,1936.0,1,0,6,TA,TA,TA,No,0,Npfireplace,10480,51.0,50,RL,1.5Fin,0,1,1,115000
4,796,IDOTRR,1922,1950,4,796,0,796,0,0,0,NoGarage,NoGarage,0.0,1,0,5,TA,TA,TA,No,0,Npfireplace,3636,40.0,30,RM,1Story,0,0,1,55000
9,2184,NridgHt,2008,2008,5,1104,936,1130,1054,3,836,Attchd,Fin,2008.0,2,1,10,Ex,Ex,Ex,Av,1,Gd,11308,96.0,60,RL,2Story,102,1,1,335000
8,1707,Timber,1981,1981,6,1686,0,1707,0,2,511,Attchd,RFn,1981.0,2,1,6,TA,Gd,Gd,No,1,TA,16669,72.0,20,RL,1Story,64,1,1,228000
7,2223,NAmes,1973,1973,6,2223,1880,2223,0,2,516,Attchd,Fin,1973.0,2,0,8,TA,TA,Gd,Gd,2,Gd,13651,95.0,20,RL,1Story,0,1,1,244000
7,854,BrkSide,1929,2001,8,832,0,854,0,2,576,Detchd,Unf,1991.0,1,0,5,TA,TA,TA,No,0,Npfireplace,6120,51.0,45,RM,1.5Unf,112,1,1,132000
8,2161,NridgHt,2007,2007,5,1582,1288,1610,551,3,789,Attchd,Fin,2007.0,1,1,8,Ex,Gd,Ex,No,1,Gd,10562,86.0,60,RL,2Story,120,1,1,325624
6,1261,NAmes,1958,1958,6,1261,662,1261,0,2,433,Attchd,RFn,1958.0,1,0,6,TA,TA,TA,No,1,TA,9120,76.0,20,RL,1Story,0,1,1,163000
6,1092,BrDale,1971,1971,5,525,0,525,567,1,264,Detchd,Unf,1971.0,1,1,6,TA,TA,TA,No,0,Npfireplace,1680,21.0,160,RM,2Story,0,1,1,88000
4,1440,Edwards,1977,1977,3,1440,1440,1440,0,0,0,NoGarage,NoGarage,0.0,2,0,8,TA,TA,Gd,Gd,0,Npfireplace,7711,42.0,90,RL,1Story,0,0,1,150000
6,1362,NAmes,1961,1961,5,1362,288,1362,0,2,504,Attchd,Unf,1961.0,1,1,6,TA,TA,TA,No,1,TA,10197,80.0,20,RL,1Story,20,1,1,163000
5,1111,Edwards,1941,1950,6,616,236,616,495,1,200,Detchd,Unf,1941.0,1,0,5,TA,TA,TA,Mn,0,Npfireplace,9084,60.0,50,RL,1.5Fin,0,1,1,95000
7,2080,Crawfor,1926,2004,9,1276,0,1276,804,1,282,Detchd,Unf,1926.0,1,1,9,Gd,Gd,Gd,No,2,Gd,10918,53.0,70,RL,2Story,0,1,1,234000
5,1124,Edwards,1954,1954,5,0,0,1124,0,0,0,NoGarage,NoGarage,0.0,1,0,5,TA,TA,NoBasement,NoBasement,1,Gd,8335,77.0,20,RL,1Story,36,0,0,93000
3,1163,OldTown,1955,2005,8,1162,256,1163,0,1,220,Attchd,Unf,1955.0,1,0,6,TA,TA,TA,No,0,Npfireplace,5820,49.0,20,RM,1Story,98,1,1,126175
8,2898,Timber,1976,1976,6,1565,1165,2898,0,2,665,Attchd,Fin,1976.0,2,0,10,Gd,Gd,Gd,Av,1,Gd,15498,72.0,20,RL,1Story,72,1,1,287000
6,1097,SawyerW,1984,1985,5,1040,338,1097,0,2,480,Attchd,Unf,1986.0,2,0,6,TA,TA,Gd,No,0,Npfireplace,9672,81.0,20,RL,1Story,0,1,1,152000
6,1456,Gilbert,2006,2006,5,728,0,728,728,2,429,Attchd,RFn,2006.0,2,1,8,TA,Gd,Gd,No,0,Npfireplace,15578,105.0,60,RL,2Story,0,1,1,172785
5,902,Sawyer,1967,1967,6,876,599,902,0,1,288,Attchd,Unf,1967.0,1,0,6,TA,TA,TA,No,0,Npfireplace,6173,70.0,20,RL,1Story,0,1,1,125500
5,1086,NAmes,1954,2003,7,1086,320,1086,0,2,490,Attchd,Unf,1989.0,1,0,6,TA,TA,TA,No,0,Npfireplace,10200,85.0,20,RL,1Story,0,1,1,144900
6,784,SawyerW,1928,1950,3,784,0,784,0,2,360,Detchd,Unf,1950.0,1,0,5,TA,TA,Fa,No,0,Npfireplace,9000,60.0,45,RH,1.5Unf,0,1,1,76000
4,630,MeadowV,1972,1972,7,630,495,630,0,0,0,NoGarage,NoGarage,0.0,1,0,3,TA,TA,Gd,Av,0,Npfireplace,1890,21.0,180,RM,SFoyer,0,0,1,81000
8,1314,Somerst,2009,2009,5,1300,936,1314,0,2,552,Attchd,RFn,2009.0,2,0,6,Gd,Gd,Gd,Mn,0,Npfireplace,8640,72.0,20,FV,1Story,112,1,1,229456
5,2320,Gilbert,1948,1950,6,0,0,1547,720,2,672,Attchd,Unf,1979.0,2,0,7,TA,TA,NoBasement,NoBasement,1,TA,14762,65.0,60,RL,2Story,144,1,0,169000
5,935,BrkSide,1930,1960,6,742,0,779,0,1,308,Detchd,Unf,1988.0,1,0,4,TA,TA,TA,No,0,Npfireplace,9100,50.0,40,RM,1Story,0,1,1,79500
4,901,OldTown,1954,2000,7,901,0,901,0,1,281,Detchd,Unf,1954.0,1,0,4,TA,TA,TA,No,0,Npfireplace,6000,50.0,20,RM,1Story,0,1,1,107900
8,2098,NridgHt,2005,2005,5,1030,0,1038,1060,3,878,Attchd,RFn,2005.0,2,1,8,Ex,Gd,Gd,Mn,1,Gd,10240,80.0,60,RL,2Story,52,1,1,275500
5,990,CollgCr,1994,1995,5,990,686,990,0,2,672,Detchd,Unf,1996.0,1,0,5,TA,TA,Gd,No,0,Npfireplace,9245,57.0,20,RL,1Story,0,1,1,145000
7,1935,NWAmes,1976,1976,7,793,0,1142,793,2,550,Attchd,RFn,1976.0,2,1,7,TA,TA,Gd,No,1,TA,12384,80.0,60,RL,2Story,113,1,1,197900
5,1252,BrkSide,1908,1991,8,504,0,936,316,2,576,Attchd,Unf,1986.0,1,0,5,TA,TA,Fa,No,0,Npfireplace,7438,92.0,50,RL,1.5Fin,0,1,1,127000
5,1701,Sawyer,1975,1981,5,1390,1390,1701,0,2,611,Basment,Fin,1975.0,2,0,6,TA,TA,Gd,Gd,2,TA,16647,70.0,85,RL,SFoyer,0,1,1,171000
6,1342,NWAmes,1967,1967,5,1372,251,1342,0,2,457,Attchd,Unf,1967.0,2,0,7,TA,TA,TA,No,1,Gd,9790,80.0,20,RL,1Story,0,1,1,161500
6,987,BrDale,1971,1971,3,483,358,483,504,1,264,Detchd,Unf,1971.0,1,1,5,TA,TA,TA,No,0,Npfireplace,1680,21.0,160,RM,2Story,0,1,1,89500
7,1829,CollgCr,2003,2003,6,941,483,941,888,2,613,Attchd,RFn,2003.0,2,1,7,Gd,Gd,Gd,No,1,TA,9548,44.0,60,RL,2Story,39,1,1,237000
7,1768,OldTown,1914,1970,7,880,390,880,888,2,320,Detchd,Unf,1914.0,1,1,6,TA,TA,Gd,Mn,2,TA,10800,60.0,75,RM,2.5Unf,341,1,1,163000
6,1392,CollgCr,1977,1977,7,689,378,689,703,1,299,Attchd,Fin,1977.0,1,1,6,TA,TA,Gd,No,0,Npfireplace,10900,69.0,60,RL,2Story,36,1,1,161750
5,2002,Crawfor,1949,1950,6,1001,284,1001,1001,3,871,2Types,Unf,1949.0,2,0,8,TA,TA,TA,No,0,Npfireplace,6270,82.0,90,RH,2Story,0,1,1,145000
7,1541,NridgHt,2005,2005,5,1541,1201,1541,0,2,532,Attchd,RFn,2005.0,2,0,7,Gd,Gd,Gd,Mn,1,Gd,12182,95.0,20,RL,1Story,70,1,1,220000
5,1526,Edwards,1957,2002,6,1216,383,1526,0,1,364,Basment,Unf,1957.0,1,0,7,TA,TA,TA,Av,1,Gd,8562,68.0,20,RL,1Story,78,1,1,144500
6,2229,OldTown,1912,1950,6,755,0,929,929,0,0,NoGarage,NoGarage,0.0,1,0,8,TA,TA,TA,No,0,Npfireplace,5520,92.0,75,RM,2.5Fin,198,0,1,104000
5,1327,NAmes,1959,2002,6,1063,405,1327,0,2,624,Detchd,Unf,1974.0,1,0,7,Gd,TA,TA,No,0,Npfireplace,7388,75.0,20,RL,1Story,0,1,1,150750
6,1640,Crawfor,1954,2006,7,1296,728,1640,0,2,924,Detchd,Unf,1993.0,1,0,7,Gd,Gd,TA,No,1,Gd,14778,66.0,20,RL,1Story,0,1,1,224000
6,958,NPkVill,1976,1976,6,958,958,958,0,2,440,Attchd,RFn,1976.0,2,0,5,TA,TA,Gd,No,0,Npfireplace,4928,24.0,120,RL,1Story,60,1,1,143750
6,1552,NWAmes,1975,1975,6,713,550,811,741,2,434,Attchd,RFn,1975.0,2,1,6,TA,TA,Gd,No,1,TA,11475,85.0,60,RL,2Story,208,1,1,179900
7,1569,Blmngtn,2007,2007,5,1386,988,1569,0,3,660,Attchd,RFn,2007.0,2,0,7,Gd,Gd,Gd,No,1,TA,3635,51.0,120,RL,1Story,20,1,1,175900
7,1863,Gilbert,2006,2006,5,879,0,879,984,3,660,BuiltIn,Fin,2006.0,2,1,9,Gd,Gd,Gd,Av,1,Gd,14054,58.0,60,RL,2Story,17,1,1,219210
8,2630,NoRidge,1998,1998,5,1470,986,1470,1160,3,696,Attchd,Fin,1998.0,2,1,8,Gd,Gd,Gd,No,1,TA,9200,80.0,60,RL,2Story,66,1,1,315000
10,3608,OldTown,1892,1993,9,1107,0,1518,1518,3,840,Detchd,Unf,1993.0,2,1,12,Ex,Gd,TA,Mn,2,TA,22950,90.0,75,RM,2.5Fin,260,1,1,475000
4,605,Edwards,1920,2002,7,528,348,605,0,0,0,NoGarage,NoGarage,0.0,1,0,5,TA,TA,TA,Mn,0,Npfireplace,9098,58.0,30,RL,1Story,0,0,1,86000
5,1328,Timber,1959,1959,6,1350,967,1328,0,1,308,Attchd,RFn,1959.0,1,1,5,TA,TA,TA,Gd,2,Gd,16905,115.0,20,RL,1Story,104,1,1,170000
8,2392,NoRidge,1997,1998,5,1396,1074,1407,985,3,870,Attchd,Fin,1997.0,2,1,7,Gd,Gd,Gd,No,1,TA,9452,82.0,60,RL,2Story,70,1,1,348000
6,1137,Timber,1987,1987,6,1112,980,1137,0,2,551,Attchd,Unf,1987.0,2,0,5,Gd,TA,Gd,No,1,TA,13811,54.0,20,RL,1Story,0,1,1,176000
3,894,IDOTRR,1935,1950,4,894,0,894,0,3,1248,Detchd,RFn,1994.0,1,0,6,TA,Fa,TA,No,0,Npfireplace,18000,120.0,30,C (all),1Story,20,1,1,81000
5,1517,IDOTRR,1919,2005,7,793,0,997,520,0,0,NoGarage,NoGarage,0.0,2,0,7,Fa,TA,TA,No,0,Npfireplace,8500,85.0,50,RM,1.5Fin,0,0,1,115000
6,1258,NWAmes,1971,2004,7,1258,656,1258,0,2,528,Attchd,RFn,1971.0,2,0,5,Gd,Gd,TA,No,0,Npfireplace,11040,80.0,20,RL,1Story,0,1,1,145000
6,1218,Somerst,2009,2009,5,1218,27,1218,0,2,676,Attchd,Fin,2009.0,2,0,4,Gd,Gd,Gd,No,0,Npfireplace,7862,75.0,20,FV,1Story,102,1,1,208300
5,1057,NAmes,1953,2007,7,1057,731,1057,0,1,246,Detchd,Unf,1953.0,1,0,5,Gd,TA,TA,No,0,Npfireplace,7922,68.0,20,RL,1Story,52,1,1,109000
5,1728,NAmes,1965,1965,5,1728,231,1728,0,2,576,Detchd,Unf,1987.0,2,0,10,TA,TA,TA,No,0,Npfireplace,13101,74.0,90,RL,1Story,0,1,1,142600
5,954,CollgCr,1976,1976,5,911,483,954,0,2,576,Detchd,Unf,1976.0,1,0,6,TA,TA,TA,Av,0,Npfireplace,10780,55.0,80,RL,SLvl,0,1,1,132500
7,2060,Gilbert,1999,1999,5,992,772,1022,1038,2,390,BuiltIn,RFn,1999.0,2,1,8,Gd,Gd,Gd,No,1,TA,8755,65.0,60,RL,2Story,0,1,1,214000
6,1412,Timber,1988,1988,5,1392,1005,1412,0,2,576,Attchd,Unf,1988.0,2,0,6,Gd,TA,Gd,Mn,1,TA,11457,130.0,20,RL,1Story,0,1,1,175000
7,2127,SawyerW,1991,1991,5,1104,48,912,1215,3,833,Attchd,RFn,1991.0,2,1,8,Gd,Gd,Ex,Mn,1,TA,13125,103.0,60,RL,2Story,192,1,1,238000
5,1190,NAmes,1962,1962,6,1106,803,1190,0,2,540,Attchd,Unf,1962.0,1,0,6,TA,TA,TA,Av,0,Npfireplace,7728,70.0,90,RL,SLvl,18,1,1,132500
3,1214,OldTown,1915,1950,4,672,0,694,520,3,936,Detchd,Unf,1998.0,1,0,6,TA,TA,TA,No,0,Npfireplace,10410,60.0,50,RL,1.5Fin,0,1,1,105000
7,1434,SawyerW,2001,2001,5,1454,20,1434,0,2,527,Attchd,RFn,2001.0,2,0,6,Gd,Gd,Gd,No,1,TA,8529,65.0,20,RL,1Story,39,1,1,189000
6,1484,Gilbert,2005,2005,5,742,0,742,742,2,390,Attchd,Fin,2005.0,2,1,8,Gd,Gd,Gd,No,1,Gd,12589,149.0,60,RL,2Story,24,1,1,174000
5,999,Sawyer,1962,2001,7,999,588,999,0,1,264,Detchd,Unf,1963.0,1,0,6,Gd,TA,TA,No,0,Npfireplace,7758,70.0,20,RL,1Story,132,1,1,132500
9,1620,Timber,2007,2008,5,1620,1022,1620,0,3,912,Attchd,Fin,2008.0,2,0,6,Ex,Gd,Ex,Gd,1,Ex,12898,89.0,20,RL,1Story,0,1,1,315500
6,1710,SawyerW,1993,1993,5,832,426,832,878,2,506,Attchd,RFn,1993.0,2,1,7,Gd,Gd,Gd,No,0,Npfireplace,9291,76.0,60,RL,2Story,70,1,1,187000
5,1383,Sawyer,1954,1954,5,1383,1064,1383,0,1,354,Attchd,Unf,1954.0,1,0,6,TA,TA,Gd,Mn,1,Gd,13284,70.0,20,RL,1Story,116,1,1,165000
6,1069,NPkVill,1977,1977,6,1069,559,1069,0,2,440,Attchd,RFn,1977.0,2,0,4,TA,TA,Gd,No,0,Npfireplace,4043,53.0,120,RL,1Story,55,1,1,140000
5,1060,Sawyer,1968,2001,8,1060,188,1060,0,1,270,Attchd,Unf,1968.0,1,0,6,Gd,TA,TA,Mn,1,TA,8246,70.0,20,RL,1Story,90,1,1,154000
5,938,CollgCr,1975,1980,6,938,280,938,0,1,308,Detchd,Unf,1977.0,1,0,5,TA,TA,Gd,Av,0,Npfireplace,9200,69.0,20,RL,1Story,0,1,1,130250
6,1229,Blueste,1980,1980,6,561,285,561,668,2,462,Attchd,Fin,1980.0,1,1,5,TA,TA,Gd,No,1,TA,1300,24.0,160,RM,2Story,0,1,1,124000
6,1224,Mitchel,1999,1999,5,1224,883,1224,0,2,402,Attchd,Fin,1999.0,2,0,5,TA,TA,Ex,No,0,Npfireplace,4500,75.5,120,RM,1Story,304,1,1,165000
6,2030,NWAmes,1976,1976,6,848,156,1118,912,2,551,Attchd,Fin,1976.0,2,1,8,Gd,TA,TA,No,1,TA,12046,80.0,60,RL,2Story,224,1,1,195000
4,845,Edwards,1957,1957,3,0,0,845,0,1,290,Detchd,Unf,1957.0,1,0,5,TA,TA,NoBasement,NoBasement,0,Npfireplace,11500,67.0,20,RL,1Story,0,1,0,84000
4,747,OldTown,1945,1950,6,747,0,747,0,1,220,Attchd,Unf,1945.0,1,0,4,TA,TA,TA,No,0,Npfireplace,4608,47.0,30,RM,1Story,0,1,1,80000
5,1098,NAmes,1955,1955,7,1098,902,1098,0,1,260,Attchd,Unf,1955.0,1,0,6,TA,TA,TA,No,0,Npfireplace,7390,73.0,20,RL,1Story,0,1,1,135000
5,1393,Edwards,1955,1955,7,816,0,872,521,1,300,Attchd,Unf,1955.0,1,1,8,TA,TA,TA,No,0,Npfireplace,16466,59.0,50,RL,1.5Fin,0,1,1,135500
6,2358,ClearCr,1908,1997,8,907,0,1307,1051,2,360,Detchd,Unf,1908.0,3,0,10,TA,TA,TA,No,1,Gd,45600,75.0,50,RL,1.5Fin,40,1,1,240000
5,1507,NAmes,1960,1960,5,1075,666,1507,0,1,404,Basment,Unf,1960.0,2,0,7,TA,TA,TA,No,0,Npfireplace,7910,70.0,80,RL,SLvl,0,1,1,127000
6,1732,SawyerW,1985,1985,5,741,0,977,755,2,476,Attchd,Fin,1985.0,2,1,7,Gd,Gd,Gd,No,1,TA,9206,77.0,60,RL,2Story,46,1,1,178000
6,1431,NAmes,1962,1962,5,1099,371,1431,0,1,296,Basment,RFn,1962.0,1,0,6,TA,TA,Gd,Gd,1,Gd,9150,101.0,80,RL,SLvl,110,1,1,165000
7,1872,NWAmes,1988,1988,5,1845,929,1872,0,2,604,Attchd,Fin,1988.0,2,0,6,TA,TA,Gd,Av,1,TA,10400,80.0,20,RL,1Story,39,1,1,241500
5,928,OldTown,1957,1957,6,928,308,928,0,1,288,Attchd,Fin,1957.0,1,0,5,TA,TA,TA,No,0,Npfireplace,6000,50.0,20,RM,1Story,0,1,1,112500
8,1911,SawyerW,1993,1994,5,777,380,1065,846,2,471,Attchd,RFn,1993.0,2,1,8,Gd,Gd,Gd,No,1,TA,9554,80.0,60,RL,2Story,81,1,1,215000
7,2329,SawyerW,1990,1990,5,1475,1085,1532,797,2,514,Attchd,Unf,1990.0,2,1,10,Gd,TA,Gd,No,1,Ex,11839,86.0,60,RL,2Story,121,1,1,262280
6,1445,NAmes,1964,1964,6,1127,564,1445,0,2,645,Attchd,RFn,1964.0,1,1,7,TA,TA,TA,Gd,1,Fa,12095,73.0,80,RL,SLvl,0,1,1,158000
8,2482,Timber,2005,2006,5,1094,0,1133,1349,3,642,BuiltIn,Fin,2005.0,2,1,9,Gd,Gd,Gd,Gd,1,Gd,12665,88.0,60,RL,2Story,39,1,1,281213
7,1339,Timber,1990,1990,5,1309,1053,1339,0,2,484,Attchd,Fin,1990.0,2,0,6,TA,TA,Gd,No,1,TA,8049,50.0,20,RL,1Story,58,1,1,180000
7,1692,Timber,2009,2009,5,846,0,846,846,2,650,Attchd,RFn,2009.0,2,1,6,Gd,TA,Ex,Av,0,Npfireplace,13159,83.0,60,RL,2Story,114,1,1,224500
6,1953,ClearCr,1992,1992,5,1580,985,1079,874,2,501,Attchd,Fin,1992.0,2,1,9,Gd,Gd,Gd,Av,2,Fa,53107,80.0,60,RL,2Story,231,1,1,240000
6,1660,Crawfor,1934,1995,7,715,326,849,811,1,240,Detchd,Unf,1939.0,1,1,6,TA,TA,TA,No,1,Gd,11988,74.0,70,RL,2Story,0,1,1,188700
8,1801,Gilbert,2005,2005,5,893,0,901,900,3,800,Attchd,Fin,2005.0,2,1,8,Gd,Gd,Gd,No,1,Gd,10463,72.0,60,RL,2Story,116,1,1,239900
8,1742,StoneBr,1985,1985,5,1742,1148,1742,0,2,564,Attchd,RFn,1985.0,2,0,5,Gd,Gd,Gd,Gd,1,TA,6563,63.0,120,RL,1Story,28,1,1,275000
5,1144,Edwards,1956,1956,6,1144,739,1144,0,1,596,Attchd,Unf,1956.0,1,0,6,TA,TA,TA,Av,0,Npfireplace,9571,68.0,20,RL,1Story,0,1,1,129000
7,1983,Gilbert,1999,1999,5,978,694,1005,978,2,490,Attchd,Fin,1999.0,2,1,9,Gd,Gd,Gd,No,1,TA,10762,65.0,60,RL,2Story,0,1,1,225000
5,1734,Mitchel,1977,1977,5,0,0,1302,432,2,539,Attchd,Unf,1977.0,2,0,8,Gd,TA,NoBasement,NoBasement,0,Npfireplace,10125,75.0,90,RL,1.5Fin,0,1,0,126000
6,1348,NAmes,1966,1966,5,660,512,660,688,2,453,Attchd,RFn,1966.0,1,1,6,TA,TA,TA,No,1,Fa,7590,69.0,60,RL,2Story,108,1,1,155000
7,1242,NWAmes,1973,1973,6,1242,916,1242,0,2,528,Attchd,Unf,1973.0,1,1,6,TA,TA,TA,No,1,TA,9600,80.0,20,RL,1Story,0,1,1,175500
6,848,CollgCr,2004,2004,5,848,662,848,0,2,420,Attchd,RFn,2004.0,1,0,3,Gd,Gd,Gd,Av,1,Gd,4438,69.0,120,RM,1Story,0,1,1,149000
6,1422,NWAmes,1981,1981,6,1422,588,1422,0,2,576,Attchd,Fin,1981.0,2,0,7,Gd,TA,Gd,No,1,TA,12090,78.0,20,RL,1Story,0,1,1,175500
5,1306,NAmes,1957,2000,7,992,860,1306,0,1,756,Detchd,Unf,1968.0,1,0,5,TA,TA,TA,Mn,0,Npfireplace,8712,64.0,20,RL,1Story,0,1,1,153000
4,988,MeadowV,1973,1973,5,462,462,526,462,1,297,BuiltIn,Unf,1973.0,1,0,5,TA,TA,Gd,Gd,0,Npfireplace,1596,21.0,180,RM,SLvl,101,1,1,91000
4,2290,OldTown,1885,1950,6,777,0,1246,1044,2,560,Detchd,Unf,1971.0,2,0,11,TA,TA,TA,No,0,Npfireplace,11340,60.0,190,RM,2Story,0,1,1,122500
4,1229,Edwards,1956,1956,6,1134,1059,1229,0,1,284,Attchd,RFn,1956.0,1,0,6,TA,TA,TA,No,0,Npfireplace,17140,67.0,20,RL,1Story,0,1,1,135000
5,1601,Sawyer,1958,1987,6,533,0,1021,580,1,300,BuiltIn,RFn,1958.0,1,0,6,TA,TA,TA,No,0,Npfireplace,13825,85.0,80,RL,SLvl,34,1,1,140000
6,987,BrDale,1972,1972,5,483,0,483,504,1,288,Attchd,Unf,1972.0,1,1,5,TA,TA,TA,No,1,Po,1680,21.0,160,RM,2Story,0,1,1,94500
6,1602,NWAmes,1977,2000,7,1602,1246,1602,0,2,529,Attchd,Fin,1977.0,2,0,8,Gd,Gd,Gd,No,1,TA,16635,80.0,20,RL,1Story,0,1,1,215000
6,1689,Edwards,1956,1956,5,1436,0,1689,0,2,480,Attchd,Unf,1956.0,1,0,7,TA,TA,TA,No,1,Gd,9855,73.0,20,RL,1Story,0,1,1,127500
6,1196,NAmes,1956,1956,5,1196,616,1196,0,1,297,Attchd,RFn,1956.0,1,0,6,TA,TA,Gd,No,1,Gd,9000,72.0,20,RL,1Story,44,1,1,139000
5,894,CollgCr,1972,1972,5,894,777,894,0,2,600,Detchd,RFn,1985.0,1,0,6,TA,TA,TA,Av,0,Npfireplace,7200,60.0,20,RL,1Story,0,1,1,123000
6,2158,Edwards,1950,2001,7,1202,477,2158,0,2,576,Attchd,Unf,1950.0,2,0,7,Gd,TA,TA,Av,1,Gd,12615,84.0,20,RL,1Story,29,1,1,243000
5,1120,Mitchel,2007,2007,5,1120,206,1120,0,0,0,NoGarage,NoGarage,0.0,1,0,6,TA,TA,Gd,No,0,Npfireplace,8402,70.0,20,RL,1Story,30,0,1,147000
8,1234,CollgCr,2007,2007,5,1234,0,1234,0,2,484,Attchd,RFn,2007.0,2,0,7,Gd,Gd,Ex,Av,0,Npfireplace,11049,85.0,20,RL,1Story,30,1,1,179900
6,2060,ClearCr,1988,1989,5,1151,831,1164,896,2,521,Attchd,Unf,1988.0,2,1,8,TA,Gd,Gd,No,1,TA,10029,97.0,60,RL,2Story,228,1,1,211000
5,1750,OldTown,1880,1991,6,636,0,1089,661,1,240,Detchd,Unf,1937.0,1,0,8,Ex,TA,Fa,No,0,Npfireplace,9000,50.0,70,RM,2Story,0,1,1,124000
5,1114,SawyerW,2004,2004,5,1114,646,1114,0,2,576,Detchd,Unf,2004.0,1,1,6,Gd,TA,TA,No,0,Npfireplace,13695,66.0,20,RL,1Story,102,1,1,159000
8,2217,NAmes,1970,1970,6,2217,351,2217,0,2,621,Attchd,Unf,1970.0,2,0,8,Gd,Gd,TA,Gd,1,TA,15865,95.0,20,RL,1Story,207,1,1,268000
6,1395,NWAmes,1972,1972,6,723,593,735,660,2,497,Attchd,Unf,1972.0,1,1,6,TA,TA,TA,No,1,TA,12936,80.0,60,RL,2Story,116,1,1,162000
5,1803,Sawyer,1957,2000,4,1134,168,1803,0,2,484,Attchd,RFn,1957.0,2,0,8,TA,TA,TA,No,1,TA,13125,88.0,20,RL,1Story,0,1,1,155000
6,1218,BrDale,1972,1972,7,672,317,672,546,1,264,Detchd,Unf,1972.0,1,1,7,TA,TA,TA,No,0,Npfireplace,1680,21.0,160,RM,2Story,28,1,1,118000
10,2007,Somerst,2008,2008,5,1017,765,1026,981,3,812,Attchd,Fin,2008.0,2,1,10,Ex,Ex,Ex,Av,1,Ex,11003,85.0,60,FV,2Story,52,1,1,310000
3,1040,NAmes,1949,1950,4,0,0,1040,0,2,400,Detchd,Unf,1949.0,2,0,6,TA,TA,NoBasement,NoBasement,0,Npfireplace,8544,73.0,90,RL,1Story,0,1,0,87500
5,1110,Mitchel,1978,1978,6,1097,1097,1110,0,2,602,Attchd,Fin,1978.0,1,0,4,Gd,TA,Gd,Av,1,TA,9101,75.5,85,RL,SFoyer,30,1,1,165500
7,1208,CollgCr,2006,2006,5,1187,686,1208,0,2,632,Attchd,RFn,2006.0,2,0,6,Gd,Gd,Gd,Av,0,Npfireplace,6762,64.0,20,RL,1Story,61,1,1,206000
5,899,Sawyer,1967,2004,7,864,450,899,0,1,288,Attchd,Fin,1967.0,1,0,5,Gd,TA,TA,No,0,Npfireplace,7800,65.0,20,RL,1Story,0,1,1,130000
6,1593,Gilbert,1992,1993,5,808,0,808,785,2,389,BuiltIn,RFn,1993.0,2,1,7,TA,TA,Gd,No,1,TA,9636,65.0,60,RL,2Story,40,1,1,178000
6,848,CollgCr,2003,2003,5,848,659,848,0,2,420,Attchd,Fin,2003.0,1,0,3,Gd,Gd,Gd,Av,0,Npfireplace,4435,36.0,120,RM,1Story,0,1,1,131500
7,1402,Blmngtn,2006,2007,5,1258,0,1402,0,3,648,Attchd,Fin,2006.0,0,2,7,Gd,Gd,Ex,Av,1,Gd,3922,53.0,120,RL,1Story,16,1,1,194201
6,752,SawyerW,1984,1984,5,744,623,752,0,1,264,Attchd,Unf,1984.0,1,0,4,TA,TA,Gd,No,0,Npfireplace,7175,50.0,120,RL,1Story,0,1,1,125000
5,1111,IDOTRR,1920,1996,7,530,0,581,530,1,288,Detchd,Unf,1935.0,1,0,6,Fa,TA,TA,No,0,Npfireplace,7200,60.0,75,RM,2.5Unf,0,1,1,101000
5,894,Sawyer,1968,1968,5,894,492,894,0,2,450,Attchd,Fin,1968.0,1,0,5,TA,TA,Gd,No,1,Po,8724,109.0,20,RL,1Story,0,1,1,129000
6,1138,NAmes,1958,1958,8,588,507,1138,0,1,264,Attchd,RFn,1958.0,1,0,6,TA,TA,TA,Av,0,Npfireplace,10482,65.0,80,RL,SLvl,0,1,1,145000
6,1632,NAmes,1958,1988,6,1240,620,1632,0,1,338,Attchd,RFn,1958.0,2,0,6,TA,TA,TA,No,1,Gd,9600,80.0,20,RL,1Story,0,1,1,139000
6,1406,IDOTRR,1920,1950,7,319,0,1035,371,0,0,NoGarage,NoGarage,0.0,1,0,6,Fa,TA,TA,No,0,Npfireplace,7920,60.0,50,RM,1.5Fin,144,0,1,89500
6,2345,Crawfor,1932,1950,8,952,503,1170,1175,2,360,Detchd,Unf,1932.0,2,1,9,TA,TA,Gd,No,1,Gd,16560,80.0,70,RL,2Story,0,1,1,239000
4,882,OldTown,1956,1956,6,882,0,882,0,0,0,NoGarage,NoGarage,0.0,1,0,4,TA,TA,TA,No,0,Npfireplace,5500,55.0,45,RL,1.5Unf,0,0,1,103200
8,2610,Somerst,2007,2007,5,1184,64,1184,1426,2,550,BuiltIn,Fin,2007.0,2,1,11,Ex,Gd,Gd,Av,1,Gd,9000,75.0,60,FV,2Story,364,1,1,303477
10,3627,NoRidge,1995,1996,5,1930,1387,1831,1796,3,807,Attchd,Fin,1995.0,3,1,10,Gd,Gd,Ex,Gd,1,TA,35760,118.0,60,RL,2Story,76,1,1,625000
5,864,NAmes,1950,2002,8,864,398,864,0,2,720,Detchd,RFn,1980.0,1,0,5,Gd,TA,TA,No,0,Npfireplace,7200,60.0,20,RL,1Story,0,1,1,129000
8,1247,Somerst,2005,2005,5,1247,1039,1247,0,2,550,Attchd,Fin,2005.0,1,1,4,Gd,Gd,Gd,No,1,Gd,3316,37.0,120,FV,1Story,84,1,1,197000
4,1374,OldTown,1920,1950,6,840,315,840,534,1,338,Detchd,Fin,1967.0,1,0,6,TA,Fa,TA,No,0,Npfireplace,5400,90.0,50,RL,1.5Fin,0,1,1,105000
6,1198,OldTown,1920,1998,7,901,0,1088,110,0,0,NoGarage,NoGarage,0.0,1,0,7,TA,TA,TA,No,0,Npfireplace,5586,60.0,50,RM,1.5Fin,98,0,1,79900
6,848,CollgCr,2004,2004,5,848,662,848,0,2,420,Attchd,RFn,2004.0,1,0,3,Gd,Gd,Gd,Av,0,Npfireplace,4426,69.0,120,RM,1Story,0,1,1,143000
7,2022,ClearCr,1977,1977,5,1160,392,1156,866,2,505,Attchd,Fin,1977.0,2,1,8,TA,TA,Gd,No,1,TA,10005,83.0,60,RL,2Story,117,1,1,192000
7,1954,Crawfor,1939,2006,9,798,341,1137,817,2,431,Attchd,Unf,1939.0,1,1,8,Gd,Gd,TA,No,2,TA,15660,66.0,50,RL,1.5Fin,119,1,1,311500
7,1555,Blmngtn,2007,2007,5,1373,0,1555,0,3,660,Attchd,Fin,2007.0,2,0,7,Gd,Gd,Gd,No,1,TA,3684,53.0,120,RL,1Story,20,1,1,174000
7,2046,NridgHt,2003,2004,5,998,866,1006,1040,3,871,BuiltIn,RFn,2003.0,2,1,8,Gd,Gd,Gd,No,1,Gd,10625,85.0,60,RL,2Story,62,1,1,284000
5,1148,Edwards,1952,1952,7,980,210,1148,0,1,308,Detchd,Unf,1952.0,1,0,6,TA,TA,Ex,Mn,0,Npfireplace,6420,57.0,20,RL,1Story,0,1,1,123500
5,1287,NAmes,1959,2006,7,1063,72,1287,0,2,576,Detchd,Fin,1997.0,1,0,7,Gd,TA,TA,No,1,Gd,9830,73.0,20,RL,1Story,17,1,1,162000
8,2794,NoRidge,1995,1996,5,1462,689,1490,1304,3,810,Attchd,Fin,1995.0,2,1,9,Ex,Gd,Gd,No,1,TA,15138,174.0,60,RL,2Story,146,1,1,403000
6,1743,NWAmes,1968,1968,6,702,384,1041,702,2,539,Attchd,Unf,1968.0,1,2,7,TA,Gd,TA,No,1,Gd,11700,90.0,60,RL,2Story,0,1,1,175000
5,1126,Mitchel,1977,1977,5,1126,936,1126,0,2,484,Attchd,RFn,1977.0,2,0,5,TA,TA,TA,No,1,Gd,17400,80.0,20,RL,1Story,41,1,1,160000
5,3086,ClearCr,1946,1994,6,1598,152,1636,971,0,0,NoGarage,NoGarage,0.0,3,0,12,Ex,TA,TA,No,1,Gd,18030,138.0,50,RL,1.5Fin,0,0,1,200500
5,1097,CollgCr,1994,1995,5,1097,0,1097,0,2,672,Attchd,Unf,1995.0,1,1,6,TA,TA,Gd,No,0,Npfireplace,10859,112.0,20,RL,1Story,64,1,1,145000
8,1518,NridgHt,2003,2004,5,1518,1218,1518,0,2,588,Attchd,RFn,2003.0,1,1,6,Ex,Ex,Ex,Gd,1,Gd,12677,62.0,120,RL,1Story,140,1,1,274000
5,1200,Edwards,1987,1988,5,1200,1200,1200,0,0,0,NoGarage,NoGarage,0.0,3,0,5,TA,TA,Gd,Gd,0,Npfireplace,10800,60.0,90,RL,1Story,0,0,1,179000
6,1072,Edwards,2005,2006,5,547,547,1072,0,2,525,Basment,Fin,2005.0,2,0,5,TA,TA,Gd,Gd,0,Npfireplace,3675,35.0,180,RM,SFoyer,44,1,1,140000
5,1728,Mitchel,1976,1976,5,1728,1606,1728,0,2,560,Detchd,Unf,1976.0,2,0,8,TA,TA,TA,No,0,Npfireplace,9297,63.0,90,RL,1Story,0,1,1,188000
8,1936,Gilbert,2000,2000,5,1406,0,1454,482,2,504,Attchd,RFn,2000.0,2,1,7,Gd,Gd,Gd,No,1,TA,11194,106.0,60,RL,2Story,124,1,1,230500
6,838,BrkSide,1918,2000,7,816,210,838,0,1,275,Detchd,Fin,1961.0,1,0,5,Fa,TA,TA,Mn,0,Npfireplace,10267,55.0,30,RL,1Story,0,1,1,130000
7,1710,OldTown,1921,1950,6,576,0,902,808,2,480,Detchd,Unf,1990.0,2,0,9,TA,TA,TA,No,0,Npfireplace,10300,50.0,70,RM,2Story,11,1,1,140000
6,1412,BrkSide,1939,1950,6,780,0,825,587,1,280,Detchd,Unf,1939.0,1,0,6,TA,TA,TA,No,1,Gd,6000,50.0,50,RM,1.5Fin,0,1,1,132500
8,1630,CollgCr,2008,2008,5,1622,0,1630,0,3,860,Attchd,RFn,2008.0,2,0,8,Ex,Gd,Ex,Gd,1,Gd,10226,61.0,20,RL,1Story,42,1,1,295493
7,1716,CollgCr,1996,1996,5,880,0,909,807,2,512,Attchd,RFn,1996.0,2,1,7,Gd,Gd,Gd,No,1,TA,8750,70.0,60,RL,2Story,120,1,1,191000
8,2290,CollgCr,2002,2002,5,1128,0,1149,1141,2,779,Attchd,Unf,2002.0,2,1,9,Gd,Gd,Gd,Mn,1,Gd,11250,69.0,60,RL,2Story,0,1,1,255900
4,1092,MeadowV,1970,1970,5,546,0,546,546,1,286,Attchd,Unf,1970.0,1,1,6,TA,TA,TA,No,0,Npfireplace,2001,21.0,160,RM,2Story,0,1,1,75000
7,1498,CollgCr,2006,2006,5,1498,0,1498,0,2,675,Attchd,RFn,2006.0,2,0,5,Gd,Gd,Gd,Mn,0,Npfireplace,8990,73.0,20,RL,1Story,33,1,1,204900
7,2094,Somerst,2003,2004,5,912,0,912,1182,2,615,BuiltIn,Fin,2003.0,2,1,8,Gd,Gd,Gd,No,1,Gd,9375,75.0,60,FV,2Story,182,1,1,263000
8,3447,Crawfor,1935,1997,9,728,192,1968,1479,3,1014,BuiltIn,Unf,1982.0,3,1,11,Gd,TA,TA,Mn,2,Gd,14100,66.0,50,RL,1.5Fin,12,1,1,381000
8,1872,CollgCr,2001,2001,5,1299,990,1299,573,2,531,BuiltIn,RFn,2001.0,2,1,7,Ex,Gd,Gd,Av,1,TA,11885,69.0,60,RL,2Story,122,1,1,261500
10,4316,NoRidge,1994,1995,6,2444,1455,2444,1872,3,832,Attchd,Fin,1994.0,3,1,10,Ex,Ex,Ex,Gd,2,Ex,21535,104.0,60,RL,2Story,50,1,1,755000
7,1644,SawyerW,1989,1989,5,1518,1518,1644,0,2,569,Attchd,Fin,1989.0,2,0,5,Gd,Gd,Gd,Gd,1,TA,12800,68.0,80,RL,SLvl,0,1,1,275000
6,848,CollgCr,2003,2003,5,848,686,848,0,2,420,Attchd,Fin,2003.0,1,0,3,Gd,Gd,Gd,Av,0,Npfireplace,4435,37.0,120,RM,1Story,0,1,1,136500
6,912,Sawyer,1961,1996,8,912,832,912,0,1,288,Detchd,Unf,1962.0,1,0,5,Gd,TA,TA,Mn,0,Npfireplace,6768,65.0,20,RL,1Story,0,1,1,142000
7,1479,NAmes,1972,2004,9,725,626,725,754,2,484,Attchd,Fin,1972.0,1,1,7,Gd,TA,TA,No,0,Npfireplace,7472,73.0,60,RL,2Story,32,1,1,184000
4,1470,Edwards,1954,1972,6,941,0,997,473,1,548,Detchd,Unf,1958.0,2,0,7,TA,TA,TA,No,0,Npfireplace,8172,60.0,50,RL,1.5Fin,0,1,1,135000
6,1316,Gilbert,2005,2006,5,1316,28,1316,0,2,397,Attchd,Fin,2005.0,2,0,6,Gd,Gd,Gd,No,1,Gd,10237,65.0,20,RL,1Story,0,1,1,169990
6,1309,NWAmes,1974,1999,6,1040,663,1309,0,2,484,Attchd,RFn,1974.0,1,1,5,Gd,TA,TA,No,1,Fa,10140,78.0,20,RL,1Story,0,1,1,181000
4,1663,ClearCr,1954,1994,6,1364,1116,1663,0,2,529,Attchd,Fin,1954.0,1,0,6,Gd,TA,Gd,Gd,2,Gd,53227,80.0,20,RL,1Story,137,1,1,256000
6,864,NAmes,1959,1959,6,864,612,864,0,1,300,Detchd,Unf,2008.0,1,0,5,TA,TA,TA,No,0,Npfireplace,9100,70.0,20,RL,1Story,0,1,1,127500
6,1682,CollgCr,1998,1998,5,804,505,804,878,2,523,Attchd,RFn,1998.0,2,1,7,Gd,TA,Gd,No,0,Npfireplace,8750,70.0,60,RL,2Story,77,1,1,200500
6,1635,BrkSide,1923,1950,7,1065,300,915,720,2,440,Detchd,Unf,1950.0,1,1,6,TA,TA,Gd,No,1,Gd,8737,70.0,50,RL,1.5Fin,38,1,1,210000
5,1034,OldTown,1940,1950,6,735,0,735,299,1,240,Detchd,Unf,1940.0,1,0,5,TA,TA,TA,No,0,Npfireplace,10134,60.0,50,RL,1.5Fin,39,1,1,109000
7,1428,Somerst,2008,2008,5,1417,0,1428,0,2,554,Attchd,RFn,2008.0,2,0,6,Ex,Gd,Gd,No,0,Npfireplace,12274,91.0,20,RL,1Story,60,1,1,227680
8,2046,StoneBr,2008,2008,5,2046,0,2046,0,3,834,Attchd,Fin,2008.0,2,1,7,Gd,Gd,Ex,Mn,1,Gd,11844,80.0,20,RL,1Story,82,1,1,372500
4,1317,IDOTRR,1920,1950,4,649,0,649,668,1,250,Detchd,Unf,1920.0,1,0,6,TA,TA,TA,No,0,Npfireplace,8500,50.0,70,C (all),2Story,54,1,1,40000
8,1739,Somerst,1999,2000,5,970,649,983,756,2,480,Attchd,Fin,1999.0,2,1,7,Gd,Gd,Gd,No,0,Npfireplace,2645,24.0,160,FV,2Story,0,1,1,172500
8,2365,NoRidge,1999,1999,5,1252,1163,1268,1097,3,856,Attchd,RFn,1999.0,2,1,8,Gd,Gd,Gd,Mn,1,Gd,9430,82.0,60,RL,2Story,128,1,1,337000
8,1932,NridgHt,2008,2008,5,1932,1336,1932,0,3,774,Attchd,Fin,2008.0,2,0,7,Ex,Ex,Ex,Av,1,Gd,12444,96.0,20,RL,1Story,66,1,1,394617
5,923,Mitchel,1984,1985,5,876,658,923,0,1,264,Attchd,Unf,1984.0,1,0,5,TA,TA,TA,No,0,Npfireplace,6951,37.0,20,RL,1Story,0,1,1,119500
5,1256,Edwards,1965,1965,6,1256,830,1256,0,1,276,Attchd,Fin,1965.0,1,1,6,TA,Gd,TA,No,0,Npfireplace,9937,75.0,20,RL,1Story,68,1,1,147500
7,1146,Timber,2003,2003,5,868,786,1146,0,2,438,Attchd,Fin,2003.0,2,0,6,Gd,Gd,Ex,Av,1,Gd,9590,73.0,80,RL,SLvl,22,1,1,187500
5,1015,BrkSide,1925,1950,7,768,489,1015,0,1,450,Detchd,Unf,1925.0,1,0,6,TA,TA,TA,No,0,Npfireplace,6120,51.0,30,RM,1Story,0,1,1,88000
7,1344,Mitchel,1997,1998,5,1344,1309,1344,0,4,784,Attchd,Fin,1997.0,2,0,8,TA,TA,Gd,Gd,0,Npfireplace,7060,78.0,90,RM,SFoyer,0,1,1,206300
6,832,NAmes,1954,1954,6,832,0,832,0,2,528,Detchd,Unf,1962.0,1,0,4,Gd,TA,TA,No,0,Npfireplace,7227,59.0,45,RL,1.5Unf,0,1,1,105500
5,914,CollgCr,1996,1996,5,870,298,914,0,2,576,Detchd,Unf,1998.0,1,0,5,TA,Gd,Gd,Av,0,Npfireplace,8846,57.0,85,RL,SFoyer,0,1,1,148000
5,1028,OldTown,1927,1950,6,1008,0,1028,0,2,360,Detchd,Unf,1927.0,1,0,5,TA,TA,TA,No,1,Gd,8960,56.0,30,RM,1Story,0,1,1,115000
7,1630,CollgCr,2000,2001,5,1630,0,1630,0,2,451,Attchd,Unf,2000.0,2,0,6,Gd,Gd,Gd,No,1,TA,9750,75.0,20,RL,1Story,234,1,1,213000
3,1605,OldTown,1915,1950,6,840,0,840,765,1,379,Detchd,Unf,1915.0,2,0,8,TA,Gd,Fa,No,0,Npfireplace,5790,60.0,50,RM,2Story,0,1,1,107400
5,768,CollgCr,1972,2003,8,768,660,768,0,1,396,Detchd,Fin,1974.0,1,0,5,TA,TA,Gd,Av,0,Npfireplace,7200,60.0,85,RL,SFoyer,0,1,1,133900
7,1790,CollgCr,1999,1999,5,873,633,882,908,2,588,Attchd,RFn,1999.0,2,1,7,Gd,Gd,Gd,No,0,Npfireplace,9179,68.0,60,RL,2Story,88,1,1,193000
4,1196,IDOTRR,1916,1990,7,1196,197,1196,0,2,440,Detchd,Unf,1957.0,1,0,5,TA,TA,TA,No,0,Npfireplace,4800,40.0,30,RM,1Story,0,1,1,109900
5,1073,NAmes,1965,1965,7,1073,836,1073,0,2,515,Attchd,RFn,1965.0,1,1,6,TA,TA,TA,No,0,Npfireplace,10289,79.0,20,RL,1Story,0,1,1,156000
5,1167,BrkSide,1920,1950,5,915,645,1167,0,2,495,Detchd,Unf,1972.0,1,0,6,TA,TA,TA,No,1,Gd,8731,98.0,30,RL,1Story,0,1,1,144000
7,1768,Somerst,2005,2005,5,866,400,866,902,2,603,Attchd,RFn,2005.0,2,1,7,Gd,Gd,Gd,No,0,Npfireplace,9803,75.0,60,FV,2Story,108,1,1,226700
7,1560,Mitchel,2003,2003,5,1560,0,1560,0,2,573,Attchd,Fin,2003.0,2,0,7,Gd,Gd,Ex,No,0,Npfireplace,9196,129.0,20,RL,1Story,150,1,1,201000
5,2126,ClearCr,1967,1967,5,1013,249,1160,966,2,538,Attchd,Fin,1967.0,2,1,7,TA,TA,TA,Gd,0,Npfireplace,28698,80.0,60,RL,2Story,0,1,1,185000
4,951,IDOTRR,1936,1950,6,951,285,951,0,1,327,Detchd,Unf,1936.0,1,0,6,TA,TA,TA,No,0,Npfireplace,8765,50.0,30,RM,1Story,28,1,1,106500
5,1268,CollgCr,1977,1989,7,1268,196,1268,0,1,252,Detchd,Unf,1978.0,1,1,5,Gd,TA,Gd,Av,0,Npfireplace,9286,69.0,20,RL,1Story,0,1,1,143500
6,1456,NPkVill,1976,1976,6,855,566,855,601,2,440,Attchd,Unf,1976.0,2,1,7,TA,TA,Gd,No,1,TA,2280,24.0,160,RL,2Story,0,1,1,148500
7,1482,Gilbert,1992,1992,5,384,0,812,670,2,392,Attchd,Fin,1992.0,2,1,7,Gd,TA,Gd,No,1,TA,9125,65.0,80,RL,SLvl,25,1,1,163900
7,1478,Somerst,2009,2009,5,1470,578,1478,0,2,484,Attchd,Fin,2009.0,2,1,7,Gd,Ex,Ex,Av,1,Gd,4403,72.0,20,FV,1Story,144,1,1,222000
9,1828,NridgHt,2007,2007,5,1822,48,1828,0,3,774,Attchd,Unf,2007.0,2,0,9,Gd,Ex,Ex,Av,1,Gd,11694,90.0,20,RL,1Story,108,1,1,314813
6,1062,Mitchel,1976,1976,5,1029,539,1062,0,2,539,Attchd,RFn,1976.0,1,0,5,TA,TA,Gd,Av,2,TA,11333,75.5,80,RL,SLvl,0,1,1,146800
4,1225,NAmes,1959,1959,5,950,569,1225,0,0,0,NoGarage,NoGarage,0.0,1,1,6,TA,TA,TA,No,0,Npfireplace,9320,77.0,20,RL,1Story,0,0,1,128950
6,2320,Crawfor,1945,2002,8,1028,774,1436,884,1,180,Detchd,Unf,1945.0,2,1,9,Gd,TA,TA,No,1,TA,7259,61.0,70,RL,2Story,0,1,1,259500
5,1134,Edwards,1940,1950,6,756,312,756,378,1,240,Detchd,Unf,1940.0,1,1,7,TA,TA,TA,No,0,Npfireplace,8160,60.0,50,RL,1.5Fin,0,1,1,126000
7,1500,CollgCr,2004,2004,5,1500,20,1500,0,2,570,Attchd,RFn,2004.0,2,0,6,Gd,Gd,Gd,Av,0,Npfireplace,8487,63.0,20,RL,1Story,36,1,1,190000
6,996,SawyerW,1992,1992,6,936,747,996,0,2,564,Attchd,Unf,1992.0,1,0,5,Gd,TA,Gd,Av,0,Npfireplace,9069,73.0,85,RL,SFoyer,0,1,1,147000
7,1200,Somerst,2004,2005,5,600,0,600,600,2,480,Detchd,RFn,2004.0,2,1,4,Gd,Gd,Gd,No,0,Npfireplace,3182,30.0,160,FV,2Story,172,1,1,151000
7,2019,BrkSide,1910,1993,8,728,0,1136,883,2,532,Detchd,Unf,1997.0,1,0,8,Gd,TA,Gd,No,0,Npfireplace,11414,60.0,70,RL,2Story,135,1,1,167500
7,1840,CollgCr,2001,2001,5,944,666,944,896,2,622,Attchd,RFn,2001.0,2,1,6,Gd,Gd,Gd,No,0,Npfireplace,12420,79.0,60,RL,2Story,45,1,1,230000
5,892,NAmes,1966,1966,5,864,340,892,0,1,264,Attchd,RFn,1966.0,1,0,5,TA,TA,TA,No,0,Npfireplace,9477,73.0,20,RL,1Story,0,1,1,110000
6,1686,NWAmes,1980,1980,6,1686,625,1686,0,2,612,Attchd,Unf,1980.0,2,0,7,TA,TA,Gd,No,1,TA,10240,79.0,20,RL,1Story,131,1,1,207500
5,1040,CollgCr,1996,1996,5,1040,732,1040,0,2,576,Detchd,Unf,2000.0,1,0,6,Gd,TA,Gd,No,0,Npfireplace,12464,82.0,20,RL,1Story,0,1,1,152000
5,1155,Sawyer,1961,1995,7,1109,899,1155,0,2,576,Detchd,Unf,1987.0,1,0,6,Gd,TA,TA,Av,0,Npfireplace,11782,88.0,85,RL,SFoyer,0,1,1,148000
5,1513,BrkSide,1920,2004,8,939,0,939,574,1,180,Detchd,Unf,1933.0,1,1,8,TA,TA,TA,Mn,0,Npfireplace,6120,51.0,70,RM,2Story,0,1,1,137500
5,1964,SWISU,1911,1950,6,940,0,1024,940,0,0,NoGarage,NoGarage,0.0,1,1,7,TA,TA,TA,Av,0,Npfireplace,8525,55.0,70,RH,2Story,192,0,1,130000
8,1919,CollgCr,2006,2006,5,1079,0,1079,840,2,685,Attchd,RFn,2006.0,2,1,8,Gd,Gd,Gd,Av,1,Gd,15611,120.0,60,RL,2Story,51,1,1,233230
4,990,CollgCr,1994,1995,5,990,588,990,0,0,0,NoGarage,NoGarage,0.0,1,0,5,TA,TA,Gd,No,0,Npfireplace,8070,60.0,20,RL,1Story,0,0,1,123600
8,1456,Blmngtn,2003,2003,5,1273,0,1456,0,2,400,Attchd,Fin,2003.0,2,0,7,Gd,Gd,Gd,Gd,1,TA,3196,43.0,120,RL,1Story,20,1,1,215000
7,1616,Somerst,2005,2005,5,1616,0,1616,0,3,834,Attchd,RFn,2005.0,2,0,7,Gd,Gd,Gd,Av,0,Npfireplace,8688,73.0,20,RL,1Story,59,1,1,232000
5,1812,OldTown,1900,1996,9,360,0,1032,780,2,672,Detchd,Unf,1999.0,2,0,8,Gd,TA,Gd,No,1,Po,7630,76.0,190,RM,2Story,0,1,1,140000
5,1008,NAmes,1953,2006,7,1008,643,1008,0,1,240,Attchd,Unf,1953.0,1,0,6,Gd,TA,TA,No,0,Npfireplace,8923,66.0,20,RL,1Story,18,1,1,134500
5,1687,Timber,1948,1950,5,747,353,1687,0,2,572,Detchd,Unf,1966.0,1,0,7,TA,TA,TA,Av,2,TA,57200,72.0,20,RL,1Story,0,1,1,160000
5,894,Sawyer,1974,1974,5,864,762,894,0,2,440,Attchd,Unf,1974.0,1,0,5,TA,TA,TA,No,1,Fa,13350,100.0,20,RL,1Story,0,1,1,142500
7,1654,CollgCr,2002,2002,5,1654,986,1654,0,3,900,Attchd,Unf,2002.0,2,0,6,Gd,Gd,Gd,No,0,Npfireplace,8125,69.0,20,RL,1Story,136,1,1,230000
6,1811,Crawfor,1956,2004,7,1073,296,1811,0,2,470,Attchd,Fin,1956.0,1,0,6,Ex,TA,TA,No,1,Gd,14115,90.0,20,RL,1Story,0,1,1,230000
5,1126,NWAmes,1977,1977,6,1126,767,1126,0,2,540,Attchd,RFn,1977.0,2,0,6,Ex,TA,Gd,Av,0,Npfireplace,15611,80.0,20,RL,1Story,0,1,1,175000
5,1392,Sawyer,1957,1996,6,1392,1302,1392,0,2,528,Detchd,Unf,1957.0,1,1,5,TA,TA,Gd,No,1,Gd,11341,70.0,20,RL,1Story,0,1,1,121500
6,1792,Gilbert,2000,2000,5,936,0,962,830,2,451,Attchd,Fin,2000.0,2,1,8,TA,TA,Gd,No,1,TA,10261,93.0,60,RL,2Story,0,1,1,186500
5,864,CollgCr,1972,1972,7,864,360,864,0,1,288,Attchd,RFn,1972.0,1,0,5,TA,TA,TA,Mn,0,Npfireplace,9560,120.0,20,RL,1Story,0,1,1,128500
4,1192,NAmes,1949,1950,4,720,0,720,472,0,0,NoGarage,NoGarage,0.0,1,1,6,TA,TA,TA,No,0,Npfireplace,10800,60.0,50,RL,1.5Fin,0,0,1,135000
9,1684,NridgHt,2005,2005,5,1684,28,1684,0,2,564,Attchd,RFn,2005.0,2,0,6,Ex,Ex,Ex,No,1,Ex,8849,63.0,120,RL,1Story,72,1,1,266000
8,1624,NoRidge,1994,1995,5,1624,1456,1624,0,3,757,Attchd,RFn,1994.0,2,0,5,Gd,Gd,Gd,No,1,Fa,12461,89.0,20,RL,1Story,114,1,1,262000
8,2132,SawyerW,1983,2009,8,1496,1441,1496,636,2,612,BuiltIn,Fin,1983.0,1,1,5,Gd,Gd,Gd,Gd,1,Gd,12327,79.0,50,RL,1.5Fin,40,1,1,316600
5,2274,NAmes,1960,1960,5,1105,443,1105,1169,2,480,Detchd,Unf,1960.0,2,0,12,TA,TA,TA,No,0,Npfireplace,11600,80.0,90,RL,2Story,0,1,1,154300
5,924,NAmes,1949,2006,7,672,0,672,252,2,576,Detchd,Unf,2003.0,1,0,6,TA,TA,TA,Mn,1,Po,8064,60.0,50,RL,1.5Fin,0,1,1,122900
6,1382,NAmes,1962,1962,5,1362,672,1382,0,2,884,Attchd,Unf,1991.0,1,0,6,TA,TA,TA,Gd,1,TA,19296,120.0,80,RL,SLvl,0,1,1,176000
5,902,Mitchel,1983,1983,5,864,301,902,0,2,484,Attchd,Unf,1983.0,1,0,5,TA,TA,Gd,Av,0,Npfireplace,8885,75.5,20,RL,1Story,0,1,1,131000
7,1484,CollgCr,2004,2005,5,1473,712,1484,0,2,606,Attchd,RFn,2004.0,2,0,7,Gd,Gd,Gd,Av,0,Npfireplace,8400,70.0,20,RL,1Story,35,1,1,213000
7,2062,SawyerW,1988,1989,5,1157,1065,1180,882,2,454,Attchd,Fin,1988.0,2,1,7,TA,Gd,Gd,Gd,1,Gd,14364,68.0,60,RL,2Story,55,1,1,277000
6,1072,Edwards,2005,2005,5,547,459,1072,0,2,525,Basment,RFn,2005.0,1,0,5,TA,TA,Gd,Gd,0,Npfireplace,3675,35.0,180,RM,SLvl,28,1,1,148000
5,1656,NWAmes,1973,1973,5,1656,0,1656,0,2,506,Detchd,Unf,1973.0,2,0,8,TA,TA,TA,No,0,Npfireplace,9246,87.0,90,RL,1Story,211,1,1,135000
6,1216,Mitchel,1998,1998,5,1216,897,1216,0,2,402,Attchd,Unf,1998.0,2,0,5,TA,TA,Ex,No,0,Npfireplace,4500,32.0,120,RM,1Story,125,1,1,164000
8,1694,NridgHt,2007,2007,5,1694,0,1694,0,3,818,Attchd,Fin,2007.0,2,0,7,Gd,Ex,Ex,No,0,Npfireplace,12030,93.0,20,RL,1Story,228,1,1,318000
10,2945,StoneBr,2006,2006,5,1410,0,1426,1519,3,641,BuiltIn,Fin,2006.0,3,1,10,Gd,Ex,Ex,Gd,1,Gd,13682,66.0,60,RL,2Story,0,1,1,438780
5,1320,Sawyer,1966,1966,6,1164,328,1320,0,2,564,Attchd,RFn,1966.0,1,0,6,TA,TA,TA,Av,2,Fa,11777,96.0,80,RL,SLvl,68,1,1,164500
8,2028,Timber,2005,2006,5,1868,1460,2028,0,3,880,Attchd,RFn,2005.0,2,0,7,Gd,Gd,Ex,Gd,2,Gd,11443,88.0,20,RL,1Story,66,1,1,369900
7,1922,Edwards,2003,2003,5,0,0,495,1427,2,672,BuiltIn,RFn,2003.0,3,0,7,Gd,Gd,NoBasement,NoBasement,1,Ex,7301,64.0,85,RL,SFoyer,0,1,0,198500
8,2531,NoRidge,1995,1995,5,1318,56,1328,1203,3,752,Attchd,RFn,1995.0,2,1,9,Gd,Gd,Gd,Av,1,TA,12257,65.0,60,RL,2Story,98,1,1,290000
5,1060,MeadowV,1976,1976,7,1040,840,1060,0,2,572,Attchd,Unf,1976.0,1,0,6,TA,TA,Gd,No,1,TA,4224,44.0,120,RM,1Story,110,1,1,129900
5,789,OldTown,1948,1950,5,789,104,789,0,1,250,Detchd,Unf,1948.0,1,0,5,TA,TA,TA,No,0,Npfireplace,6000,50.0,20,RM,1Story,0,1,1,115000
5,1002,NAmes,1970,1970,6,1002,828,1002,0,2,902,Detchd,Unf,1973.0,1,0,5,TA,TA,TA,No,0,Npfireplace,8750,73.0,20,RL,1Story,0,1,1,148500
5,860,Sawyer,1982,1982,6,840,672,860,0,2,528,Detchd,Unf,1996.0,1,0,4,TA,TA,TA,Av,0,Npfireplace,8740,74.0,85,RL,SFoyer,0,1,1,137000
6,1471,Somerst,1999,1999,5,729,381,742,729,2,440,Detchd,Unf,1999.0,2,1,6,TA,TA,Gd,No,0,Npfireplace,3230,34.0,160,FV,2Story,24,1,1,172500
9,1709,Somerst,1999,2000,5,1698,1238,1709,0,2,506,Attchd,Fin,1999.0,2,0,5,Gd,Gd,Ex,Av,1,TA,5119,50.0,120,FV,1Story,65,1,1,328900
6,1291,ClearCr,1996,1997,5,1291,1003,1291,0,2,431,Attchd,Unf,1996.0,1,0,6,Gd,TA,Gd,Mn,1,Gd,2887,80.0,120,RL,1Story,0,1,1,173000
8,2872,NoRidge,1992,2000,5,1683,700,2129,743,2,541,Attchd,Fin,1992.0,2,1,9,Gd,Gd,Gd,No,1,TA,10678,85.0,50,RL,1.5Fin,33,1,1,285000
6,1657,NAmes,1970,1970,3,1657,1237,1657,0,2,484,Attchd,Unf,1970.0,2,0,7,TA,TA,Gd,No,1,TA,12155,73.0,20,RL,1Story,0,1,1,163500
5,1647,Crawfor,1977,1977,6,1430,1283,1647,0,2,621,Attchd,Fin,1977.0,2,0,7,Gd,TA,Gd,Mn,1,TA,12984,80.0,20,RL,1Story,0,1,1,217500
7,3493,OldTown,1880,2002,9,1470,0,1675,1818,3,870,Attchd,Unf,2003.0,3,0,10,Gd,TA,TA,No,1,Ex,18386,87.0,75,RM,2.5Fin,0,1,1,295000
7,999,NAmes,1961,2007,9,944,867,999,0,2,588,Attchd,RFn,1961.0,1,0,6,Ex,Ex,TA,Av,0,Npfireplace,12122,73.0,85,RL,SFoyer,76,1,1,178400
5,996,Edwards,1940,1969,6,996,290,996,0,0,0,NoGarage,NoGarage,0.0,1,0,6,TA,TA,TA,No,1,Gd,13907,63.0,30,RL,1Story,0,0,1,108000
7,1552,CollgCr,2005,2006,5,1552,24,1552,0,3,782,Attchd,RFn,2005.0,2,0,7,Gd,Gd,Gd,Av,0,Npfireplace,10084,84.0,20,RL,1Story,20,1,1,212900
6,1054,NAmes,1969,1969,8,1054,602,1054,0,2,460,Attchd,Unf,1969.0,1,1,6,TA,TA,Gd,No,0,Npfireplace,9750,65.0,20,RL,1Story,0,1,1,151000
5,1437,Sawyer,1956,1987,6,1188,988,1437,0,2,576,Detchd,Unf,1999.0,1,1,6,TA,TA,TA,No,1,TA,14175,70.0,20,RL,1Story,0,1,1,168000
5,894,CollgCr,1976,1976,6,894,182,894,0,1,308,Attchd,Unf,1976.0,1,0,5,TA,TA,TA,Av,0,Npfireplace,10650,75.0,20,RL,1Story,0,1,1,128200
6,1103,OldTown,1925,1980,6,1103,397,1103,0,2,440,Detchd,Unf,1976.0,1,0,5,Gd,TA,TA,No,1,Gd,6000,50.0,30,RM,1Story,120,1,1,110500
7,1726,Somerst,2007,2007,5,1726,1126,1726,0,3,786,Attchd,Fin,2007.0,2,0,8,Ex,Ex,Ex,No,1,Gd,9416,79.0,20,RL,1Story,138,1,1,311872
7,1490,Gilbert,2004,2005,5,788,724,788,702,2,388,Attchd,Fin,2004.0,2,1,8,Gd,Gd,Gd,Av,1,Gd,15384,60.0,60,RL,2Story,75,1,1,184000
6,1337,Mitchel,1998,1998,5,1237,1201,1337,0,2,405,Attchd,Fin,1998.0,2,0,5,TA,TA,Ex,No,0,Npfireplace,4500,32.0,120,RM,1Story,199,1,1,153500
6,848,CollgCr,2003,2004,5,848,685,848,0,2,420,Attchd,Fin,2003.0,1,0,4,Gd,Gd,Gd,Av,0,Npfireplace,4435,69.0,120,RM,1Story,0,1,1,144000
5,698,Edwards,1947,2008,9,698,0,698,0,0,0,NoGarage,NoGarage,0.0,1,0,4,TA,TA,TA,No,0,Npfireplace,9405,50.0,20,RL,1Story,200,0,1,118000
7,1430,Gilbert,2000,2000,5,384,250,774,656,2,400,BuiltIn,Fin,2000.0,2,1,7,TA,TA,Gd,No,1,TA,7750,65.0,80,RL,SLvl,0,1,1,180000
7,1689,Somerst,2007,2007,6,1689,0,1689,0,3,954,Attchd,RFn,2007.0,2,0,7,Gd,Gd,Gd,Av,0,Npfireplace,9849,83.0,20,RL,1Story,56,1,1,248328
7,1728,CollgCr,2004,2004,5,864,0,864,864,2,572,Attchd,RFn,2004.0,2,1,7,Gd,Gd,Gd,No,0,Npfireplace,9313,65.0,60,RL,2Story,56,1,1,190000
8,1660,Somerst,2006,2006,5,1660,1220,1660,0,2,500,Attchd,RFn,2006.0,2,0,8,Gd,Gd,Ex,Mn,1,Gd,10182,85.0,20,RL,1Story,50,1,1,290000
8,1908,Timber,2002,2002,5,967,0,993,915,2,431,Attchd,Fin,2002.0,2,1,9,Gd,Gd,Gd,No,0,Npfireplace,14191,85.0,60,RL,2Story,0,1,1,202900
7,2110,NAmes,1968,1968,5,2110,1065,2110,0,2,522,Attchd,Fin,1968.0,2,1,8,Ex,Gd,TA,No,2,TA,11160,93.0,20,RL,1Story,0,1,1,244000
3,864,Edwards,1914,1950,3,864,41,864,0,0,0,NoGarage,NoGarage,0.0,1,0,5,TA,TA,TA,No,0,Npfireplace,8248,45.0,30,RL,1Story,0,0,1,67000
5,1869,OldTown,1890,1996,6,1088,1088,1188,561,2,456,Detchd,Unf,1963.0,1,0,7,TA,TA,TA,No,0,Npfireplace,8820,98.0,50,RM,1.5Fin,0,1,1,124900
6,1577,BrkSide,1939,1950,5,972,0,972,605,1,312,Detchd,Unf,1939.0,1,0,6,Fa,TA,TA,No,1,Gd,6435,65.0,50,RL,1.5Fin,0,1,1,140200
6,1208,Veenker,1977,1977,6,1208,767,1208,0,2,546,Attchd,RFn,1977.0,1,1,6,TA,Gd,Gd,No,1,TA,11250,68.0,20,RL,1Story,42,1,1,165000
5,1040,Sawyer,1963,1963,5,1040,824,1040,0,1,308,Attchd,Fin,1963.0,1,1,5,TA,TA,TA,No,0,Npfireplace,7500,75.0,20,RL,1Story,0,1,1,133000
6,1501,Gilbert,1993,1994,5,697,518,697,804,2,420,Attchd,Fin,1993.0,2,1,6,Gd,TA,Gd,No,1,TA,7685,65.0,60,RL,2Story,63,1,1,165600
5,630,MeadowV,1970,1970,7,630,553,630,0,0,0,NoGarage,NoGarage,0.0,1,0,3,Ex,TA,Gd,Av,0,Npfireplace,1533,21.0,180,RM,SFoyer,0,0,1,92000
5,1164,Edwards,1950,1950,5,1164,1040,1164,0,1,240,Detchd,Unf,1950.0,1,0,5,TA,TA,TA,No,0,Npfireplace,10880,68.0,190,RL,1Story,48,1,1,125000
6,1839,Crawfor,1957,2004,7,1477,1186,1839,0,2,416,Attchd,Fin,1957.0,2,0,7,Gd,TA,TA,No,2,TA,14442,110.0,20,RL,1Story,87,1,1,257500
5,1144,NAmes,1959,1959,6,1144,748,1144,0,1,796,Attchd,RFn,1959.0,1,0,6,TA,TA,TA,Av,1,TA,8163,70.0,80,RL,SLvl,0,1,1,143000
8,1629,Timber,2002,2003,5,1616,1300,1629,0,3,808,Attchd,Fin,2002.0,2,0,9,Gd,Gd,Gd,Av,1,Gd,14536,85.0,20,RL,1Story,252,1,1,270000
7,1301,Somerst,2006,2006,5,1293,0,1301,0,2,572,Attchd,RFn,2006.0,2,0,5,Gd,Gd,Gd,No,1,Gd,7200,60.0,20,FV,1Story,121,1,1,187750
4,1224,NAmes,1962,1962,5,0,0,1224,0,2,462,CarPort,Unf,1962.0,2,0,6,TA,TA,NoBasement,NoBasement,0,Npfireplace,9842,70.0,90,RL,1Story,0,1,0,101800
5,1216,NAmes,1947,1950,5,832,442,832,384,1,336,Detchd,Unf,1947.0,1,0,6,TA,TA,TA,No,0,Npfireplace,8480,80.0,50,RL,1.5Fin,0,1,1,118500
5,990,CollgCr,1994,1995,5,990,746,990,0,2,480,Detchd,Unf,2000.0,1,0,5,TA,TA,Gd,No,0,Npfireplace,8072,60.0,20,RL,1Story,64,1,1,138000
6,1494,Crawfor,1942,1950,7,771,547,753,741,1,213,Attchd,Unf,1942.0,1,0,7,Gd,TA,TA,No,2,Gd,7500,66.0,70,RL,2Story,0,1,1,177500
5,1178,NWAmes,1973,2000,6,1176,1084,1178,0,2,439,Attchd,Unf,1973.0,1,1,5,Gd,TA,Gd,No,1,Fa,10000,80.0,20,RL,1Story,0,1,1,157000
7,2291,Gilbert,1999,1999,5,975,0,1005,1286,2,429,BuiltIn,Fin,1999.0,2,1,8,Gd,Gd,Gd,No,1,TA,8738,66.0,60,RL,2Story,0,1,1,230000
7,1902,Crawfor,1959,2002,8,1902,1406,1902,0,2,567,Attchd,Fin,1959.0,2,0,7,Ex,Gd,Gd,Av,2,TA,17500,100.0,20,RL,1Story,207,1,1,335000
5,1052,NAmes,1968,1968,5,1052,1016,1052,0,1,288,Attchd,RFn,1968.0,1,1,5,TA,TA,TA,Av,0,Npfireplace,8400,70.0,20,RL,1Story,0,1,1,138500
6,1632,NWAmes,1966,2000,8,800,400,800,832,2,484,Attchd,Unf,1966.0,1,1,7,Gd,TA,TA,No,0,Npfireplace,9130,80.0,60,RL,2Story,40,1,1,173000
6,2624,Crawfor,1918,1950,6,1370,1128,1370,1254,3,864,Detchd,Unf,1918.0,2,1,10,TA,TA,Gd,No,1,Gd,22420,86.0,70,RL,2Story,0,1,1,239000
7,1250,Somerst,2006,2007,5,625,0,625,625,2,625,Detchd,Fin,2006.0,2,1,5,Gd,Gd,Gd,No,0,Npfireplace,4017,35.0,160,FV,2Story,54,1,1,171900
6,1560,Gilbert,2005,2005,5,684,0,684,876,2,400,BuiltIn,Fin,2005.0,2,1,6,Gd,Gd,Gd,Av,1,Gd,11911,122.0,60,RL,2Story,38,1,1,174000
7,2784,NWAmes,1978,1978,5,1392,790,1392,1392,2,564,Attchd,RFn,1978.0,3,1,12,Gd,TA,Gd,No,2,TA,16692,80.0,60,RL,2Story,112,1,1,250000
6,1511,Gilbert,1997,1997,5,802,714,802,709,2,413,Attchd,Fin,1997.0,2,1,8,TA,TA,Gd,Av,1,TA,11207,70.0,60,RL,2Story,75,1,1,185000
4,720,IDOTRR,1920,1950,5,720,495,720,0,0,0,NoGarage,NoGarage,0.0,1,0,4,TA,TA,TA,No,0,Npfireplace,7879,60.0,30,C (all),1Story,523,0,1,34900
6,913,Sawyer,1966,1966,5,814,187,913,0,1,240,Detchd,Unf,1990.0,1,0,6,TA,TA,TA,Gd,0,Npfireplace,8400,70.0,85,RL,SFoyer,0,1,1,129000
6,1394,NAmes,1963,1963,5,1394,609,1394,0,2,514,Attchd,RFn,1963.0,1,1,6,TA,TA,Gd,No,2,Gd,9500,73.0,20,RL,1Story,76,1,1,159000
4,1324,BrkSide,1936,1950,6,672,672,757,567,1,240,Detchd,Unf,1936.0,1,0,6,TA,TA,TA,No,0,Npfireplace,6000,50.0,50,RM,1.5Fin,0,1,1,128000
6,1054,NAmes,1963,1963,7,936,763,1054,0,2,480,Attchd,RFn,1963.0,1,0,6,Gd,TA,TA,Gd,0,Npfireplace,8800,80.0,85,RL,SFoyer,0,1,1,137500
8,1419,Gilbert,2002,2002,5,408,353,779,640,2,527,BuiltIn,Fin,2002.0,2,1,7,Gd,Gd,Gd,No,1,TA,7750,65.0,80,RL,SLvl,0,1,1,184100
6,2267,Gilbert,2002,2002,5,1010,0,1010,1257,2,390,BuiltIn,RFn,2002.0,2,1,8,Gd,Gd,Gd,No,1,TA,8068,65.0,60,RL,2Story,46,1,1,200000
6,2259,Crawfor,1953,1953,5,1809,35,2259,0,2,450,Basment,Unf,1953.0,2,0,7,Gd,TA,Gd,Mn,2,Gd,21000,66.0,20,RL,1Story,120,1,1,217000
7,2183,NWAmes,1988,1988,5,1204,1002,1377,806,3,786,Attchd,Unf,1988.0,2,1,9,Gd,Gd,Gd,No,0,Npfireplace,13837,80.0,50,RL,1.5Fin,0,1,1,229000
5,1092,NAmes,1957,1957,5,1092,895,1092,0,1,299,Attchd,Fin,1957.0,1,0,6,TA,TA,TA,No,1,TA,14850,69.0,20,RL,1Story,0,1,1,141000
6,1651,Timber,1986,1986,5,1606,1398,1651,0,2,616,Attchd,Fin,1986.0,2,0,7,TA,TA,Gd,No,1,TA,12416,47.0,20,RL,1Story,0,1,1,184000
5,1904,NAmes,1950,1982,4,1208,180,1136,768,1,240,Attchd,Unf,1950.0,1,1,7,TA,TA,TA,No,0,Npfireplace,7200,60.0,50,RL,1.5Fin,0,1,1,138000
5,803,IDOTRR,1941,1950,6,720,116,803,0,2,360,Detchd,Unf,1941.0,1,0,5,TA,TA,TA,Av,0,Npfireplace,5000,50.0,45,RM,1.5Unf,0,1,1,87000
5,1006,Sawyer,1959,1959,3,1006,288,1006,0,0,0,NoGarage,NoGarage,0.0,1,0,5,TA,TA,TA,No,0,Npfireplace,9000,70.0,20,RL,1Story,24,0,1,80000
6,1158,BrkSide,1929,1950,7,862,0,950,208,1,208,BuiltIn,RFn,1929.0,1,0,5,TA,TA,TA,No,1,Gd,6000,50.0,50,RM,1.5Fin,0,1,1,120000
7,2236,Gilbert,1997,1997,5,964,0,993,1243,2,642,BuiltIn,Fin,1997.0,2,1,8,Gd,TA,Gd,No,1,TA,13006,65.0,60,RL,2Story,0,1,1,222000
6,1734,NAmes,1962,1981,7,912,600,1085,649,2,440,Attchd,RFn,1962.0,1,1,7,Gd,TA,TA,No,1,Gd,9786,77.0,50,RL,1.5Fin,0,1,1,159000
7,1640,CollgCr,2003,2003,5,798,0,798,842,2,595,Attchd,RFn,2003.0,2,1,6,Gd,Gd,Gd,No,0,Npfireplace,7226,72.0,60,RL,2Story,45,1,1,183000
7,1212,CollgCr,2001,2001,5,1212,0,1212,0,2,573,Attchd,RFn,2001.0,2,0,6,Gd,Gd,Gd,No,0,Npfireplace,9100,70.0,20,RL,1Story,0,1,1,178000
4,1258,Sawyer,1969,1969,4,1198,1198,1258,0,2,400,CarPort,Unf,1969.0,0,2,6,TA,TA,Gd,Av,0,Npfireplace,12900,60.0,90,RL,SFoyer,0,1,1,108959
5,1228,Sawyer,1966,2006,6,1228,0,1228,0,1,271,Attchd,Unf,1966.0,1,1,6,Gd,TA,TA,No,0,Npfireplace,8544,70.0,20,RL,1Story,65,1,1,149350
5,980,Sawyer,1977,1977,6,980,560,980,0,2,484,Detchd,Unf,1986.0,1,0,6,TA,TA,TA,No,0,Npfireplace,7064,71.0,20,RL,1Story,0,1,1,135000
5,864,Edwards,1925,1950,6,864,468,864,0,0,0,NoGarage,NoGarage,0.0,1,0,5,TA,TA,TA,No,0,Npfireplace,5604,67.0,30,RL,1Story,0,0,1,98000
5,1968,Mitchel,1969,1969,4,784,562,1168,800,2,530,Attchd,RFn,1969.0,2,1,7,TA,TA,TA,Av,1,Po,11075,75.5,60,RL,2Story,189,1,1,172000
7,1550,Somerst,2006,2007,5,1092,812,1112,438,2,438,Attchd,Fin,2007.0,2,0,7,Gd,Gd,Gd,No,0,Npfireplace,8125,65.0,60,FV,2Story,168,1,1,241000
9,1506,Somerst,2008,2008,5,1498,0,1506,0,2,592,Attchd,Fin,2008.0,2,0,6,Ex,Gd,Gd,No,1,Gd,14587,75.0,20,RL,1Story,174,1,1,264132
1,904,Edwards,1922,1950,1,683,350,904,0,0,0,NoGarage,NoGarage,0.0,0,1,4,Fa,Fa,Fa,Gd,0,Npfireplace,10020,67.0,30,RL,1Story,0,0,1,61000
7,1358,NridgHt,2004,2004,5,1358,720,1358,0,2,484,Attchd,RFn,2004.0,2,0,6,Gd,Gd,Gd,Av,1,Gd,8198,59.0,120,RM,1Story,30,1,1,207000
5,1224,SawyerW,1979,1979,5,1086,1086,1224,0,2,528,Detchd,Unf,1979.0,0,2,6,TA,TA,Gd,Av,2,TA,7018,64.0,90,RL,SFoyer,0,1,1,153337
6,1194,NAmes,1959,1959,6,655,655,1194,0,2,539,BuiltIn,Fin,1954.0,1,0,6,TA,TA,TA,Mn,1,Fa,8910,79.0,20,RL,1Story,0,1,1,159500
6,1647,Gilbert,1999,2000,5,953,0,953,694,2,460,Attchd,RFn,1999.0,2,1,7,TA,TA,Gd,No,1,TA,7917,62.0,60,RL,2Story,40,1,1,175000
7,2097,SawyerW,1993,1993,5,1080,50,1080,1017,3,678,Attchd,Unf,1993.0,2,1,9,Gd,Gd,Gd,No,1,TA,11228,59.0,60,RL,2Story,187,1,1,228000
8,2090,CollgCr,1995,1996,5,1220,1079,1220,870,2,556,Attchd,RFn,1995.0,2,1,8,Gd,Gd,Gd,No,1,TA,10000,80.0,60,RL,2Story,65,1,1,240000
5,1065,NAmes,1960,1960,5,1065,0,1065,0,2,461,Detchd,Unf,1974.0,1,1,6,TA,TA,TA,No,0,Npfireplace,8892,80.0,20,RL,1Story,0,1,1,126500
4,1452,OldTown,1920,2008,5,736,0,736,716,0,0,NoGarage,NoGarage,0.0,2,0,8,TA,TA,TA,No,0,Npfireplace,4456,33.0,190,RM,2Story,0,0,1,113000
6,1096,Edwards,1924,1950,5,572,0,572,524,0,0,NoGarage,NoGarage,0.0,1,0,5,TA,TA,TA,No,0,Npfireplace,9600,60.0,50,RL,1.5Fin,8,0,1,79000
8,1924,NoRidge,1998,1998,5,1086,956,1086,838,2,592,Attchd,RFn,1998.0,2,1,7,Gd,Gd,Gd,Av,1,TA,12011,78.0,60,RL,2Story,75,1,1,280000
8,1836,NridgHt,2004,2005,5,1836,1039,1836,0,3,862,Attchd,Fin,2004.0,2,0,7,Gd,Gd,Ex,Mn,1,Gd,11362,107.0,20,RL,1Story,185,1,1,280000
7,1221,Somerst,2004,2005,5,1221,410,1221,0,2,400,Attchd,RFn,2004.0,2,0,6,Gd,Gd,Gd,No,0,Npfireplace,7500,62.0,20,FV,1Story,113,1,1,185000
5,1928,SWISU,1916,1995,8,686,0,948,980,0,0,NoGarage,NoGarage,0.0,2,0,10,TA,TA,TA,Mn,0,Npfireplace,7082,60.0,190,RH,2Story,0,0,1,160000
6,1573,Somerst,2000,2000,5,756,378,769,804,2,440,Detchd,Unf,2000.0,2,1,5,Gd,Gd,Gd,No,0,Npfireplace,2117,72.0,160,FV,2Story,32,1,1,177500
6,1352,Sawyer,1969,1969,7,663,371,663,689,1,299,Attchd,Fin,1969.0,1,1,7,TA,TA,TA,No,0,Npfireplace,9364,80.0,60,RL,2Story,36,1,1,158000
6,1440,NWAmes,1981,1981,7,1440,678,1440,0,2,467,Attchd,Fin,1981.0,2,0,7,Gd,Gd,Gd,No,1,TA,12546,80.0,20,RL,1Story,0,1,1,182900
5,968,OldTown,1923,2006,6,968,0,968,0,2,480,Detchd,Unf,1935.0,1,0,5,TA,Gd,TA,No,0,Npfireplace,8520,60.0,30,RM,1Story,0,1,1,100000
6,1200,CollgCr,1995,1995,5,1200,334,1200,0,2,521,Attchd,RFn,1995.0,2,0,6,Gd,Gd,Gd,No,0,Npfireplace,11249,105.0,20,RL,1Story,26,1,1,177500
8,1752,Gilbert,1988,2005,7,559,427,1080,672,2,492,Basment,RFn,1988.0,2,0,8,TA,Gd,Gd,Av,0,Npfireplace,12134,152.0,50,RL,1.5Fin,12,1,1,164000
6,1498,Gilbert,1995,1996,5,691,592,691,807,2,409,Attchd,Fin,1995.0,2,1,6,TA,TA,Gd,No,1,TA,13031,65.0,60,RL,2Story,44,1,1,187500
6,848,CollgCr,2004,2004,5,848,662,848,0,2,420,Attchd,Fin,2004.0,1,0,4,Gd,Gd,Gd,Gd,1,Gd,4438,69.0,120,RM,1Story,0,1,1,144500
4,708,BrkSide,1940,1950,7,420,280,708,0,0,0,NoGarage,NoGarage,0.0,1,0,5,Fa,Fa,TA,No,0,Npfireplace,5330,50.0,30,RL,1Story,0,0,1,82500
4,924,Edwards,1941,1950,4,672,348,672,252,1,280,Detchd,Unf,1941.0,1,0,5,Fa,TA,Gd,No,0,Npfireplace,12180,60.0,190,RL,1.5Fin,0,1,1,80000
4,864,NAmes,1971,1971,6,864,616,864,0,2,528,Detchd,Unf,1974.0,1,0,5,TA,TA,TA,No,0,Npfireplace,9000,60.0,20,RL,1Story,0,1,1,120500
6,1478,NAmes,1960,1960,5,1478,1270,1478,0,2,498,Attchd,Unf,1960.0,2,0,6,TA,TA,TA,No,2,Gd,17600,73.0,20,RL,1Story,40,1,1,157500
3,1733,Edwards,1955,1955,5,0,0,1733,0,2,452,Attchd,Unf,1955.0,2,0,8,TA,TA,NoBasement,NoBasement,1,Gd,13680,67.0,20,RL,1Story,0,1,0,139600
5,974,Mitchel,1991,1992,5,974,212,974,0,0,0,NoGarage,NoGarage,0.0,1,0,5,TA,TA,Gd,Mn,0,Npfireplace,10712,63.0,20,RL,1Story,28,0,1,93500
5,1456,Edwards,1948,1950,3,810,0,1002,454,1,280,Detchd,Unf,1954.0,1,0,7,TA,TA,Fa,Mn,1,TA,7585,50.0,50,RL,1.5Fin,0,1,1,91500
7,1274,CollgCr,2005,2007,5,1274,925,1274,0,2,508,Attchd,RFn,2005.0,2,0,6,Gd,Gd,Gd,No,0,Npfireplace,8814,68.0,20,RL,1Story,98,1,1,203000
8,1904,NridgHt,2005,2005,5,1058,546,1058,846,2,736,BuiltIn,Fin,2003.0,2,1,8,Ex,Gd,Gd,Av,1,Gd,10927,74.0,60,RL,2Story,60,1,1,275000
7,2110,SawyerW,1994,2002,5,948,695,1222,888,2,463,Attchd,RFn,1994.0,2,1,8,Gd,Gd,Gd,No,2,Fa,8880,68.0,60,RL,2Story,130,1,1,205000
6,1141,SawyerW,2005,2005,5,1141,0,1141,0,2,484,Detchd,Unf,2005.0,1,1,6,TA,Gd,Gd,No,0,Npfireplace,13072,63.0,20,RL,1Story,0,1,1,142500
5,789,Crawfor,1926,1950,5,768,0,789,0,1,200,Detchd,Unf,1926.0,1,0,5,TA,TA,TA,No,0,Npfireplace,10594,55.0,45,RL,1.5Unf,0,1,1,96500
9,1698,Edwards,2007,2008,5,1698,1234,1698,0,3,768,Attchd,Fin,2007.0,2,0,8,Ex,Ex,Ex,No,1,Gd,13286,86.0,20,RL,1Story,64,1,1,320000
6,1848,BrkSide,1923,2000,7,833,0,1053,795,2,370,Detchd,Unf,1922.0,1,1,8,Gd,TA,TA,No,1,Gd,13053,64.0,50,RL,1.5Fin,0,1,1,207000
6,1700,CollgCr,2003,2003,5,1682,340,1700,0,2,544,Attchd,RFn,2003.0,2,0,7,Gd,Gd,Gd,Av,0,Npfireplace,9135,70.0,20,RL,1Story,23,1,1,200000
4,1154,IDOTRR,1922,2007,8,796,735,796,358,1,240,Detchd,Unf,1922.0,1,0,7,Gd,TA,TA,No,0,Npfireplace,5436,40.0,50,RM,1.5Fin,96,1,1,125500
7,1530,StoneBr,2005,2005,5,1530,1274,1530,0,2,430,Attchd,Fin,2005.0,2,0,7,Gd,Gd,Ex,Av,1,Gd,16158,124.0,20,RL,1Story,36,1,1,260000
5,1484,NWAmes,1971,1971,6,1484,998,1484,0,2,487,Attchd,Unf,1971.0,2,0,7,TA,TA,Gd,Av,1,TA,12243,70.0,20,RL,1Story,0,1,1,175000
5,1144,NAmes,1963,1963,5,1144,25,1144,0,1,336,Detchd,Unf,1962.0,1,1,6,TA,TA,TA,No,0,Npfireplace,9204,71.0,20,RL,1Story,88,1,1,124000
5,1360,NAmes,1955,1955,5,384,384,1360,0,2,572,Detchd,Unf,1962.0,1,0,6,TA,TA,TA,No,1,TA,7134,60.0,80,RL,SLvl,50,1,1,130000
6,1362,BrkSide,1920,1999,8,611,0,751,611,2,502,Detchd,Fin,1920.0,2,0,6,TA,TA,Fa,Mn,0,Npfireplace,6155,60.0,70,RM,2Story,0,1,1,128000
5,1539,BrkSide,1936,1950,6,927,0,1067,472,2,576,Detchd,Unf,1995.0,1,1,5,TA,TA,TA,No,0,Npfireplace,6120,51.0,50,RM,1.5Fin,0,1,1,141500
7,2036,Timber,1965,1965,5,2136,1236,2036,0,2,513,Attchd,RFn,1965.0,2,0,8,TA,TA,Gd,Gd,2,Gd,215245,150.0,20,RL,1Story,0,1,1,375000
5,816,Mitchel,1982,2008,9,816,641,816,0,1,264,Attchd,Unf,1982.0,1,0,5,Gd,Gd,TA,No,1,Ex,6600,60.0,20,RL,1Story,0,1,1,130500
6,1844,NWAmes,1977,1977,6,1844,705,1844,0,2,546,Attchd,RFn,1977.0,2,0,7,TA,TA,Gd,No,1,TA,11751,105.0,20,RL,1Story,122,1,1,190000
4,672,Edwards,1941,1950,6,672,344,672,0,1,234,Attchd,Unf,1941.0,1,0,4,TA,TA,TA,No,0,Npfireplace,9340,50.0,30,RL,1Story,113,1,1,113000
6,1610,NWAmes,1977,2001,7,1610,1200,1610,0,2,480,Attchd,RFn,1977.0,2,0,6,Gd,TA,TA,Mn,2,TA,10603,80.0,20,RL,1Story,68,1,1,205000
4,1181,Edwards,1972,1972,5,1138,920,1181,0,2,588,Detchd,RFn,1974.0,2,0,6,TA,TA,Gd,Av,0,Npfireplace,10012,90.0,85,RL,SFoyer,0,1,1,137500
8,1571,Timber,2007,2007,5,1571,0,1571,0,3,722,Attchd,Fin,2007.0,2,0,7,Gd,Gd,Gd,Gd,1,Gd,10991,89.0,20,RL,1Story,36,1,1,239000
5,2192,SWISU,1939,1997,8,720,378,1052,720,1,240,Detchd,Unf,1939.0,2,1,8,Gd,TA,TA,No,1,Gd,8400,60.0,75,RL,2.5Fin,24,1,1,179500
5,1360,IDOTRR,1938,1995,6,803,0,803,557,1,297,Detchd,Unf,1951.0,1,1,6,Gd,TA,TA,No,0,Npfireplace,7200,60.0,50,RM,1.5Fin,65,1,1,125500
7,1950,Somerst,1997,1998,5,975,649,975,975,2,576,Detchd,RFn,1997.0,2,1,7,Gd,Gd,Gd,No,1,TA,7399,66.0,60,FV,2Story,10,1,1,239000
7,1252,Somerst,1999,2000,5,600,510,624,628,2,462,Detchd,Unf,1999.0,2,1,4,Gd,Gd,Gd,No,0,Npfireplace,2160,24.0,160,FV,2Story,48,1,1,160000
6,1796,NAmes,1963,1963,5,780,400,983,813,2,483,Attchd,RFn,1963.0,1,1,8,TA,TA,TA,No,1,TA,7056,71.0,60,RL,2Story,50,1,1,140000
8,2097,Somerst,2005,2006,5,2077,1721,2097,0,3,1134,Attchd,Fin,2005.0,1,1,8,Ex,Gd,Ex,Mn,1,Ex,20896,49.0,20,RL,1Story,267,1,1,423000
9,1856,StoneBr,2010,2010,2,1856,1445,1856,0,3,834,Attchd,Fin,2010.0,1,1,8,Ex,Gd,Ex,Av,1,Ex,11394,88.0,20,RL,1Story,0,1,1,394432
4,858,NAmes,1971,1971,4,858,614,858,0,0,0,NoGarage,NoGarage,0.0,1,0,5,TA,TA,TA,No,0,Npfireplace,8125,73.0,20,RL,1Story,0,0,1,88000
6,1593,Gilbert,2004,2004,5,839,759,864,729,2,398,Attchd,Fin,2004.0,2,1,8,TA,TA,TA,No,1,TA,7415,62.0,60,RL,2Story,75,1,1,193000
6,1912,OldTown,1905,2000,7,482,0,1221,691,2,672,Detchd,Unf,2003.0,2,0,7,TA,TA,Fa,No,1,TA,10800,60.0,190,RM,1.5Fin,25,1,1,163000
6,958,NPkVill,1976,1976,5,1078,120,958,0,2,440,Attchd,RFn,1977.0,2,0,5,TA,TA,Gd,No,1,TA,4928,24.0,120,RL,1Story,205,1,1,128000
5,2634,NAmes,1969,1969,5,1248,500,1338,1296,4,968,Detchd,Unf,1969.0,2,2,12,TA,TA,TA,No,0,Npfireplace,11643,91.0,90,RL,2Story,0,1,1,200000
7,2263,NWAmes,1977,1994,7,795,795,1468,795,2,539,Attchd,Fin,1977.0,2,1,9,Gd,TA,TA,No,1,TA,16659,80.0,60,RL,2Story,250,1,1,235000
10,4676,Edwards,2007,2008,5,3138,2260,3138,1538,3,884,BuiltIn,Fin,2007.0,3,1,11,Ex,Ex,Ex,Gd,1,Gd,40094,130.0,60,RL,2Story,406,1,1,184750
7,1200,Somerst,2005,2005,5,600,0,520,600,2,480,Detchd,RFn,2005.0,2,1,4,Gd,Gd,Gd,No,0,Npfireplace,3180,30.0,160,FV,2Story,166,1,1,144152
7,1208,CollgCr,2007,2007,5,1208,664,1208,0,2,628,Attchd,RFn,2007.0,2,0,6,Gd,Gd,Gd,No,0,Npfireplace,6762,64.0,20,RL,1Story,54,1,1,195400
6,1167,Gilbert,1992,1992,6,1158,560,1167,0,2,400,Attchd,RFn,1992.0,2,0,6,Gd,TA,Gd,No,0,Npfireplace,9248,65.0,20,RL,1Story,26,1,1,173000
5,1382,OldTown,1941,1950,6,720,360,854,0,2,660,Detchd,Unf,1991.0,1,1,7,TA,TA,TA,No,0,Npfireplace,12358,60.0,50,RM,1.5Fin,0,1,1,128500
6,1564,SawyerW,1980,1981,6,650,0,888,676,2,476,Attchd,Unf,1980.0,2,1,7,TA,TA,Gd,No,1,TA,8400,70.0,60,RL,2Story,50,1,1,171000
6,1851,NAmes,1964,1993,8,822,536,1020,831,2,440,Attchd,RFn,1964.0,2,1,7,Gd,TA,TA,Gd,1,Fa,9760,80.0,60,RL,2Story,42,1,1,187000
5,1416,OldTown,1915,1950,8,876,0,876,540,3,720,Detchd,Unf,1949.0,1,1,7,TA,TA,TA,Mn,1,Gd,12665,100.0,50,RM,1.5Fin,0,1,1,153900
6,1092,NAmes,1964,1964,7,1092,787,1092,0,2,504,Attchd,RFn,1964.0,1,0,6,TA,TA,Gd,No,0,Npfireplace,8250,75.0,20,RL,1Story,0,1,1,145000
4,1131,OldTown,1937,2000,7,907,168,1131,0,2,672,Detchd,Unf,1995.0,1,0,7,TA,TA,Fa,No,0,Npfireplace,5925,50.0,30,RM,1Story,72,1,1,89471
4,864,NAmes,1971,1971,5,864,432,864,0,0,0,NoGarage,NoGarage,0.0,1,0,5,TA,TA,TA,No,1,Po,10500,70.0,20,RL,1Story,0,0,1,115000
6,1523,NWAmes,1976,1976,5,1193,644,1523,0,2,478,Attchd,Fin,1976.0,2,0,7,TA,TA,Gd,No,1,TA,11361,104.0,20,RL,1Story,0,1,1,180000
7,1971,Somerst,2005,2005,5,1113,341,1113,858,2,689,Attchd,RFn,2005.0,2,1,8,Gd,Gd,Gd,Mn,1,Gd,9675,75.0,60,RL,2Story,48,1,1,253000
5,1271,Sawyer,1948,1950,5,720,0,720,551,1,312,Attchd,Unf,1948.0,2,0,7,TA,TA,TA,No,1,Gd,21286,115.0,50,RL,1.5Fin,0,1,1,135000
7,1352,Somerst,2006,2007,5,1352,0,1352,0,2,466,Attchd,RFn,2006.0,2,0,5,Gd,Gd,Ex,No,1,Gd,4230,47.0,120,FV,1Story,241,1,1,208900
6,1469,IDOTRR,1906,1995,7,756,0,756,713,1,216,Detchd,Unf,1906.0,1,0,7,TA,TA,TA,No,0,Npfireplace,10320,60.0,50,RM,1.5Fin,0,1,1,135000
10,2402,NridgHt,2008,2008,5,3094,1767,2402,0,3,672,Attchd,Fin,2008.0,2,0,10,Ex,Ex,Ex,Gd,2,Gd,15431,105.0,20,RL,1Story,72,1,1,555000
7,1525,CollgCr,2000,2000,5,1525,1400,1525,0,2,541,Attchd,RFn,2000.0,2,0,6,Gd,Gd,Gd,Av,0,Npfireplace,9100,70.0,20,RL,1Story,36,1,1,235000
8,1713,NridgHt,2004,2005,5,1713,1088,1713,0,3,856,Attchd,Fin,2004.0,2,0,7,Ex,Gd,Ex,Av,1,Gd,9591,76.0,20,RL,1Story,26,1,1,274900
7,1504,CollgCr,1996,1996,5,1504,690,1504,0,2,478,Attchd,Fin,1996.0,2,0,6,Gd,Gd,Gd,Gd,1,TA,11883,73.0,20,RL,1Story,66,1,1,203000
5,1771,Mitchel,1960,2006,4,0,0,1771,0,2,336,Attchd,Unf,1960.0,1,0,9,TA,TA,NoBasement,NoBasement,1,TA,21750,100.0,20,RL,1Story,0,1,0,115000
6,1369,Edwards,1925,1950,6,672,551,697,672,1,300,Detchd,Unf,1930.0,2,0,6,TA,TA,TA,No,0,Npfireplace,6629,54.0,70,RH,2Story,0,1,1,103600
7,1430,Gilbert,2000,2000,5,384,0,774,656,2,400,BuiltIn,RFn,2000.0,2,1,8,TA,TA,Gd,No,1,TA,9967,76.0,80,RL,SLvl,0,1,1,170000
5,1246,NAmes,1959,1994,7,1246,340,1246,0,1,305,Attchd,RFn,1959.0,1,1,6,Gd,TA,TA,No,0,Npfireplace,7500,75.0,20,RL,1Story,0,1,1,154000
5,1040,Sawyer,1965,1965,5,1040,906,1040,0,1,384,Detchd,Unf,1965.0,1,0,5,TA,TA,TA,No,0,Npfireplace,11200,70.0,20,RL,1Story,0,1,1,129500
7,2035,Gilbert,2001,2001,5,884,0,884,1151,2,434,BuiltIn,Fin,2001.0,2,1,8,Gd,Gd,Gd,No,1,Gd,9505,65.0,60,RL,2Story,48,1,1,222500
8,2622,NoRidge,1994,1995,5,1463,1032,1500,1122,2,712,Attchd,RFn,1994.0,2,1,9,Gd,Gd,Ex,Av,2,TA,12256,98.0,60,RL,2Story,32,1,1,325000
8,1468,Somerst,2008,2009,5,1468,0,1468,0,3,898,Attchd,Fin,2008.0,2,0,6,Gd,Gd,Gd,No,1,Gd,9612,74.0,20,RL,1Story,150,1,1,244600
6,1152,Crawfor,1950,2004,8,1092,0,1152,0,1,300,Attchd,Unf,1950.0,1,0,6,Gd,TA,TA,No,1,Gd,14000,80.0,20,RL,1Story,36,1,1,158500
4,1573,BrkSide,1935,1995,7,884,0,989,584,1,240,Detchd,Unf,1935.0,1,0,6,Gd,TA,TA,No,0,Npfireplace,6120,51.0,50,RM,1.5Fin,0,1,1,133000
5,1716,Edwards,1949,2008,4,768,292,1148,568,1,281,Attchd,Unf,1949.0,1,1,8,TA,TA,TA,No,1,Gd,11409,60.0,50,RL,1.5Fin,0,1,1,131000
7,1501,Somerst,1999,1999,5,744,549,757,744,2,440,Detchd,Unf,1999.0,2,1,6,TA,TA,Gd,No,0,Npfireplace,2280,24.0,160,FV,2Story,0,1,1,179400
8,1788,CollgCr,2001,2001,5,1753,0,1788,0,2,522,Attchd,RFn,2001.0,2,0,7,Ex,Gd,Gd,Av,1,TA,11838,69.0,20,RL,1Story,151,1,1,236500
5,1664,Edwards,1965,1965,5,0,0,1664,0,0,0,NoGarage,NoGarage,0.0,2,0,8,TA,TA,NoBasement,NoBasement,0,Npfireplace,9825,75.0,90,RL,1Story,0,0,0,100000
9,2713,NridgHt,2008,2008,5,1452,1330,1476,1237,3,858,Attchd,Fin,2008.0,2,1,11,Ex,Ex,Ex,Av,1,Gd,14948,67.0,60,RL,2Story,66,1,1,446261
7,1582,CollgCr,2004,2004,5,770,490,770,812,2,520,Attchd,RFn,2004.0,2,1,6,Gd,Gd,Gd,No,0,Npfireplace,8320,64.0,60,RL,2Story,45,1,1,185900
5,1053,NAmes,1958,1991,7,1008,567,1053,0,2,750,2Types,RFn,1998.0,1,1,6,Ex,TA,TA,No,0,Npfireplace,8973,69.0,20,RL,1Story,80,1,1,150000
4,864,NAmes,1970,1970,6,864,375,864,0,2,660,Detchd,Unf,1989.0,1,0,5,Gd,TA,TA,No,0,Npfireplace,6960,60.0,20,RL,1Story,0,1,1,120500
8,1629,NridgHt,2003,2004,5,3206,1124,1629,0,3,880,Attchd,RFn,2003.0,2,0,7,Gd,Gd,Gd,No,1,Gd,10655,85.0,20,RL,1Story,0,1,1,284000
7,2978,NAmes,1967,2007,7,710,0,1898,1080,2,564,BuiltIn,Fin,1961.0,2,1,11,Gd,Gd,Gd,No,1,Gd,11275,96.0,80,RL,SLvl,0,1,1,242000
5,894,Sawyer,1967,2003,7,894,702,894,0,2,450,Attchd,RFn,1967.0,1,0,5,Gd,TA,TA,No,0,Npfireplace,9764,57.0,20,RL,1Story,0,1,1,130000
6,1604,Gilbert,1997,1998,5,926,0,926,678,2,470,Attchd,Fin,1997.0,2,1,7,TA,TA,Gd,No,1,TA,10839,100.0,60,RL,2Story,36,1,1,181000
7,1724,CollgCr,1998,1999,5,880,0,880,844,2,527,Attchd,Fin,1998.0,2,1,8,Gd,TA,Gd,Av,0,Npfireplace,8924,57.0,60,RL,2Story,155,1,1,188000
7,1682,NWAmes,1970,1970,6,1304,0,1682,0,2,530,Attchd,Unf,1970.0,2,0,7,TA,TA,TA,No,1,Gd,10400,80.0,20,RL,1Story,0,1,1,174000
5,1221,Edwards,1924,1950,7,784,392,949,272,1,392,Attchd,Unf,1965.0,1,0,7,TA,TA,TA,No,0,Npfireplace,9738,60.0,50,RL,1.5Fin,0,1,1,104900
5,1072,Edwards,2005,2005,5,547,547,1072,0,2,525,Basment,Fin,2005.0,1,0,5,TA,TA,Gd,Gd,0,Npfireplace,3675,35.0,180,RM,SLvl,28,1,1,145000
5,952,NAmes,1951,1951,7,952,852,952,0,2,840,Detchd,Unf,1988.0,1,0,4,TA,TA,TA,Mn,0,Npfireplace,7350,60.0,20,RL,1Story,0,1,1,139000
6,1118,OldTown,1920,1950,8,648,0,734,384,2,440,Detchd,Unf,1990.0,1,0,6,TA,TA,Fa,No,0,Npfireplace,4400,40.0,50,RM,1.5Fin,0,1,1,116000
4,960,BrkSide,1970,1970,5,960,789,960,0,2,576,Detchd,Unf,1970.0,1,0,6,TA,TA,TA,Av,0,Npfireplace,9873,60.0,190,RL,1Story,288,1,1,129000
6,1512,Somerst,2000,2000,5,756,420,756,756,2,440,Detchd,Unf,2000.0,2,1,4,Gd,Gd,Gd,No,1,TA,2117,72.0,160,FV,2Story,32,1,1,168500
5,816,Mitchel,1982,2003,8,816,816,816,0,2,816,Detchd,Fin,1985.0,1,0,4,TA,TA,TA,No,0,Npfireplace,6600,60.0,20,RL,1Story,0,1,1,138000
8,1554,NridgHt,2006,2006,5,1554,24,1554,0,2,627,Attchd,RFn,2006.0,2,0,6,Gd,Gd,Gd,Mn,1,Gd,4590,34.0,120,RL,1Story,73,1,1,209500
7,1947,Somerst,2004,2005,5,991,222,991,956,2,678,Attchd,RFn,2004.0,2,1,8,Gd,Gd,Gd,No,1,Gd,12552,100.0,60,FV,2Story,136,1,1,254900
6,1991,Crawfor,1932,1950,7,854,297,1096,895,2,432,Detchd,Unf,1977.0,1,1,7,TA,TA,TA,Mn,1,Gd,11275,66.0,50,RL,1.5Fin,0,1,1,220000
7,1166,Gilbert,2005,2005,5,856,655,1166,0,2,400,Attchd,Fin,2005.0,2,0,5,Gd,Gd,Gd,Gd,0,Npfireplace,9587,59.0,80,RL,SLvl,0,1,1,190000
7,1253,Gilbert,1995,1996,5,1237,0,1253,0,2,402,Attchd,Fin,1995.0,2,0,6,TA,TA,Gd,No,1,TA,7875,63.0,20,RL,1Story,21,1,1,176000
6,1578,NAmes,1941,1950,7,806,403,958,620,1,240,Attchd,Unf,1941.0,1,0,5,Fa,TA,TA,No,2,TA,9490,79.0,50,RL,1.5Fin,0,1,1,133000
6,1328,NWAmes,1963,1963,5,1328,569,1328,0,2,528,Attchd,Unf,1963.0,1,1,6,TA,TA,TA,No,2,Gd,9790,80.0,20,RL,1Story,26,1,1,143000
10,5642,Edwards,2008,2008,5,6110,5644,4692,950,2,1418,Attchd,Fin,2008.0,2,1,12,Ex,Ex,Ex,Gd,3,Gd,63887,313.0,60,RL,2Story,292,1,1,160000
5,1040,NAmes,1959,1959,5,1040,369,1040,0,1,286,Attchd,RFn,1959.0,1,0,6,TA,TA,TA,No,0,Npfireplace,7560,70.0,20,RL,1Story,0,1,1,133700
4,864,NAmes,1972,1972,5,864,600,864,0,2,576,Detchd,Unf,1980.0,1,0,5,TA,TA,TA,No,0,Npfireplace,12735,73.0,20,RL,1Story,0,1,1,111250
6,1674,Edwards,1918,1950,7,1163,0,1163,511,2,396,Detchd,Fin,1955.0,2,0,8,TA,TA,Gd,Mn,1,Gd,21780,66.0,50,RL,1.5Fin,36,1,1,185000
5,2008,Edwards,1948,2002,8,896,603,1112,896,1,230,Attchd,Unf,1948.0,3,0,8,Ex,TA,TA,No,0,Npfireplace,7800,78.0,20,RL,2Story,0,1,1,225000
5,1134,NAmes,1960,2002,7,1010,588,1134,0,1,254,Attchd,RFn,1960.0,1,0,6,TA,TA,TA,No,0,Npfireplace,7000,70.0,20,RL,1Story,16,1,1,135000
7,2196,SawyerW,1990,1991,7,2158,485,2196,0,3,701,Attchd,RFn,1990.0,2,0,7,Gd,Gd,Gd,Mn,1,TA,14684,90.0,20,RL,1Story,70,1,1,271900
6,1034,Mitchel,1976,1976,5,1012,539,1034,0,3,888,Attchd,Unf,1976.0,1,0,6,TA,TA,TA,Av,0,Npfireplace,12328,75.5,80,RL,SLvl,0,1,1,169900
6,1196,Edwards,1920,2000,8,684,0,684,512,2,528,Detchd,Unf,2005.0,1,0,7,Gd,TA,TA,Mn,0,Npfireplace,12354,67.0,50,RL,1.5Fin,46,1,1,110000
7,1826,OldTown,1915,2005,8,910,299,916,910,1,164,Attchd,Unf,1915.0,1,1,7,Ex,Gd,TA,No,1,Gd,2500,50.0,70,RM,2Story,0,1,1,155000
7,1588,CollgCr,1999,1999,5,1588,1162,1588,0,2,472,Attchd,RFn,1999.0,2,0,6,Gd,Gd,Gd,Av,0,Npfireplace,10264,78.0,20,RL,1Story,29,1,1,214000
5,1302,BrDale,1970,1970,5,630,0,630,672,2,440,Detchd,Unf,1970.0,2,1,6,TA,TA,TA,No,0,Npfireplace,2016,24.0,160,RM,2Story,0,1,1,106000
7,2514,Timber,1990,1991,5,1216,1216,1298,1216,2,693,Attchd,Fin,1990.0,2,1,8,TA,TA,Gd,No,0,Npfireplace,11170,72.0,60,RL,2Story,0,1,1,250000
7,1414,Blmngtn,2004,2004,5,1375,0,1414,0,2,398,Attchd,Fin,2004.0,2,0,6,Gd,Gd,Gd,No,1,TA,3072,43.0,120,RM,1Story,20,1,1,178740
3,944,Edwards,1952,1952,3,0,0,944,0,2,528,Detchd,Unf,1956.0,1,0,4,Fa,TA,NoBasement,NoBasement,0,Npfireplace,10206,74.0,20,RL,1Story,0,1,0,82000
5,1056,Gilbert,1955,1955,5,1056,1056,1056,0,2,572,Attchd,Fin,1955.0,1,0,5,TA,TA,TA,Mn,0,Npfireplace,34650,100.0,190,RL,1Story,0,1,1,145000
5,900,NAmes,1967,1967,5,864,769,900,0,1,288,Attchd,RFn,1967.0,1,0,6,TA,TA,TA,Av,1,Po,7838,68.0,85,RL,SFoyer,144,1,1,123000
5,904,Sawyer,1966,1966,7,876,0,904,0,1,408,Attchd,Unf,1966.0,1,0,6,TA,TA,TA,No,0,Npfireplace,7162,70.0,20,RL,1Story,0,1,1,109900
5,1040,NAmes,1950,1950,7,0,0,1040,0,2,625,Detchd,Unf,1950.0,1,0,5,TA,TA,NoBasement,NoBasement,0,Npfireplace,7200,60.0,20,RL,1Story,0,1,0,109500
10,2296,NridgHt,2008,2008,5,1722,1338,1728,568,3,842,BuiltIn,RFn,2008.0,2,1,10,Ex,Ex,Ex,Gd,1,Gd,13478,97.0,60,RL,2Story,274,1,1,451950
2,438,SWISU,1920,1950,5,290,290,438,0,1,246,Detchd,Unf,1930.0,1,0,3,Fa,TA,TA,No,0,Npfireplace,8400,60.0,30,RL,1Story,0,1,1,60000
6,1376,IDOTRR,1937,1950,6,780,0,780,596,1,198,Detchd,Unf,1937.0,2,0,7,TA,TA,TA,No,1,Gd,8600,50.0,50,RM,1.5Fin,0,1,1,119500
6,1724,NWAmes,1967,1976,5,1680,528,1724,0,2,480,Attchd,RFn,1967.0,1,1,7,TA,TA,Gd,Av,1,Gd,17871,80.0,80,RL,SLvl,0,1,1,197900
5,816,NAmes,1957,1957,7,816,708,816,0,1,308,Detchd,Unf,1957.0,1,0,5,TA,TA,TA,No,0,Npfireplace,7100,73.0,20,RL,1Story,0,1,1,129900
5,886,OldTown,1938,1996,8,190,0,886,0,1,273,Attchd,Unf,1938.0,1,0,4,TA,TA,Fa,No,0,Npfireplace,5784,50.0,30,RM,1Story,20,1,1,91300
6,1961,Mitchel,2001,2002,5,804,690,804,1157,2,560,BuiltIn,Fin,2001.0,2,1,7,Gd,TA,Ex,No,1,TA,12209,71.0,60,RL,2Story,192,1,1,215000
5,1020,Sawyer,1875,1996,8,780,0,780,240,0,0,NoGarage,NoGarage,0.0,1,0,6,TA,TA,TA,No,0,Npfireplace,6342,54.0,50,RL,1.5Fin,0,0,1,94000
6,1165,NAmes,1966,1966,7,1127,312,1165,0,2,490,Attchd,RFn,1966.0,1,1,6,TA,TA,TA,Gd,0,Npfireplace,9020,82.0,80,RL,SLvl,129,1,1,174900
7,1524,ClearCr,1979,1979,6,1332,1258,1332,192,2,586,Attchd,Fin,1979.0,0,1,4,Gd,Gd,Gd,Gd,1,TA,23595,80.0,40,RL,1Story,0,1,1,260000
8,1718,CollgCr,2007,2008,5,1705,1288,1718,0,3,826,Attchd,RFn,2007.0,2,0,7,Gd,Gd,Ex,Gd,1,Gd,10637,79.0,20,RL,1Story,44,1,1,297000
7,1405,NridgHt,2003,2003,5,1405,0,1405,0,2,478,Attchd,RFn,2003.0,2,0,6,Gd,Gd,Gd,No,1,Gd,3136,90.0,120,RL,1Story,36,1,1,171750
4,1126,Edwards,1949,2003,5,0,0,1126,0,2,520,Detchd,Fin,2002.0,2,0,5,Gd,TA,NoBasement,NoBasement,0,Npfireplace,8777,67.0,20,RL,1Story,96,1,0,108000
9,1850,NridgHt,2004,2005,5,1833,1261,1850,0,3,772,Attchd,Fin,2004.0,2,0,8,Gd,Gd,Ex,Gd,1,Gd,16033,98.0,20,RL,1Story,112,1,1,326000
4,1344,MeadowV,1970,2008,6,546,0,798,546,0,0,NoGarage,NoGarage,0.0,1,1,6,TA,TA,TA,No,1,TA,1533,21.0,160,RM,2Story,0,0,1,97000
9,1944,NridgHt,2003,2004,5,1896,1274,1944,0,3,708,Attchd,Fin,2003.0,2,0,8,Ex,Gd,Ex,Gd,3,Ex,12378,90.0,20,RL,1Story,175,1,1,360000
5,864,Sawyer,1965,1965,5,864,553,864,0,1,360,Detchd,Unf,1965.0,1,0,5,TA,TA,TA,No,1,Po,8281,60.0,20,RL,1Story,0,1,1,62383
5,1520,SWISU,1932,2000,5,793,182,848,672,1,281,Detchd,Unf,1968.0,1,0,6,TA,TA,TA,No,0,Npfireplace,4500,55.0,50,RH,1.5Fin,0,1,1,159434
5,2372,OldTown,1892,1965,4,994,0,1378,994,1,432,Attchd,RFn,1985.0,2,0,11,TA,TA,TA,No,0,Npfireplace,6600,60.0,70,RM,2Story,287,1,1,107500
5,1022,OldTown,1910,2006,4,1022,247,1022,0,1,280,Detchd,Unf,1956.0,1,0,4,TA,TA,TA,No,0,Npfireplace,7200,60.0,30,RM,1Story,30,1,1,85000
7,1779,CollgCr,1998,1998,5,866,0,866,913,2,546,Attchd,RFn,1998.0,2,1,6,Gd,TA,Gd,Av,0,Npfireplace,10400,80.0,60,RL,2Story,36,1,1,197900
5,616,BrkSide,1921,1950,7,616,616,616,0,1,205,Detchd,Unf,1921.0,1,0,4,TA,TA,TA,No,0,Npfireplace,6000,50.0,30,RM,1Story,0,1,1,89000
5,1078,NAmes,1971,2008,6,1078,734,1078,0,2,500,Attchd,Fin,1971.0,1,1,6,TA,TA,TA,No,1,Fa,12537,73.0,20,RL,1Story,0,1,1,149900
4,1981,SWISU,1928,1950,3,1122,622,1328,653,2,576,Detchd,Unf,1981.0,2,0,7,Gd,TA,TA,No,2,TA,7804,65.0,50,RL,1.5Fin,44,1,1,135000
7,2256,Gilbert,2000,2000,5,952,300,980,1276,2,554,BuiltIn,Fin,2000.0,2,1,8,Gd,Gd,Gd,No,1,TA,8795,65.0,60,RL,2Story,54,1,1,236000
6,720,OldTown,1928,2003,8,624,0,720,0,2,484,Detchd,Unf,2005.0,1,0,5,TA,TA,TA,No,0,Npfireplace,8520,60.0,30,RM,1Story,0,1,1,105900
6,1218,BrkSide,1941,1950,6,735,375,869,349,2,440,Detchd,Unf,2003.0,1,0,6,TA,TA,TA,No,1,Gd,6000,60.0,50,RM,1.5Fin,0,1,1,131000
6,1586,NWAmes,1979,1998,5,1362,0,1586,0,2,435,Attchd,Unf,1979.0,2,0,7,TA,TA,Gd,No,1,TA,17043,48.0,20,RL,1Story,0,1,1,181000
9,2234,StoneBr,2008,2009,5,2216,1904,2234,0,3,1166,Attchd,Fin,2009.0,2,0,9,Ex,Ex,Ex,No,1,Gd,17423,63.0,20,RL,1Story,60,1,1,501837
5,900,Sawyer,1967,1967,5,882,450,900,0,1,280,Detchd,Unf,1970.0,1,0,5,TA,TA,TA,No,0,Npfireplace,9819,70.0,20,RL,1Story,0,1,1,122000
4,1363,OldTown,1910,1950,7,622,0,741,622,2,528,Detchd,Unf,1966.0,1,0,6,TA,TA,Fa,No,0,Npfireplace,7740,60.0,70,RM,2Story,0,1,1,125500
4,1056,SawyerW,1966,1966,4,1056,1056,1056,0,1,384,Detchd,Unf,1966.0,1,0,5,TA,TA,TA,No,0,Npfireplace,8900,68.0,20,RH,1Story,42,1,1,107000
6,1003,Mitchel,1984,1984,6,1003,819,1003,0,2,588,Detchd,Unf,1984.0,1,0,6,TA,TA,TA,Av,0,Npfireplace,7937,37.0,80,RL,SLvl,0,1,1,142500
6,2134,BrkSide,1916,1994,6,844,0,1445,689,2,441,Detchd,Unf,1930.0,2,0,10,Gd,TA,TA,No,0,Npfireplace,11888,51.0,75,RL,2.5Unf,60,1,1,214500
6,1355,IDOTRR,1914,2006,7,684,0,773,582,0,0,NoGarage,NoGarage,0.0,1,1,7,Gd,TA,TA,No,0,Npfireplace,6882,60.0,70,RM,2Story,0,0,1,127000
6,1489,SWISU,1940,1950,7,778,0,944,545,1,240,Detchd,Unf,1940.0,2,0,7,TA,TA,TA,No,1,Gd,9900,60.0,50,RL,1.5Fin,0,1,1,139500
6,1855,Veenker,1976,1994,7,528,0,1094,761,2,512,Attchd,RFn,1976.0,2,1,7,TA,Gd,TA,No,1,TA,9600,80.0,80,RL,SLvl,100,1,1,187000
8,1665,NWAmes,2001,2001,6,810,643,810,855,2,528,Attchd,Fin,2001.0,2,1,6,Gd,Gd,Gd,No,0,Npfireplace,8400,70.0,60,RL,2Story,45,1,1,227000
7,1744,SawyerW,1993,2003,7,996,402,1014,730,2,457,Attchd,RFn,1993.0,2,1,7,Gd,Gd,Gd,No,0,Npfireplace,9453,68.0,60,RL,2Story,70,1,1,194500
3,1526,IDOTRR,1915,1982,2,1013,0,1013,0,0,0,NoGarage,NoGarage,0.0,1,0,6,Fa,Fa,TA,No,0,Npfireplace,8470,105.0,50,C (all),1.5Fin,0,0,1,85000
4,1382,Sawyer,1963,1979,5,1051,547,1382,0,2,459,Attchd,Unf,1974.0,1,1,6,TA,TA,TA,No,1,Po,11235,75.0,20,RL,1Story,82,1,1,148000
5,1308,Crawfor,1940,1950,7,728,428,976,332,1,256,Detchd,Unf,1940.0,1,1,7,TA,Gd,TA,No,2,TA,9600,130.0,50,RL,1.5Fin,70,1,1,160000
6,1478,NAmes,1957,1957,3,1478,189,1478,0,2,442,Attchd,RFn,1957.0,1,1,6,TA,TA,TA,No,2,Gd,8400,70.0,20,RL,1Story,0,1,1,156500
5,1056,NAmes,1954,2005,7,1056,480,1056,0,1,260,Attchd,Unf,1954.0,1,0,6,TA,TA,TA,No,0,Npfireplace,9250,80.0,20,RL,1Story,0,1,1,139400
6,1176,BrkSide,1937,2000,9,698,0,786,390,2,624,Detchd,Unf,1999.0,1,0,4,TA,Gd,TA,No,0,Npfireplace,6000,50.0,50,RM,1.5Fin,0,1,1,134900
6,1068,Sawyer,1963,2003,8,1059,663,1068,0,1,264,Attchd,RFn,1963.0,1,0,6,TA,TA,TA,No,0,Npfireplace,8414,70.0,20,RL,1Story,0,1,1,154500
7,1370,NWAmes,1976,1976,5,1090,0,1370,0,2,479,Attchd,RFn,1976.0,2,0,6,TA,TA,Gd,No,1,TA,10400,80.0,20,RL,1Story,0,1,1,152000
7,1923,NoRidge,1992,1992,5,750,674,1061,862,2,564,Attchd,RFn,1992.0,2,1,8,Gd,Gd,Gd,No,1,TA,10186,107.0,60,RL,2Story,39,1,1,190000
5,1716,SWISU,1912,2000,6,780,210,936,780,0,0,NoGarage,NoGarage,0.0,2,0,9,Fa,TA,TA,No,0,Npfireplace,5687,55.0,190,RL,2Story,184,0,1,135900
5,1416,Sawyer,1918,2007,7,816,0,1416,0,2,576,Attchd,Unf,2007.0,2,0,7,Gd,TA,TA,No,0,Npfireplace,25339,70.0,30,RL,1Story,0,1,1,112000
5,1250,Edwards,1918,1950,7,686,0,686,564,1,280,Detchd,Unf,1955.0,1,1,7,Fa,TA,TA,No,0,Npfireplace,8248,45.0,50,RL,1.5Fin,0,1,1,116000
9,2728,NridgHt,2005,2006,5,1848,1410,1848,880,3,706,Attchd,Fin,2006.0,2,1,10,Ex,Ex,Ex,No,2,Ex,20431,56.0,60,RL,2Story,0,1,1,437154
8,2169,CollgCr,2002,2002,5,1284,0,1284,885,2,647,Attchd,RFn,2002.0,2,1,7,Gd,Gd,Gd,No,1,Gd,9375,69.0,60,RL,2Story,87,1,1,228500
6,790,SWISU,1930,1950,5,768,384,790,0,1,160,Detchd,Unf,1925.0,1,0,4,TA,TA,Gd,Mn,0,Npfireplace,6292,52.0,30,RL,1Story,141,1,1,91000
7,1502,Crawfor,1931,2000,6,776,0,851,651,1,270,Attchd,RFn,1931.0,1,1,6,TA,TA,Gd,No,1,Gd,7200,60.0,70,RL,2Story,0,1,1,149000
7,2021,Gilbert,2006,2006,5,868,0,887,1134,2,422,BuiltIn,RFn,2006.0,2,1,9,Gd,Gd,Ex,No,1,Gd,23257,168.0,60,RL,2Story,100,1,1,274725
5,1203,BrkSide,1950,1950,4,709,185,979,224,1,352,Detchd,Unf,1950.0,1,0,5,Gd,TA,TA,No,1,TA,7015,51.0,50,RL,1.5Fin,0,1,1,110000
6,1258,Edwards,1939,1950,5,560,204,698,560,1,280,Detchd,Unf,1939.0,1,0,6,TA,TA,TA,Mn,0,Npfireplace,9060,60.0,50,RL,1.5Fin,0,1,1,105000
6,1638,Gilbert,1998,1998,5,943,828,943,695,2,472,Attchd,Fin,1998.0,2,1,7,TA,TA,Gd,Gd,2,TA,9042,59.0,60,RL,2Story,38,1,1,192000
5,990,CollgCr,1994,1994,5,990,495,990,0,1,299,Attchd,Unf,1996.0,1,0,5,TA,TA,Gd,No,0,Npfireplace,8775,65.0,20,RL,1Story,64,1,1,126000
8,1970,NridgHt,2006,2006,5,1085,0,1120,850,3,753,BuiltIn,Fin,2006.0,2,1,8,Ex,Gd,Gd,Mn,1,Gd,11065,86.0,60,RL,2Story,74,1,1,281000
5,1582,ClearCr,1964,1964,5,1624,812,1582,0,2,390,Attchd,Unf,1964.0,2,0,7,TA,TA,TA,Av,0,Npfireplace,36500,80.0,20,RL,1Story,198,1,1,190000
7,1865,CollgCr,2000,2000,5,992,735,992,873,3,839,Attchd,RFn,2000.0,2,1,7,Gd,Gd,Gd,No,1,TA,10316,69.0,60,RL,2Story,184,1,1,235000
5,1192,IDOTRR,1920,1950,5,596,0,596,596,1,189,Detchd,Unf,1920.0,1,0,6,TA,TA,TA,Mn,0,Npfireplace,6402,60.0,70,RM,2Story,0,1,1,78000
7,1472,NWAmes,1980,1980,5,1372,1036,1472,0,2,588,Attchd,Unf,1980.0,2,0,6,TA,TA,Gd,Av,2,TA,14115,80.0,80,RL,SLvl,48,1,1,187500
6,1012,IDOTRR,1920,1950,5,1012,0,1012,0,1,308,Detchd,Unf,1920.0,1,0,6,TA,TA,TA,No,1,Gd,8263,59.0,30,RM,1Story,22,1,1,118400
7,1509,Gilbert,2003,2003,5,783,0,807,702,2,393,Attchd,Fin,2003.0,2,1,8,Gd,Gd,Gd,No,1,Gd,7875,63.0,60,RL,2Story,75,1,1,180000
5,912,Sawyer,1962,1962,6,912,737,912,0,1,352,Detchd,Unf,1962.0,1,0,4,TA,TA,TA,No,0,Npfireplace,12968,70.0,20,RL,1Story,0,1,1,144000
6,1656,NAmes,1960,1960,5,1080,639,1656,0,2,528,Attchd,Fin,1960.0,1,0,7,TA,TA,TA,Gd,2,Gd,31770,141.0,20,RL,1Story,62,1,1,215000
8,2574,CollgCr,2007,2007,5,1482,0,1482,1092,3,868,BuiltIn,Fin,2007.0,2,1,10,Ex,Gd,Ex,No,1,Gd,9588,69.0,60,RL,2Story,148,1,1,276000
5,912,NAmes,1958,1958,5,912,456,912,0,1,275,Attchd,RFn,1958.0,1,0,5,TA,TA,TA,No,0,Npfireplace,10150,70.0,20,RL,1Story,0,1,1,114500
6,1442,NAmes,1958,1958,6,1442,608,1442,0,1,301,Attchd,RFn,1958.0,1,1,7,TA,TA,TA,No,0,Npfireplace,9750,75.0,20,RL,1Story,0,1,1,157900
5,1121,Sawyer,1963,1963,6,1121,651,1121,0,2,480,Detchd,Unf,1963.0,1,0,5,TA,TA,TA,No,0,Npfireplace,8816,80.0,20,RL,1Story,80,1,1,139000
8,1852,CollgCr,1999,2000,5,1004,668,1004,848,3,660,Attchd,Fin,1999.0,2,1,7,Gd,Gd,Gd,Mn,2,TA,9066,73.0,60,RL,2Story,106,1,1,230000
10,2775,OldTown,1893,2000,9,1237,0,1521,1254,2,880,Detchd,Unf,1988.0,3,1,9,Gd,Ex,TA,No,1,Gd,13500,75.0,75,RM,2.5Unf,502,1,1,325000
6,1381,NWAmes,1972,2006,7,1161,982,1381,0,2,676,Attchd,RFn,1972.0,1,1,5,Gd,TA,TA,No,1,TA,9360,78.0,20,RL,1Story,0,1,1,197500
3,1040,NAmes,1950,1950,4,0,0,1040,0,2,400,Detchd,Unf,1949.0,2,0,6,TA,TA,NoBasement,NoBasement,0,Npfireplace,8544,60.0,90,RL,1Story,0,1,0,93500
6,1764,CollgCr,1997,1997,5,928,821,928,836,2,470,Attchd,RFn,1997.0,2,1,7,Gd,TA,Gd,No,0,Npfireplace,15426,65.0,60,RL,2Story,99,1,1,231500
5,1920,NAmes,1948,1950,5,928,220,928,992,2,400,Detchd,Unf,1948.0,2,0,10,TA,TA,TA,No,0,Npfireplace,11345,95.0,90,RL,2Story,0,1,1,137000
5,804,OldTown,1940,1992,7,788,510,804,0,1,240,Attchd,Unf,1940.0,1,0,4,Gd,TA,TA,No,2,Gd,7200,60.0,30,RM,1Story,0,1,1,119000
10,2392,NridgHt,2003,2003,5,2392,56,2392,0,3,968,Attchd,Fin,2003.0,2,0,8,Ex,Ex,Ex,Gd,1,Ex,13472,103.0,20,RL,1Story,105,1,1,386250
6,1603,SawyerW,1992,1992,5,761,387,810,793,2,484,Attchd,RFn,1992.0,2,1,7,Gd,Gd,Gd,No,0,Npfireplace,7153,65.0,60,RL,2Story,124,1,1,175900
5,1276,Edwards,1958,1958,3,1276,0,1276,0,1,350,Attchd,Unf,1958.0,1,0,5,TA,TA,TA,No,0,Npfireplace,9571,68.0,20,RL,1Story,0,1,1,60000
8,1719,Veenker,1993,1993,5,1719,1619,1719,0,2,473,Attchd,Fin,1993.0,1,1,6,Gd,Gd,Gd,Gd,2,Gd,10846,32.0,120,RL,1Story,30,1,1,324000
5,1336,Crawfor,1953,1953,5,1165,841,1336,0,1,375,Attchd,Unf,1953.0,1,0,5,TA,TA,TA,Mn,2,Gd,15750,90.0,190,RL,1Story,0,1,1,157000
6,987,BrDale,1973,1973,5,483,330,483,504,1,264,Detchd,Unf,1973.0,1,1,5,TA,TA,TA,No,0,Npfireplace,1680,21.0,160,RM,2Story,0,1,1,100000
8,2520,NoRidge,1993,1993,7,1338,1012,1352,1168,3,796,Attchd,RFn,1993.0,2,1,10,Gd,Gd,Gd,No,1,TA,14541,91.0,60,RL,2Story,55,1,1,310000
2,800,BrkSide,1936,1950,3,264,0,800,0,0,0,NoGarage,NoGarage,0.0,1,0,4,Fa,Fa,TA,No,1,Po,6120,51.0,30,RM,1Story,0,0,1,60000
7,1920,NWAmes,1968,1992,6,570,0,1222,698,2,487,Attchd,RFn,1968.0,3,0,8,Gd,TA,TA,No,1,TA,10192,102.0,80,RL,SLvl,98,1,1,170000
5,2240,SawyerW,1979,1979,5,0,0,1120,1120,2,528,Detchd,Unf,1979.0,2,0,12,TA,TA,NoBasement,NoBasement,0,Npfireplace,7018,64.0,90,RL,2Story,0,1,0,142953
7,1690,OldTown,1916,1950,6,815,0,815,875,1,225,Detchd,Unf,1916.0,1,0,7,TA,TA,TA,No,1,Gd,8850,65.0,75,RM,2.5Unf,0,1,1,144000
6,1322,NPkVill,1974,1974,5,855,257,855,467,2,440,Attchd,Unf,1974.0,2,1,6,TA,TA,TA,No,1,Fa,2308,24.0,160,RL,2Story,0,1,1,147000
7,1776,CollgCr,2002,2002,5,936,0,936,840,2,474,Attchd,RFn,2002.0,2,1,7,Gd,Gd,Gd,NoBasement,1,TA,14006,65.0,60,RL,2Story,96,1,1,192500
7,1717,Crawfor,1915,1970,5,756,216,961,756,3,642,Detchd,Unf,1998.0,1,0,7,Gd,TA,TA,No,1,Gd,9550,60.0,70,RL,2Story,35,1,1,140000
7,1456,Gilbert,2007,2007,5,728,0,728,728,2,400,Attchd,Fin,2007.0,2,1,8,Gd,Gd,Gd,Av,1,Gd,9018,65.0,60,RL,2Story,24,1,1,179540
8,1634,NridgHt,2006,2006,5,1626,0,1634,0,3,866,Attchd,RFn,2006.0,2,0,7,Gd,Gd,Gd,No,1,Gd,11428,98.0,20,RL,1Story,44,1,1,250000
7,2730,SawyerW,1986,1987,5,1502,28,1553,1177,2,576,Attchd,Fin,1987.0,2,1,8,Gd,Gd,TA,Gd,1,TA,10380,86.0,60,RL,2Story,96,1,1,301000
5,1362,Mitchel,1993,1995,5,796,732,796,566,2,480,Attchd,Unf,1993.0,1,1,5,TA,TA,Gd,No,0,Npfireplace,14115,85.0,50,RL,1.5Fin,30,1,1,143000
5,2200,Edwards,1900,2003,7,1272,1084,1272,928,0,0,NoGarage,NoGarage,0.0,2,2,9,TA,TA,TA,No,0,Npfireplace,8777,67.0,90,RL,1.5Fin,70,0,1,145900
7,1656,Edwards,2003,2004,5,746,0,760,896,2,397,BuiltIn,Fin,2003.0,2,1,7,Gd,Gd,Gd,No,1,Gd,6931,60.0,60,RL,2Story,128,1,1,165400
3,729,BrkSide,1935,2003,6,270,0,729,0,0,0,NoGarage,NoGarage,0.0,1,0,5,TA,Gd,TA,No,0,Npfireplace,4130,56.0,30,RL,1Story,0,0,1,52000
4,1152,Edwards,1955,1955,5,0,0,1152,0,0,0,NoGarage,NoGarage,0.0,2,0,6,Fa,TA,NoBasement,NoBasement,0,Npfireplace,6040,65.0,90,RL,1Story,0,0,0,82000
7,1496,Gilbert,2006,2006,5,654,554,664,832,2,426,Attchd,RFn,2006.0,2,1,7,Gd,Gd,Gd,Av,1,Gd,17104,58.0,60,RL,2Story,24,1,1,179665
6,1217,SawyerW,1980,1980,6,626,0,626,591,1,288,Attchd,RFn,1980.0,1,1,6,TA,TA,Gd,No,1,TA,10762,75.0,160,RL,2Story,28,1,1,120000
5,1214,NAmes,1967,1967,5,1214,695,1214,0,1,318,Attchd,RFn,1967.0,2,0,5,TA,TA,TA,No,1,Fa,10355,73.0,20,RL,1Story,111,1,1,143000
5,796,Edwards,1910,1950,7,796,0,796,0,0,0,NoGarage,NoGarage,0.0,1,0,4,TA,TA,Fa,No,0,Npfireplace,8777,67.0,30,RL,1Story,0,0,1,85000
7,1889,OldTown,1910,1950,4,925,0,964,925,1,308,Detchd,Unf,1960.0,1,1,9,TA,Fa,TA,No,1,Gd,10120,60.0,190,RM,2.5Unf,0,1,1,122000
7,1660,CollgCr,2002,2002,5,831,0,831,829,2,493,Attchd,RFn,2002.0,2,1,7,Gd,Gd,Gd,No,0,Npfireplace,8935,68.0,60,RL,2Story,68,1,1,195000
6,1306,NridgHt,2005,2005,5,1306,900,1306,0,2,624,Attchd,RFn,2005.0,2,0,5,Gd,Gd,Gd,Av,1,Gd,5381,34.0,120,RL,1Story,63,1,1,196000
8,1588,Somerst,2006,2006,5,1588,0,1588,0,3,825,Attchd,RFn,2006.0,2,0,7,Gd,Gd,Gd,Av,1,Gd,10000,85.0,20,RL,1Story,45,1,1,227000
7,1601,NWAmes,1978,1978,5,1271,704,1601,0,2,478,Attchd,RFn,1978.0,2,0,7,TA,TA,Gd,No,1,TA,11880,82.0,20,RL,1Story,0,1,1,157000
7,2640,OldTown,1880,2003,7,1240,0,1320,1320,4,864,Detchd,Unf,1950.0,1,1,8,Gd,Gd,TA,No,1,Gd,11700,65.0,70,RM,2Story,0,1,1,265979
8,3238,NoRidge,1995,1996,5,2033,816,2053,1185,3,666,Attchd,Fin,1996.0,2,1,9,Gd,Gd,Gd,Av,1,Ex,14720,56.0,50,RL,1.5Fin,86,1,1,410000
8,2466,Somerst,2004,2005,5,1580,0,1580,886,2,610,Attchd,RFn,2004.0,3,0,8,Gd,Gd,Gd,No,1,Gd,11143,102.0,60,FV,2Story,214,1,1,340000
7,1432,Gilbert,2004,2005,5,716,425,716,716,2,432,Attchd,Fin,2004.0,2,1,6,Gd,Gd,Gd,No,1,Gd,7795,71.0,60,RL,2Story,51,1,1,188500
7,1258,Blmngtn,2006,2007,5,1258,0,1258,0,3,648,Attchd,Fin,2007.0,2,0,6,Gd,Gd,Ex,Av,1,Gd,3922,53.0,120,RL,1Story,16,1,1,172500
9,2596,NridgHt,2006,2006,5,1249,0,1249,1347,3,840,Attchd,RFn,2006.0,3,1,9,Gd,TA,Ex,Av,0,Npfireplace,16259,111.0,60,RL,2Story,154,1,1,342643
7,1547,Somerst,2009,2009,5,756,24,764,783,2,614,Attchd,Unf,2009.0,2,1,7,Gd,TA,Gd,Mn,0,Npfireplace,8640,72.0,60,FV,2Story,45,1,1,215200
9,2599,NoRidge,1999,1999,5,1393,0,1422,1177,3,779,BuiltIn,Fin,1999.0,2,1,10,Gd,Gd,Gd,No,1,TA,14774,108.0,60,RL,2Story,30,1,1,333168
7,1389,OldTown,1946,1992,8,651,0,707,682,1,240,Detchd,Unf,1947.0,1,1,6,TA,TA,TA,No,2,Gd,3378,60.0,60,RM,2Story,0,1,1,135000
5,1048,BrkSide,1922,1950,6,993,0,1048,0,1,280,Detchd,Unf,1922.0,1,0,5,TA,TA,TA,No,1,Gd,6380,58.0,45,RM,1.5Unf,0,1,1,113000
7,1775,SawyerW,1993,1993,5,740,513,1006,769,2,425,Attchd,Unf,1993.0,2,1,7,Gd,Gd,Gd,No,1,TA,9317,75.0,60,RL,2Story,72,1,1,213000
4,912,BrkSide,1947,1950,5,0,0,672,240,0,0,NoGarage,NoGarage,0.0,1,0,3,TA,TA,NoBasement,NoBasement,0,Npfireplace,6240,52.0,50,RM,1.5Fin,0,0,0,80500
5,1130,OldTown,1920,1950,6,1120,821,1130,0,2,720,Detchd,Unf,1970.0,1,0,5,TA,TA,TA,No,1,Gd,10800,60.0,30,RL,1Story,0,1,1,120000
6,848,CollgCr,2003,2003,5,848,685,848,0,2,420,Attchd,Fin,2003.0,1,0,4,Gd,Gd,Gd,Av,0,Npfireplace,4435,69.0,120,RM,1Story,0,1,1,140000
6,987,BrDale,1970,1970,6,483,321,483,504,1,280,Detchd,Unf,1987.0,1,1,5,TA,TA,TA,No,0,Npfireplace,1869,21.0,160,RM,2Story,0,1,1,106000
5,792,OldTown,1924,2006,8,768,0,792,0,1,240,Detchd,Unf,1924.0,1,0,5,Gd,Gd,TA,No,0,Npfireplace,9022,52.0,30,RL,1Story,0,1,1,109500
4,1005,NAmes,1955,1955,5,1005,0,1005,0,2,672,Detchd,Unf,1977.0,1,0,5,Fa,TA,TA,No,1,TA,10434,60.0,20,RL,1Story,0,1,1,115000
8,2374,NridgHt,2003,2004,5,1181,0,1234,1140,3,656,BuiltIn,Fin,2003.0,2,1,10,Ex,Gd,Gd,No,1,Gd,11999,93.0,60,RL,2Story,100,1,1,285000
5,2601,SWISU,1921,1998,6,612,0,990,1611,2,621,BuiltIn,RFn,1998.0,3,1,8,TA,TA,TA,No,0,Npfireplace,9842,51.0,70,RL,2Story,0,1,1,189000
7,2207,NAmes,1970,1989,5,1947,912,2207,0,2,576,Attchd,RFn,1970.0,2,0,7,TA,TA,Gd,Gd,1,Gd,19900,73.0,20,RL,1Story,0,1,1,180000
4,1230,BrkSide,1946,1950,7,747,384,774,456,1,305,Detchd,Unf,1946.0,1,1,5,TA,TA,TA,No,0,Npfireplace,4712,51.0,50,RL,1.5Fin,57,1,1,121600
8,2042,NridgHt,2008,2009,5,2042,0,2042,0,3,1390,Attchd,RFn,2009.0,2,1,8,Ex,Ex,Ex,No,1,Gd,12704,98.0,20,RL,1Story,90,1,1,253293
4,747,BrkSide,1926,1953,5,600,0,747,0,2,528,Detchd,Unf,1953.0,1,0,5,TA,TA,Fa,Mn,0,Npfireplace,5825,52.0,30,RL,1Story,0,1,1,79900
6,1212,Edwards,2009,2009,5,1212,36,1212,0,2,460,Attchd,RFn,2009.0,2,0,6,Gd,TA,Gd,Mn,0,Npfireplace,10420,83.0,20,RL,1Story,22,1,1,186000
7,1382,Somerst,2000,2000,5,673,641,673,709,2,490,Detchd,Unf,2000.0,2,1,6,Gd,Gd,Gd,No,0,Npfireplace,2651,72.0,160,FV,2Story,50,1,1,165000
5,1432,OldTown,1910,2002,7,264,0,768,664,2,360,Detchd,Unf,1910.0,2,0,7,TA,TA,Fa,No,0,Npfireplace,9600,60.0,70,RM,2Story,0,1,1,132000
5,1159,Sawyer,1968,1968,5,1051,673,1159,0,1,336,Attchd,Unf,1968.0,1,1,7,TA,TA,TA,No,1,Fa,11553,70.0,20,RL,1Story,0,1,1,158000
8,1337,StoneBr,1993,1993,5,1337,733,1337,0,2,462,Attchd,RFn,1993.0,2,0,5,Gd,Gd,Gd,No,1,TA,5395,41.0,120,RL,1Story,0,1,1,180000
5,2080,NAmes,1969,1969,5,1040,650,1040,1040,2,504,Attchd,Unf,1969.0,1,2,9,Fa,TA,Gd,Av,2,TA,11606,70.0,60,RL,2Story,0,1,1,135000
8,2417,NoRidge,1991,1992,5,1288,0,1301,1116,2,462,Attchd,Unf,1991.0,2,1,9,Gd,Gd,Gd,No,1,TA,16059,121.0,60,RL,2Story,82,1,1,260000
4,948,Edwards,1954,1954,6,948,732,948,0,1,280,Detchd,Unf,1956.0,1,0,5,TA,TA,TA,No,1,TA,8190,60.0,20,RL,1Story,36,1,1,119000
3,968,OldTown,1910,1950,6,600,0,600,368,0,0,NoGarage,NoGarage,0.0,1,0,6,TA,TA,TA,No,0,Npfireplace,5925,50.0,50,RM,1.5Fin,0,0,1,37900
4,1120,Sawyer,1961,1961,5,1040,932,1120,0,2,544,Attchd,RFn,1961.0,1,1,5,Fa,TA,TA,No,0,Npfireplace,6970,85.0,20,RL,1Story,0,1,1,129000
5,985,CollgCr,1977,1977,8,985,595,985,0,1,328,Attchd,Unf,1977.0,2,0,6,TA,Gd,Gd,Av,0,Npfireplace,8385,65.0,80,RL,SLvl,0,1,1,149900
6,2112,NAmes,1969,1969,5,952,500,1092,1020,2,576,Attchd,Unf,1969.0,2,1,9,TA,TA,Fa,Mn,2,Gd,11075,85.0,60,RL,2Story,0,1,1,206900
8,1742,OldTown,1882,1986,9,916,216,916,826,2,424,Attchd,Unf,1925.0,1,1,8,Gd,Gd,TA,No,1,Gd,17671,121.0,70,RM,2Story,169,1,1,168000
6,1412,Gilbert,2006,2007,5,616,0,616,796,2,432,BuiltIn,Fin,2007.0,2,1,6,Gd,TA,Gd,No,1,Gd,8499,73.0,60,RL,2Story,36,1,1,156932
5,1632,Mitchel,1967,1967,4,1632,0,1632,0,2,576,Attchd,Unf,1967.0,2,0,8,TA,TA,TA,Av,0,Npfireplace,25000,100.0,90,RL,1Story,0,1,1,143000
5,816,Mitchel,1982,1982,7,816,546,816,0,1,264,Attchd,Unf,1982.0,1,0,5,TA,TA,TA,Gd,0,Npfireplace,8314,76.0,20,RL,1Story,0,1,1,124500
7,2090,StoneBr,1984,1984,5,1190,828,1190,900,2,577,Attchd,Fin,1984.0,2,0,6,Gd,Gd,Gd,Mn,1,TA,5062,63.0,160,RL,2Story,0,1,1,207500
6,987,BrDale,1972,2007,8,483,162,483,504,1,264,Detchd,Unf,1972.0,1,1,5,Gd,TA,TA,No,0,Npfireplace,1680,21.0,160,RM,2Story,0,1,1,118000
7,1786,CollgCr,2001,2002,5,920,486,920,866,2,608,Attchd,RFn,2001.0,2,1,6,Gd,Gd,Gd,Mn,1,TA,11250,68.0,60,RL,2Story,42,1,1,223500
8,1694,Somerst,2004,2005,5,1686,1369,1694,0,2,636,Attchd,RFn,2004.0,2,0,7,Gd,Gd,Ex,Av,1,Gd,10084,75.0,20,RL,1Story,57,1,1,307000
5,1118,OldTown,1939,1950,7,793,507,793,325,2,410,Detchd,Unf,1939.0,1,0,5,TA,TA,Gd,Mn,1,Gd,7800,65.0,190,RM,1.5Fin,0,1,1,119900
5,1283,NAmes,1962,1980,7,931,504,1283,0,2,506,Detchd,Unf,1980.0,1,0,6,TA,TA,TA,No,0,Npfireplace,7763,70.0,20,RL,1Story,0,1,1,140000
6,1505,NAmes,1953,1953,4,1505,1024,1505,0,2,505,Attchd,RFn,1953.0,1,0,6,TA,TA,TA,No,1,TA,12160,128.0,20,RL,1Story,0,1,1,149500
6,2555,Crawfor,1922,1994,7,588,0,1423,748,2,672,Detchd,Fin,1993.0,2,0,11,TA,TA,Ex,No,1,Gd,11526,79.0,70,RL,2.5Fin,0,1,1,191000
5,1236,NAmes,1957,1996,6,1070,360,1236,0,1,447,Attchd,Unf,1957.0,1,0,6,Gd,TA,TA,No,1,Fa,10011,72.0,20,RL,1Story,0,1,1,134450
7,1674,Somerst,2000,2000,5,814,533,814,860,2,663,Attchd,RFn,2000.0,2,1,7,Gd,Gd,Gd,No,0,Npfireplace,7500,72.0,60,FV,2Story,96,1,1,216000
8,1704,NridgHt,2007,2008,5,1704,1218,1704,0,3,772,Attchd,RFn,2008.0,2,0,7,Gd,Gd,Ex,No,1,Gd,11478,98.0,20,RL,1Story,50,1,1,306000
8,1989,CollgCr,2002,2002,5,1065,932,1091,898,2,586,Attchd,Fin,2002.0,2,1,7,Gd,Gd,Gd,Mn,1,Gd,11367,90.0,60,RL,2Story,60,1,1,255000
7,1358,NridgHt,2009,2010,5,1358,733,1358,0,2,484,Attchd,RFn,2010.0,2,0,6,Gd,Gd,Gd,Mn,1,Gd,6371,44.0,120,RL,1Story,35,1,1,224000
5,1188,NAmes,1959,1959,5,1188,1000,1188,0,2,531,Attchd,RFn,1959.0,1,0,6,TA,TA,TA,No,0,Npfireplace,12160,73.0,20,RL,1Story,0,1,1,142000
5,1302,BrDale,1972,1972,7,630,231,630,672,1,264,Detchd,Unf,1972.0,2,1,6,TA,TA,TA,No,0,Npfireplace,1680,21.0,160,RM,2Story,0,1,1,119500
5,768,CollgCr,1972,2007,7,768,656,768,0,2,396,Detchd,Unf,1988.0,1,0,5,TA,TA,Gd,Av,0,Npfireplace,8445,70.0,85,RL,SFoyer,0,1,1,133000
5,1422,NAmes,1960,1978,5,978,0,1422,0,1,286,Attchd,RFn,1960.0,1,0,6,TA,TA,TA,No,1,TA,12342,73.0,20,RL,1Story,0,1,1,139900
7,1456,CollgCr,2005,2005,5,728,648,728,728,2,410,Attchd,Fin,2005.0,2,1,7,Gd,Gd,Gd,Av,1,Gd,8199,63.0,60,RL,2Story,18,1,1,189000
7,1604,CollgCr,2006,2006,5,1604,1334,1604,0,2,660,Attchd,RFn,2006.0,2,1,8,Gd,Gd,Gd,No,1,Gd,8814,68.0,20,RL,1Story,110,1,1,220000
8,1600,NridgHt,2007,2007,5,1566,0,1600,0,3,890,Attchd,RFn,2007.0,2,0,7,Gd,Gd,Gd,No,1,Gd,14230,110.0,20,RL,1Story,56,1,1,256300
7,1536,CollgCr,2002,2003,5,1536,810,1536,0,2,532,Attchd,RFn,2002.0,2,0,7,Gd,Gd,Gd,Av,0,Npfireplace,9135,70.0,20,RL,1Story,74,1,1,214000
5,1109,NAmes,1971,2005,7,372,349,576,533,1,288,BuiltIn,Unf,1971.0,1,0,5,TA,TA,TA,Av,0,Npfireplace,10500,70.0,80,RL,SLvl,0,1,1,139000
8,1656,Somerst,2006,2006,5,1656,24,1656,0,3,826,Attchd,RFn,2006.0,2,0,7,Gd,Gd,Gd,Av,0,Npfireplace,11096,84.0,20,FV,1Story,146,1,1,249700
4,1047,OldTown,1885,1995,7,641,0,1047,0,1,273,Detchd,Unf,1954.0,1,0,6,TA,TA,Fa,No,0,Npfireplace,10800,60.0,30,RM,1Story,0,1,1,100000
9,1869,NridgHt,2007,2007,5,1869,0,1869,0,2,617,Attchd,RFn,2007.0,2,0,6,Ex,Ex,Ex,No,1,Gd,7820,68.0,120,RL,1Story,54,1,1,318061
6,1425,NAmes,1964,1964,5,1425,490,1425,0,2,576,Attchd,RFn,1964.0,2,0,7,TA,TA,TA,No,1,Gd,10175,100.0,20,RL,1Story,0,1,1,180500
9,2868,StoneBr,2005,2006,5,1992,240,1992,876,3,716,BuiltIn,Fin,2005.0,3,1,11,Ex,Gd,Ex,Av,1,Gd,16056,85.0,60,RL,2Story,108,1,1,556581
5,990,CollgCr,1995,1995,5,990,716,990,0,2,576,Attchd,Unf,1996.0,1,0,5,TA,TA,Gd,No,0,Npfireplace,13568,43.0,20,RL,1Story,0,1,1,156000
6,988,ClearCr,1969,1969,5,938,938,988,0,2,540,Attchd,Unf,1969.0,1,0,4,TA,TA,TA,Gd,2,TA,21453,80.0,80,RL,SLvl,130,1,1,180000
7,1733,Gilbert,2003,2003,5,847,0,847,886,2,433,BuiltIn,Fin,2003.0,2,1,7,Gd,Gd,Gd,Gd,1,Gd,12394,65.0,60,RL,2Story,48,1,1,225000
5,894,Sawyer,1965,2009,8,894,553,894,0,1,336,Detchd,Unf,1973.0,1,0,5,TA,TA,TA,No,1,Gd,8450,65.0,20,RL,1Story,144,1,1,138500
7,1718,Gilbert,1998,1998,5,832,0,885,833,2,427,Attchd,Fin,1998.0,2,1,7,TA,TA,Gd,No,1,TA,10141,74.0,60,RL,2Story,94,1,1,185000
6,848,CollgCr,2004,2004,5,848,697,848,0,2,420,Attchd,RFn,2004.0,1,0,3,Gd,Gd,Gd,Av,1,TA,4426,69.0,120,RM,1Story,0,1,1,149300
9,1668,CollgCr,2002,2002,5,1626,1059,1668,0,3,702,Attchd,Fin,2002.0,2,0,7,Gd,Gd,Gd,Av,1,TA,11248,90.0,20,RL,1Story,45,1,1,285000
9,1752,NridgHt,2005,2005,5,1752,456,1752,0,2,576,Attchd,RFn,2005.0,2,0,6,Ex,Ex,Ex,No,1,Gd,7658,61.0,120,RL,1Story,82,1,1,319900
9,1702,NridgHt,2008,2008,5,1702,1540,1702,0,3,1052,Attchd,Fin,2008.0,1,1,7,Ex,Ex,Ex,No,1,Gd,8769,65.0,120,RL,1Story,72,1,1,367294
7,2398,NoRidge,1996,1997,5,1379,719,1383,1015,3,834,Attchd,Fin,1996.0,2,1,8,Gd,Gd,Gd,No,1,TA,11787,95.0,60,RL,2Story,60,1,1,315750
4,936,OldTown,1953,1953,4,936,0,936,0,2,576,Detchd,Unf,1974.0,1,0,4,TA,Fa,Fa,No,0,Npfireplace,6000,60.0,20,RM,1Story,32,1,1,93000
7,1720,NoRidge,1996,1996,5,1720,919,1720,0,2,527,Attchd,Fin,1996.0,2,0,7,Gd,Gd,Gd,No,1,TA,10593,59.0,20,RL,1Story,56,1,1,260400
5,1008,NAmes,1954,1954,6,1008,486,1008,0,1,275,Attchd,RFn,1954.0,1,0,4,TA,TA,TA,No,1,Gd,11425,73.0,20,RL,1Story,0,1,1,137000
8,1652,Crawfor,2008,2008,5,1600,1480,1652,0,2,482,Attchd,Fin,2008.0,2,0,5,Gd,Ex,Ex,Gd,1,Gd,5587,64.0,120,RM,1Story,53,1,1,392500
5,1347,Edwards,1910,1991,7,1117,969,820,527,0,0,NoGarage,NoGarage,0.0,1,0,5,TA,TA,Gd,Gd,0,Npfireplace,7000,70.0,190,RL,2Story,0,0,1,107500
7,1986,NAmes,1965,1990,6,768,454,1186,800,2,486,Attchd,Unf,1965.0,2,1,7,TA,TA,TA,No,3,Fa,13600,85.0,60,RL,2Story,42,1,1,205000
7,1277,NAmes,1970,1970,5,1277,778,1277,0,2,526,Attchd,Unf,1970.0,1,0,5,TA,TA,TA,Gd,1,Po,10628,85.0,20,RL,1Story,0,1,1,167000
5,858,Sawyer,1982,1982,5,858,685,858,0,2,576,Detchd,Unf,1983.0,1,0,5,TA,TA,Gd,Av,0,Npfireplace,7252,70.0,85,RL,SFoyer,0,1,1,134900
7,1173,NWAmes,1974,1974,6,1053,885,1173,0,2,528,Attchd,RFn,1974.0,2,0,6,Gd,TA,Gd,Gd,2,TA,10625,85.0,85,RL,SFoyer,120,1,1,170000
8,2810,NoRidge,1990,1990,5,1453,482,1453,1357,2,750,Attchd,RFn,1990.0,2,1,9,Gd,Gd,Ex,No,1,Ex,9572,91.0,60,RL,2Story,0,1,1,302000
8,2263,CollgCr,2001,2002,5,1055,0,1055,1208,2,905,BuiltIn,Fin,2001.0,2,1,7,Gd,Gd,Gd,No,1,TA,9240,69.0,60,RL,2Story,45,1,1,287000
6,1158,SawyerW,2004,2004,5,1158,941,1158,0,2,576,Detchd,Unf,2006.0,1,1,5,Gd,TA,Gd,No,0,Npfireplace,13072,63.0,20,RL,1Story,50,1,1,158000
5,964,Crawfor,1921,2006,7,876,713,964,0,2,432,Detchd,Unf,1921.0,1,0,5,TA,TA,Gd,No,0,Npfireplace,13360,80.0,30,RL,1Story,0,1,1,163500
4,1180,Crawfor,1922,1950,5,700,0,1180,0,1,252,Detchd,Unf,1922.0,1,0,5,Fa,TA,Fa,No,1,Gd,11600,80.0,30,RL,1Story,0,1,1,137500
5,864,CollgCr,1972,1972,7,864,390,864,0,1,352,Detchd,Unf,1989.0,1,0,5,TA,TA,TA,Av,0,Npfireplace,7180,60.0,20,RL,1Story,0,1,1,127000
6,1262,Somerst,2006,2006,5,1262,905,1262,0,2,572,Attchd,Fin,2006.0,2,0,5,Gd,Gd,Gd,No,0,Npfireplace,7200,60.0,20,FV,1Story,120,1,1,185000
6,912,Mitchel,1978,1978,6,888,773,912,0,2,470,Attchd,RFn,1978.0,1,0,5,TA,TA,Gd,Av,1,TA,7540,75.5,85,RL,SFoyer,0,1,1,156000
4,1294,OldTown,1900,2000,7,0,0,694,600,0,0,NoGarage,NoGarage,0.0,2,0,7,TA,TA,NoBasement,NoBasement,0,Npfireplace,10800,60.0,190,RL,2Story,114,0,0,106250
7,1836,CollgCr,2004,2005,5,1860,24,1836,0,2,484,Attchd,Fin,2004.0,2,0,8,Gd,Gd,Gd,No,1,Gd,9100,70.0,20,RL,1Story,33,1,1,216837
7,1232,CollgCr,2007,2007,5,1232,724,1232,0,2,632,Attchd,RFn,2007.0,2,0,6,Gd,Gd,Gd,Av,0,Npfireplace,7314,64.0,20,RL,1Story,0,1,1,194500
5,1340,Edwards,1957,2006,6,0,0,1340,0,1,252,Attchd,RFn,1957.0,1,0,7,TA,TA,NoBasement,NoBasement,1,Gd,9060,60.0,20,RL,1Story,0,1,0,120000
6,1298,SawyerW,1985,1985,5,1298,1258,1298,0,2,403,Attchd,Unf,1985.0,2,0,5,Gd,Gd,Gd,No,1,TA,11200,68.0,20,RL,1Story,26,1,1,180000
6,1855,Edwards,1954,1972,4,994,444,1216,639,1,325,Attchd,Unf,1954.0,2,0,7,TA,TA,TA,No,0,Npfireplace,9525,75.0,50,RL,1.5Fin,0,1,1,136900
5,884,SawyerW,1983,1983,7,840,747,884,0,2,504,Attchd,RFn,1983.0,1,0,5,Gd,TA,Gd,Av,0,Npfireplace,9180,68.0,85,RL,SFoyer,0,1,1,144000
8,1484,Timber,2006,2006,5,1476,428,1484,0,2,472,Attchd,RFn,2006.0,2,0,6,Ex,Gd,Gd,Av,1,Gd,9037,64.0,20,RL,1Story,33,1,1,265900
5,1284,OldTown,1947,1950,7,720,312,720,564,1,240,Detchd,Unf,1948.0,1,1,5,TA,TA,TA,No,0,Npfireplace,3500,50.0,50,RM,1.5Fin,35,1,1,110000
8,1973,NridgHt,2006,2006,5,1935,0,1973,0,3,895,Attchd,Fin,2006.0,2,0,9,Gd,Gd,Gd,Av,1,Gd,14226,110.0,20,RL,1Story,45,1,1,395000
5,816,IDOTRR,1963,1963,5,816,104,816,0,2,516,CarPort,Unf,1963.0,1,0,5,TA,Fa,Gd,Gd,0,Npfireplace,8472,110.0,90,RM,1Story,0,1,1,110000
5,768,Mitchel,1970,1970,7,768,619,768,0,2,624,Detchd,Unf,1987.0,1,0,5,TA,TA,Gd,Av,0,Npfireplace,7244,54.0,85,RL,SFoyer,0,1,1,129500
8,1953,Somerst,2005,2006,5,1082,0,1082,871,3,1043,Attchd,RFn,2005.0,2,1,9,Gd,Gd,Gd,Mn,1,Gd,10574,85.0,60,FV,2Story,50,1,1,252000
5,864,CollgCr,1972,1972,6,864,460,864,0,1,338,Attchd,Unf,1972.0,1,0,5,TA,TA,TA,Av,1,Fa,15523,36.0,20,RL,1Story,0,1,1,133500
5,2138,OldTown,1898,1965,5,849,0,1075,1063,2,360,Detchd,Unf,1910.0,2,0,11,TA,TA,TA,No,0,Npfireplace,8100,90.0,75,RM,2.5Unf,156,1,1,106000
6,1479,Sawyer,1976,2005,8,725,533,725,754,2,475,Attchd,RFn,1976.0,2,1,6,Gd,Gd,TA,No,0,Npfireplace,13517,70.0,60,RL,2Story,44,1,1,130500
7,2082,OldTown,2003,2003,5,1362,0,1362,720,2,484,Detchd,Unf,2003.0,2,1,6,Gd,TA,Gd,No,0,Npfireplace,11426,63.0,50,RM,1.5Fin,238,1,1,200000
7,1959,Mitchel,1988,1989,5,1907,0,1959,0,3,766,2Types,Unf,1989.0,3,0,9,TA,TA,TA,No,0,Npfireplace,11070,82.0,90,RL,1Story,0,1,1,171000
6,1414,NAmes,1958,2002,8,1184,528,1414,0,2,601,Attchd,Unf,1990.0,1,0,6,TA,Ex,Gd,No,1,TA,11029,87.0,20,RL,1Story,51,1,1,176500
6,2142,NAmes,1968,1968,6,896,448,1182,960,1,509,Attchd,Fin,1968.0,2,1,8,Gd,TA,Gd,No,1,Gd,13000,100.0,60,RL,2Story,72,1,1,193500
5,1343,Crawfor,1921,1950,6,731,0,820,523,1,186,Detchd,Unf,1921.0,1,1,7,TA,TA,TA,No,1,Gd,7681,54.0,50,RL,1.5Fin,0,1,1,154900
8,1992,Somerst,2003,2004,5,1053,0,1053,939,2,648,Attchd,RFn,2003.0,2,1,9,Gd,Gd,Ex,No,1,Gd,9375,75.0,60,FV,2Story,45,1,1,250000
7,767,NAmes,1998,1998,5,723,584,767,0,1,367,Attchd,Fin,1998.0,1,0,4,TA,TA,Gd,Av,0,Npfireplace,4058,34.0,120,RH,SFoyer,40,1,1,133000
5,1466,Edwards,1959,1959,4,1466,176,1466,0,2,528,Attchd,Fin,1959.0,1,1,6,Fa,TA,TA,No,2,Gd,17755,134.0,20,RL,1Story,140,1,1,149900
9,1792,NridgHt,2003,2004,5,1792,1567,1792,0,3,874,Attchd,Fin,2003.0,2,0,6,Ex,Gd,Ex,Gd,1,Gd,11846,72.0,20,RL,1Story,49,1,1,374000
5,1355,Edwards,1940,1999,7,644,351,808,547,0,0,NoGarage,NoGarage,0.0,2,0,6,TA,TA,TA,No,0,Npfireplace,10106,62.0,190,RL,1.5Fin,0,0,1,127500
6,2144,ClearCr,1958,2006,7,1444,697,1444,700,2,389,Attchd,Fin,1958.0,2,0,7,Gd,Gd,Gd,Gd,2,TA,159000,80.0,50,RL,1.5Fin,98,1,1,277000
4,861,Edwards,1940,1950,5,861,262,861,0,2,539,Detchd,Unf,1961.0,1,0,4,TA,TA,TA,No,0,Npfireplace,12342,67.0,30,RL,1Story,0,1,1,82500
7,1886,Gilbert,1998,1999,5,930,0,956,930,2,431,Attchd,Fin,1998.0,2,1,10,Gd,Gd,Gd,No,1,TA,11214,65.0,60,RL,2Story,0,1,1,199900
8,1324,NridgHt,2006,2006,5,1324,863,1324,0,2,550,Attchd,Fin,2006.0,2,0,6,Gd,Gd,Gd,No,1,Gd,6240,48.0,120,RL,1Story,38,1,1,254000
5,1786,Timber,1965,1965,6,1499,1249,1619,167,2,529,Attchd,Fin,1965.0,2,0,7,TA,TA,TA,Gd,2,Gd,164660,72.0,190,RL,1.5Fin,0,1,1,228950
4,960,Edwards,1965,1965,5,960,520,960,0,1,432,Attchd,Fin,1965.0,1,0,6,TA,TA,TA,No,0,Npfireplace,10921,73.0,20,RL,1Story,0,1,1,94750
5,1144,Sawyer,1961,1983,6,864,594,1144,0,1,264,Attchd,RFn,1961.0,1,0,6,TA,TA,TA,No,1,TA,10000,80.0,20,RL,1Story,0,1,1,131400
7,2069,NAmes,1960,2007,7,585,425,2069,0,2,505,Attchd,RFn,1960.0,2,0,9,Gd,TA,Gd,Gd,1,Gd,27650,313.0,20,RL,1Story,0,1,1,242000
5,1535,SawyerW,1979,1979,5,0,0,1535,0,2,410,Attchd,Unf,1979.0,2,0,8,TA,TA,NoBasement,NoBasement,0,Npfireplace,7018,64.0,90,RL,1Story,0,1,0,118964
7,1661,CollgCr,1996,1996,6,799,385,827,834,2,550,Attchd,RFn,1996.0,2,1,6,Gd,Gd,Gd,Av,1,TA,10667,43.0,60,RL,2Story,61,1,1,212000
5,1680,NWAmes,1976,1976,6,1680,0,1680,0,2,528,Detchd,Unf,1976.0,2,0,8,TA,TA,TA,No,0,Npfireplace,11500,80.0,90,RL,1Story,0,1,1,136905
4,1040,NAmes,1949,1950,5,0,0,1040,0,2,420,Detchd,Unf,1956.0,2,0,6,TA,TA,NoBasement,NoBasement,0,Npfireplace,7200,60.0,90,RL,1Story,0,1,0,90000
7,1223,Somerst,2005,2005,5,600,0,520,623,2,480,Detchd,RFn,2005.0,2,1,4,Gd,Gd,Gd,No,0,Npfireplace,2544,24.0,160,FV,2Story,166,1,1,147400
8,1795,Somerst,2006,2007,5,1795,0,1795,0,3,895,Attchd,RFn,2007.0,2,0,7,Gd,Gd,Ex,Av,1,Gd,9986,75.0,20,RL,1Story,49,1,1,147000
5,894,CollgCr,1972,1972,7,894,894,894,0,2,552,Attchd,Unf,1975.0,1,0,5,TA,TA,TA,No,0,Npfireplace,9800,70.0,20,RL,1Story,0,1,1,149900
5,912,NAmes,1965,2008,8,912,595,912,0,2,576,Detchd,Unf,1992.0,1,0,5,Gd,TA,TA,No,0,Npfireplace,8872,72.0,20,RL,1Story,240,1,1,147000
6,1218,BrDale,1971,1971,5,672,0,672,546,0,0,NoGarage,NoGarage,0.0,1,1,7,TA,TA,TA,No,0,Npfireplace,1680,21.0,160,RM,2Story,0,0,1,91500
10,2332,NridgHt,2007,2008,5,1682,1280,1742,590,3,846,BuiltIn,Fin,2008.0,2,1,9,Ex,Ex,Ex,Av,1,Ex,12474,96.0,60,RL,2Story,134,1,1,426000
7,1414,CollgCr,2004,2004,5,1414,24,1414,0,2,494,Attchd,RFn,2004.0,2,0,6,Gd,Gd,Gd,Av,0,Npfireplace,8773,65.0,20,RL,1Story,105,1,1,185500
6,1845,SawyerW,1992,1992,5,1055,0,1055,790,2,462,Attchd,RFn,1992.0,2,1,8,Gd,Gd,Gd,No,1,TA,11218,70.0,60,RL,2Story,104,1,1,189000
5,778,IDOTRR,1940,1955,6,740,403,778,0,1,924,Detchd,Fin,1966.0,1,0,4,TA,TA,TA,No,1,Gd,6900,71.0,30,RM,1Story,25,1,1,120500
7,2243,SawyerW,1990,1991,5,700,700,1122,1121,3,746,Attchd,RFn,1990.0,2,1,8,Gd,Gd,Gd,No,1,TA,13474,116.0,60,RL,2Story,44,1,1,225000
5,1125,Edwards,2006,2007,5,1125,0,1125,0,2,430,Attchd,Unf,2007.0,1,1,5,TA,TA,Gd,No,0,Npfireplace,8536,74.0,20,RL,1Story,64,1,1,155000
7,1768,CollgCr,2003,2003,5,884,550,884,884,2,543,Attchd,RFn,2003.0,2,1,8,Gd,Gd,Gd,No,0,Npfireplace,8158,65.0,60,RL,2Story,63,1,1,224900
4,1774,OldTown,1900,1950,2,1095,0,1095,679,3,779,2Types,Unf,1920.0,2,0,8,TA,TA,TA,No,0,Npfireplace,9600,60.0,70,RM,2Story,0,1,1,87000
3,1306,BrkSide,1940,1966,2,728,0,1306,0,0,0,NoGarage,NoGarage,0.0,1,0,6,Fa,TA,TA,No,0,Npfireplace,5350,55.0,30,RL,1Story,0,0,1,76500
5,1154,NAmes,1966,1966,6,1154,740,1154,0,2,480,Attchd,RFn,1966.0,1,1,6,TA,TA,TA,Mn,1,Po,11000,73.0,20,RL,1Story,58,1,1,154000
10,4476,NoRidge,1996,1996,5,2396,2096,2411,2065,3,813,Attchd,Fin,1996.0,3,1,10,Ex,Gd,Ex,Av,2,TA,15623,160.0,60,RL,2Story,78,1,1,745000
4,845,Mitchel,1982,2006,6,845,565,845,0,2,360,Detchd,Unf,1987.0,1,0,4,TA,TA,TA,No,0,Npfireplace,7599,69.0,20,RL,1Story,0,1,1,129500
6,1786,CollgCr,1997,1997,5,824,648,905,881,2,684,Attchd,RFn,1997.0,2,1,7,Gd,TA,Gd,No,0,Npfireplace,9337,69.0,60,RL,2Story,162,1,1,204750
6,1095,NAmes,1958,1958,5,588,513,1095,0,1,264,Attchd,RFn,1958.0,1,0,6,TA,TA,TA,Gd,0,Npfireplace,10382,75.0,190,RL,SLvl,0,1,1,140000
5,1700,NAmes,1959,1959,5,1398,1018,1700,0,2,447,Attchd,RFn,1959.0,1,1,6,Gd,TA,TA,No,1,Gd,10552,70.0,20,RL,1Story,38,1,1,165500
6,1556,NWAmes,1968,1968,6,727,298,829,727,2,441,Attchd,Unf,1968.0,1,1,8,TA,TA,TA,No,0,Npfireplace,11700,78.0,60,RL,2Story,0,1,1,154000
3,1183,OldTown,1948,2002,7,649,331,679,504,1,308,Detchd,Unf,1981.0,1,1,6,TA,TA,TA,No,0,Npfireplace,6000,50.0,50,RM,1.5Fin,176,1,1,120000
6,1888,NAmes,1966,2002,6,1517,247,1888,0,2,578,Attchd,Fin,1966.0,2,1,6,Gd,Gd,TA,No,1,Gd,16492,137.0,20,RL,1Story,0,1,1,190000
5,971,CollgCr,1969,1969,6,971,523,971,0,1,300,Attchd,Unf,1969.0,1,1,5,TA,TA,Gd,Gd,1,Po,9920,69.0,20,RL,1Story,0,1,1,128500
5,1200,Edwards,1946,1995,6,768,352,768,432,1,240,Detchd,Unf,1946.0,1,0,6,TA,TA,TA,No,0,Npfireplace,11767,70.0,50,RL,1.5Fin,0,1,1,130500
7,1964,NWAmes,1976,1976,6,803,403,1098,866,2,483,Attchd,RFn,1976.0,2,1,8,TA,TA,TA,No,1,Gd,10480,80.0,60,RL,2Story,69,1,1,205000
6,1344,Timber,1958,1958,6,819,111,1344,0,2,525,Basment,RFn,1958.0,1,0,7,Gd,TA,TA,No,1,Gd,14375,72.0,20,RL,SLvl,118,1,1,137500
6,1500,CollgCr,2005,2006,5,750,0,750,750,2,564,Attchd,RFn,2005.0,2,1,6,Gd,TA,Gd,No,0,Npfireplace,8846,68.0,60,RL,2Story,35,1,1,173900
5,1285,BrkSide,1948,2001,5,672,336,1072,213,1,240,Detchd,Unf,1948.0,1,0,6,TA,TA,TA,No,0,Npfireplace,8635,50.0,50,RM,1.5Fin,0,1,1,127000
7,1474,Gilbert,1995,1996,5,384,0,804,670,2,400,BuiltIn,Fin,1995.0,2,1,7,TA,TA,Gd,No,1,TA,8530,65.0,80,RL,SLvl,72,1,1,168500
6,1600,Gilbert,1997,1997,5,916,0,916,684,2,460,Attchd,Fin,1997.0,2,1,7,TA,TA,Gd,Av,1,TA,8773,57.0,60,RL,2Story,38,1,1,169000
8,1563,Somerst,2007,2007,5,1563,33,1563,0,3,758,Attchd,RFn,2007.0,2,0,6,Gd,TA,Gd,No,1,Gd,10206,78.0,20,RL,1Story,99,1,1,245000
8,1666,OldTown,1925,1996,7,588,0,833,833,1,228,Detchd,Unf,1925.0,1,0,7,Gd,TA,TA,No,1,Gd,5100,60.0,70,RM,2Story,63,1,1,161000
5,894,NAmes,1962,1962,5,894,0,894,0,1,308,Detchd,Unf,1962.0,1,0,5,TA,TA,TA,No,0,Npfireplace,6600,60.0,20,RL,1Story,0,1,1,109500
5,988,Sawyer,1961,1961,5,988,827,988,0,2,572,Detchd,Unf,1963.0,1,0,5,TA,TA,TA,No,0,Npfireplace,9945,70.0,20,RL,1Story,0,1,1,128500
7,1948,CollgCr,2004,2005,5,847,0,847,1101,2,434,BuiltIn,Fin,2004.0,2,1,8,Gd,Gd,Gd,No,1,Gd,12393,41.0,60,RL,2Story,48,1,1,195000
4,930,Edwards,1946,2006,7,0,0,930,0,1,308,Detchd,Unf,1946.0,1,0,6,Gd,TA,NoBasement,NoBasement,0,Npfireplace,11100,60.0,20,RL,1Story,0,1,0,84900
6,904,BrkSide,1926,2004,7,884,0,904,0,1,180,Detchd,Unf,1926.0,1,0,4,TA,Gd,TA,No,0,Npfireplace,6000,50.0,45,RM,1.5Unf,0,1,1,119000
5,1048,NAmes,1950,1950,5,0,0,1048,0,2,420,Detchd,Unf,1950.0,1,0,7,TA,TA,NoBasement,NoBasement,0,Npfireplace,7200,60.0,20,RL,1Story,27,1,0,98300
6,1204,Mitchel,1998,1998,5,1204,866,1204,0,2,412,Attchd,Fin,1998.0,2,0,5,TA,TA,Ex,No,0,Npfireplace,4500,32.0,120,RM,1Story,247,1,1,162000
4,948,Edwards,1954,1954,5,864,492,948,0,1,248,Attchd,Unf,1954.0,1,0,5,TA,TA,TA,No,0,Npfireplace,10215,75.0,20,RL,1Story,0,1,1,111000
4,1788,ClearCr,1957,1989,5,1104,0,1104,684,1,304,Attchd,Unf,1957.0,1,0,8,TA,TA,TA,Av,2,TA,11250,80.0,50,RL,1.5Fin,0,1,1,161500
4,1620,Sawyer,1976,1993,4,1281,1116,1620,0,2,490,Attchd,Unf,1993.0,2,0,8,TA,TA,TA,No,1,TA,9991,70.0,20,RL,1Story,78,1,1,150000
5,1524,NAmes,1958,1958,5,874,460,874,650,1,315,Attchd,Unf,1958.0,1,1,7,TA,TA,TA,No,0,Npfireplace,11344,78.0,50,RL,1.5Fin,0,1,1,144000
5,892,NAmes,1967,1967,5,892,432,892,0,1,288,Attchd,RFn,1967.0,1,0,5,TA,TA,TA,No,0,Npfireplace,7150,65.0,20,RL,1Story,0,1,1,100000
7,1962,CollgCr,2006,2006,5,1391,464,1391,571,3,868,Attchd,RFn,2006.0,2,1,7,Gd,Gd,Gd,Mn,0,Npfireplace,8760,73.0,60,RL,2Story,90,1,1,239799
7,1818,IDOTRR,1931,1950,4,1040,224,1226,592,1,240,Detchd,Unf,1951.0,1,1,7,TA,TA,TA,No,2,TA,7758,60.0,50,RM,1.5Fin,0,1,1,169500
6,1032,NWAmes,1978,1978,6,1032,605,1032,0,2,564,Attchd,Unf,1978.0,2,0,6,TA,TA,Gd,Av,1,TA,10395,80.0,80,RL,SLvl,0,1,1,148000
6,1484,OldTown,1914,2001,6,742,0,742,742,0,0,NoGarage,NoGarage,0.0,2,0,9,TA,TA,TA,No,1,Gd,6300,35.0,75,RM,2.5Unf,291,0,1,128000
7,1576,Somerst,2006,2006,5,770,0,778,798,2,614,Attchd,RFn,2006.0,2,1,6,Gd,Gd,Gd,No,0,Npfireplace,8125,65.0,60,FV,2Story,50,1,1,197000
6,1334,NWAmes,1977,1977,5,1350,686,1334,0,2,630,Attchd,RFn,1977.0,2,0,6,TA,TA,Gd,No,1,TA,9650,80.0,20,RL,1Story,16,1,1,167900
8,1370,NridgHt,2006,2006,5,1370,24,1370,0,2,484,Attchd,RFn,2006.0,2,0,6,Gd,Gd,Gd,Mn,1,Gd,6442,44.0,120,RL,1Story,49,1,1,202500
7,1314,NridgHt,2007,2008,5,1314,904,1314,0,2,626,Attchd,RFn,2008.0,2,0,6,Gd,Gd,Gd,No,1,Gd,5063,34.0,120,RL,1Story,62,1,1,207500
5,1572,Timber,1963,1963,4,1572,1159,1572,0,3,995,2Types,RFn,1963.0,1,1,5,TA,TA,TA,Gd,2,TA,35133,50.0,20,RL,1Story,263,1,1,186700
6,1487,Edwards,1945,1950,4,735,94,798,689,1,220,Detchd,Unf,1949.0,1,1,7,TA,TA,TA,No,1,Gd,8741,52.0,50,RL,1.5Fin,140,1,1,113000
4,864,NAmes,1971,1971,6,864,524,864,0,2,576,Detchd,Unf,1989.0,1,0,4,TA,TA,TA,No,0,Npfireplace,10500,70.0,20,RL,1Story,0,1,1,97000
6,1709,Edwards,2004,2006,5,970,0,970,739,2,380,Detchd,Unf,2004.0,2,0,7,Gd,Gd,Gd,No,0,Npfireplace,2522,24.0,160,RM,2Story,40,1,1,130000
4,1738,NAmes,1920,2007,4,715,0,1281,457,1,368,Attchd,Unf,1920.0,2,0,7,TA,TA,TA,No,1,Gd,12513,73.0,50,RL,1.5Fin,0,1,1,104900
7,1928,CollgCr,2003,2004,5,847,0,847,1081,2,434,BuiltIn,Fin,2003.0,2,1,8,Gd,Gd,Gd,No,1,Gd,8200,65.0,60,RL,2Story,48,1,1,219500
7,3222,SawyerW,1990,1990,5,1673,1470,1699,1523,3,594,Attchd,Unf,1990.0,3,0,11,Gd,TA,Gd,Mn,2,TA,12376,90.0,60,RL,2Story,0,1,1,320000
6,1314,CollgCr,2006,2006,5,1314,24,1314,0,2,440,Attchd,RFn,2006.0,2,0,6,Gd,Gd,Gd,No,1,Gd,9317,78.0,20,RL,1Story,22,1,1,176432
8,1625,Crawfor,2006,2007,5,1573,1573,1625,0,2,538,Attchd,Fin,2006.0,2,0,5,Gd,Gd,Gd,Gd,1,Gd,4750,44.0,120,RM,1Story,0,1,1,235000
5,833,Mitchel,1985,1985,5,833,625,833,0,0,0,NoGarage,NoGarage,0.0,1,0,5,TA,TA,TA,No,0,Npfireplace,8780,75.5,20,RL,1Story,0,0,1,112000
5,1077,BrkSide,1939,1950,6,991,851,1077,0,1,205,Attchd,RFn,1939.0,1,0,5,TA,TA,TA,No,2,TA,7420,50.0,190,RL,1.5Unf,4,1,1,118000
6,813,OldTown,1930,2005,8,813,0,813,0,1,270,Detchd,Unf,1932.0,1,0,5,Gd,TA,TA,No,0,Npfireplace,5684,70.0,30,RM,1Story,113,1,1,110000
4,1178,IDOTRR,1900,1950,7,859,0,859,319,1,384,Detchd,RFn,1964.0,1,0,7,TA,TA,TA,Mn,0,Npfireplace,8712,66.0,50,C (all),1.5Fin,0,1,1,102776
6,1728,Somerst,2003,2003,5,864,503,864,864,2,673,Attchd,RFn,2003.0,2,1,7,Gd,Gd,Gd,No,0,Npfireplace,8791,64.0,60,FV,2Story,56,1,1,207500
8,1826,StoneBr,2005,2006,5,1814,1422,1826,0,3,758,Attchd,Fin,2005.0,2,0,7,Gd,Gd,Gd,Gd,1,TA,11302,69.0,20,RL,1Story,75,1,1,319000
5,1367,Edwards,1900,1950,8,861,241,961,406,1,384,Detchd,Unf,1978.0,1,0,7,TA,TA,TA,No,0,Npfireplace,8405,50.0,50,RL,1.5Fin,130,1,1,119000
7,2057,Crawfor,1936,1987,7,1017,223,1020,1037,1,180,Attchd,Fin,1936.0,1,1,6,Gd,Gd,Gd,No,1,Gd,11500,86.0,50,RL,1.5Fin,0,1,1,250000
8,1694,CollgCr,2008,2008,5,1694,0,1694,0,3,776,Attchd,RFn,2008.0,2,0,7,Gd,Gd,Gd,Av,0,Npfireplace,10475,64.0,20,RL,1Story,33,1,1,245350
7,1557,Blmngtn,2003,2004,5,1374,0,1557,0,2,420,Attchd,Fin,2003.0,2,0,7,Gd,Gd,Gd,Gd,1,TA,3196,43.0,120,RL,1Story,20,1,1,234000
7,2167,Veenker,1974,2003,7,1192,125,1516,651,2,518,Attchd,RFn,1974.0,2,1,9,Gd,Gd,TA,Gd,2,Gd,17542,68.0,60,RL,2Story,47,1,1,294000
6,1611,NAmes,1964,1964,6,780,674,798,813,2,442,Attchd,RFn,1964.0,1,1,7,TA,TA,TA,Gd,0,Npfireplace,9760,80.0,60,RL,2Story,128,1,1,167900
7,1135,SWISU,1936,2007,9,560,350,575,560,2,576,Detchd,RFn,1971.0,1,0,6,Gd,Gd,Gd,No,0,Npfireplace,7200,60.0,70,RL,2Story,0,1,1,155000
6,1680,Crawfor,1988,2007,9,880,808,1680,0,2,540,Attchd,Fin,1988.0,2,0,5,Gd,Gd,Gd,No,1,Gd,21695,66.0,20,RL,1Story,44,1,1,222000
7,2156,NWAmes,1968,2003,7,1568,297,2156,0,2,508,Attchd,RFn,1968.0,2,0,9,TA,TA,TA,No,1,Gd,20781,80.0,20,RL,1Story,80,1,1,262500
5,1728,Sawyer,1963,1963,5,1728,1332,1728,0,2,504,Detchd,Unf,1963.0,2,0,10,TA,TA,TA,No,0,Npfireplace,9100,70.0,90,RM,1Story,0,1,1,125000
5,1214,Edwards,1965,1965,7,1214,698,1214,0,2,461,Detchd,Unf,1965.0,1,0,6,TA,TA,TA,No,0,Npfireplace,9170,70.0,20,RL,1Story,0,1,1,140000
5,893,NAmes,1949,2003,7,845,220,893,0,2,576,Detchd,Unf,1985.0,1,0,4,Gd,TA,TA,No,0,Npfireplace,9600,60.0,45,RL,1.5Unf,0,1,1,135000
7,1349,SawyerW,2000,2001,5,1349,0,1349,0,2,539,Attchd,Unf,2000.0,2,0,6,TA,TA,Gd,No,0,Npfireplace,8450,65.0,20,RL,1Story,55,1,1,179000
8,2358,OldTown,1872,1987,5,684,259,938,1215,0,0,NoGarage,NoGarage,0.0,2,0,8,TA,TA,TA,No,0,Npfireplace,5250,50.0,70,RM,2Story,54,0,1,122000
5,948,Sawyer,1968,1968,5,948,0,948,0,1,300,Attchd,Unf,1968.0,1,0,6,TA,TA,TA,No,0,Npfireplace,8978,70.0,20,RL,1Story,0,1,1,108000
8,2285,NoRidge,2000,2000,5,969,0,997,1288,3,648,BuiltIn,Fin,2000.0,2,1,8,Gd,Gd,Gd,No,1,TA,11000,91.0,60,RL,2Story,56,1,1,248000
5,1920,Sawyer,1958,1958,5,1052,57,1252,668,2,451,Attchd,Unf,1958.0,2,0,8,Gd,Gd,TA,No,1,Gd,13650,70.0,50,RL,1.5Fin,0,1,1,172500
7,2093,NWAmes,1986,1991,6,791,0,1236,857,2,542,Attchd,Fin,1986.0,2,1,7,TA,TA,Gd,No,1,TA,20544,46.0,60,RL,2Story,63,1,1,215000
8,1800,Timber,2002,2002,5,1800,1274,1800,0,3,765,Attchd,Fin,2002.0,2,0,7,Gd,Gd,Ex,Gd,1,Gd,14331,85.0,20,RL,1Story,78,1,1,312500
6,1683,Sawyer,1978,1978,5,918,226,918,765,2,440,Attchd,RFn,1978.0,2,1,7,TA,TA,TA,No,1,TA,11184,70.0,60,RL,2Story,0,1,1,172500
5,1466,OldTown,1936,1989,8,796,626,1096,370,2,566,Attchd,Unf,1950.0,2,0,7,Gd,TA,Fa,No,1,TA,10800,60.0,50,RL,1.5Fin,21,1,1,170000
4,1092,MeadowV,1970,1970,4,546,273,546,546,1,286,Attchd,RFn,1970.0,1,1,6,TA,TA,TA,No,0,Npfireplace,2217,21.0,160,RM,2Story,0,1,1,88000
7,1506,Blmngtn,2005,2005,5,1362,16,1506,0,2,440,Attchd,Fin,2005.0,2,0,6,Gd,Gd,Gd,Gd,1,Gd,3013,43.0,120,RL,1Story,20,1,1,213490
